CCSDS_OEM_VERS = 2.0
CREATION_DATE  = 2026-07-29T15:17:35.138
ORIGINATOR     = NASA/JSC/FOD/TOPO

META_START
OBJECT_NAME          = ISS
OBJECT_ID            = 1998-067-A
CENTER_NAME          = Earth
REF_FRAME            = EME2000
TIME_SYSTEM          = UTC
START_TIME           = 2026-07-29T12:00:00.000
USEABLE_START_TIME   = 2026-07-29T12:00:00.000
USEABLE_STOP_TIME    = 2026-08-13T12:00:00.000
STOP_TIME            = 2026-08-13T12:00:00.000
META_STOP

COMMENT Source: This file was produced by the TOPO office within FOD at JSC.
COMMENT Units are in kg and m^2
COMMENT MASS=469030.00
COMMENT DRAG_AREA=1525.10
COMMENT DRAG_COEFF=2.25
COMMENT SOLAR_RAD_AREA=0.00
COMMENT SOLAR_RAD_COEFF=0.00
COMMENT Orbits start at the ascending node epoch
COMMENT ISS first asc. node: EPOCH = 2026-07-29T12:10:16.805 $ ORBIT = 1831 $ LAN(DEG) = -39.06521
COMMENT ISS last asc. node : EPOCH = 2026-08-13T11:18:28.476 $ ORBIT = 2063 $ LAN(DEG) = -114.94543
COMMENT Begin sequence of events
COMMENT TRAJECTORY EVENT SUMMARY:
COMMENT 
COMMENT |       EVENT        |       TIG        | ORB |   DV    |   HA    |   HP    |
COMMENT |                    |       GMT        |     |   M/S   |   KM    |   KM    |
COMMENT |                    |                  |     |  (F/S)  |  (NM)   |  (NM)   |
COMMENT =============================================================================
COMMENT =============================================================================
COMMENT End sequence of events
2026-07-29T12:00:00.000 2664.202309827060 5232.327627536840 -3422.878765815060 -3.66775736633562 4.88384479610156 4.62205263480645
2026-07-29T12:04:00.000 1697.790246391270 6200.000796264920 -2202.319613512020 -4.33669385386765 3.13038582183748 5.48723520858366
2026-07-29T12:08:00.000 607.838301605993 6716.423357616290 -821.045971146233 -4.69078928754459 1.14641411099751 5.95290032563675
2026-07-29T12:12:00.000 -526.395008518698 6743.424333464770 620.207306619729 -4.70331794697115 -0.92300957364926 5.98383933902872
2026-07-29T12:16:00.000 -1622.249189218510 6278.723936264410 2016.103668571910 -4.37289734640514 -2.92578473763084 5.57722142763461
2026-07-29T12:20:00.000 -2599.827469433300 5356.203659673350 3264.584221969790 -3.72379670174113 -4.71466266167022 4.76301223665450
2026-07-29T12:24:00.000 -3387.957417166550 4043.340588241330 4274.496610811480 -2.80393267584793 -6.15873504188008 3.60149366942553
2026-07-29T12:28:00.000 -3929.424938574300 2436.070478580340 4972.315885223840 -1.68092361511862 -7.15318944832109 2.17828161208239
2026-07-29T12:32:00.000 -4185.087229883750 651.594013990654 5307.443830819740 -0.43677357980714 -7.62661899312135 0.59758744041293
2026-07-29T12:36:00.000 -4136.602284700840 -1180.244392945750 5255.758298339510 0.83823533530151 -7.54560902636112 -1.02551444902808
2026-07-29T12:40:00.000 -3787.654549175180 -2926.355370736830 4821.235105459190 2.05189163998336 -6.91663125863102 -2.57332215814072
2026-07-29T12:44:00.000 -3163.650775861010 -4459.952902308010 4035.600446722110 3.11645129618097 -5.78543879004200 -3.93362680420626
2026-07-29T12:48:00.000 -2309.897780880810 -5669.660249048500 2956.057471142800 3.95480250448367 -4.23397227427159 -5.00757855043552
2026-07-29T12:52:00.000 -1288.373640597250 -6467.591988128020 1661.206470267110 4.50599793759207 -2.37492268269515 -5.71687203758976
2026-07-29T12:56:00.000 -173.269128870978 -6795.814629118260 245.356451225720 4.72987611365850 -0.34370824916477 -6.00972498989800
2026-07-29T13:00:00.000 954.427308198597 -6630.659087599470 -1188.366163002060 4.61035685244245 1.71137292393991 -5.86497831689333
2026-07-29T13:04:00.000 2012.898800476640 -5984.449761067450 -2535.636828698250 4.15662043504741 3.64060773103621 -5.29382975890767
2026-07-29T13:08:00.000 2925.494666551940 -4904.477786051190 -3698.609495333840 3.40222921079965 5.30413836052042 -4.33867378319800
2026-07-29T13:12:00.000 3626.281891228010 -3469.376588675120 -4593.021534560520 2.40232370624725 6.58220685954885 -3.06952373722282
2026-07-29T13:16:00.000 4064.725387585180 -1783.262765232080 -5154.189440495110 1.22926485741404 7.38337768101469 -1.57849926150401
2026-07-29T13:20:00.000 4209.206246339800 31.818971909233 -5341.530315112030 -0.03262407009278 7.65048726139910 0.02689816872927
2026-07-29T13:24:00.000 4049.194188447600 1844.586050501040 -5141.359541259560 -1.29290475505592 7.36409501301893 1.63127436189740
2026-07-29T13:28:00.000 3596.001731803280 3523.768913106280 -4567.869025438280 -2.46101361502263 6.54378941808705 3.11902391342672
2026-07-29T13:32:00.000 2882.077230597360 4947.414954998400 -3662.237450115620 -3.45240416324162 5.24727766064448 4.38216818847967
2026-07-29T13:36:00.000 1958.834291243490 6011.687120660460 -2489.870168078330 -4.19455134665900 3.56705124483038 5.32803912233080
2026-07-29T13:40:00.000 893.089996539502 6638.557777775250 -1135.858618164390 -4.63246520684748 1.62448507690607 5.88635186455441
2026-07-29T13:44:00.000 -237.703208443619 6781.775946560740 301.118010543823 -4.73316342595417 -0.43856325824402 6.01498913808234
2026-07-29T13:48:00.000 -1351.154313005060 6430.542575854460 1716.064121391650 -4.48880348180947 -2.47049605119102 5.70384435038808
2026-07-29T13:52:00.000 -2366.090808370750 5610.411338484850 3005.526685913920 -3.91728273487928 -4.32196506001524 4.97578313127058
2026-07-29T13:56:00.000 -3208.592036137600 4381.352298301850 4075.324666182860 -3.06073942048450 -5.85732970643789 3.88467470783557
2026-07-29T14:00:00.000 -3817.443828095060 2833.205528250010 4847.514093294880 -1.98220832874934 -6.96486754081128 2.51103985576426
2026-07-29T14:04:00.000 -4148.579471117100 1078.920988260840 5266.047829849840 -0.76059897656403 -7.56483949198777 0.95562466463210
2026-07-29T14:08:00.000 -4178.176247479900 -753.799036450203 5300.724776143190 0.51533038710222 -7.61466369034948 -0.66825014884419
2026-07-29T14:12:00.000 -3904.267924796460 -2531.764080298000 4949.249881770920 1.75326358018857 -7.11140149986617 -2.24272309554149
2026-07-29T14:16:00.000 -3346.832551367930 -4125.863716089880 4237.331694061070 2.86371557130056 -6.09178604674066 -3.65366286484715
2026-07-29T14:20:00.000 -2546.352499264680 -5420.334983699510 3216.821690418060 3.76630757230929 -4.62968046806591 -4.79860651102722
2026-07-29T14:24:00.000 -1560.936131987090 -6321.138978535620 1962.025570971410 4.39543338127834 -2.83125983918844 -5.59409819567054
2026-07-29T14:28:00.000 -462.145297871079 -6762.868873716820 564.330324487579 4.70532929230755 -0.82746398324574 -5.98214520835511
2026-07-29T14:32:00.000 670.220447605167 -6713.571482963640 -874.465747619556 4.67355426055294 1.23555920926085 -5.93454617931121
2026-07-29T14:36:00.000 1753.977461649560 -6177.122228660430 -2249.634599031170 4.30282628383914 3.20732217772701 -5.45530094045009
2026-07-29T14:40:00.000 2710.603844035090 -5192.854580357830 -3461.259945146090 3.62069304617675 4.94471086575172 -4.58014520872617
2026-07-29T14:44:00.000 3470.948006016560 -3832.503093785860 -4421.512729332880 2.67714729694640 6.32246326677694 -3.37338033670710
2026-07-29T14:48:00.000 3980.158342401450 -2194.827802246370 -5060.929083534760 1.54060081662032 7.24188735501758 -1.92276451930114
2026-07-29T14:52:00.000 4201.521768050560 -398.413105047671 -5333.280773240300 0.29287967422378 7.63735919918682 -0.33299175329618
2026-07-29T14:56:00.000 4118.997899608830 1426.807867709550 -5218.774096218390 -0.97656835257960 7.48042056704796 1.28160812365283
2026-07-29T15:00:00.000 3738.330640773220 3148.727238258330 -4725.435969530070 -2.17664337678235 6.78150949098305 2.80481640177953
2026-07-29T15:04:00.000 3086.721172825180 4642.396318010560 -3888.635929586760 -3.22066759759337 5.58960105018268 4.12630894362637
2026-07-29T15:08:00.000 2211.030824277630 5798.995336976630 -2768.735144637600 -4.03247722151364 3.98946375400068 5.14940768870028
2026-07-29T15:12:00.000 1174.562587912010 6533.842207812730 -1446.929109633100 -4.55211436886901 2.09638418217298 5.79830707971958
2026-07-29T15:16:00.000 52.566564265375 6792.824803477610 -19.465928112165 -4.74069057732389 0.04828132713206 6.02428305986692
2026-07-29T15:20:00.000 -1073.256549305530 6556.632052623910 1409.408980707230 -4.58372839186197 -2.00460014707742 5.80989670640675
2026-07-29T15:24:00.000 -2120.819809282510 5842.353222438960 2735.216515837720 -4.09257077191303 -3.91116622810612 5.17073128541643
2026-07-29T15:28:00.000 -3013.803206951270 4702.218585912300 3861.093772175220 -3.30354991210800 -5.53163068848303 4.15416415070549
2026-07-29T15:32:00.000 -3687.296367423820 3219.581139987420 4704.967883978620 -2.27476021867313 -6.74797972996390 2.83523410248260
2026-07-29T15:36:00.000 -4092.498708067430 1502.642746799450 5205.523159415590 -1.08149046253711 -7.47236396424283 1.31075311719115
2026-07-29T15:40:00.000 -4200.187011890110 -323.554935475380 5326.569832684100 0.18941626444230 -7.65308842509177 -0.30801697918271
2026-07-29T15:44:00.000 -4002.734989596010 -2126.253975372460 5059.538676472250 1.44591477931002 -7.27782494186377 -1.90355113178022
2026-07-29T15:48:00.000 -3514.586415076170 -3774.529904104880 4424.004391129040 2.59718510074740 -6.37407499256152 -3.36018431409415
2026-07-29T15:52:00.000 -2771.207004730910 -5148.679931377370 3466.270385807140 3.55989765838042 -5.00733817922811 -4.57215343315685
2026-07-29T15:56:00.000 -1826.563271231250 -6148.875280545570 2256.071891772850 4.26413875352007 -3.27679811313629 -5.45116958305879
2026-07-29T16:00:00.000 -749.260370295684 -6702.471812239900 881.554836956901 4.65864347756857 -1.30845962121561 -5.93309424207676
2026-07-29T16:04:00.000 382.453808438062 -6769.380637581280 -557.160585937803 4.71483832468704 0.75409498865125 -5.98293002067369
2026-07-29T16:08:00.000 1486.429655974850 -6345.010246314450 -1955.342199960240 4.42897535821645 2.76049641463394 -5.59748002883342
2026-07-29T16:12:00.000 2482.641536377930 -5460.545776644100 -3211.355224705260 3.82238947466983 4.56488192167845 -4.80557446058004
2026-07-29T16:16:00.000 3299.034542984940 -4180.522827492490 -4234.103479769590 2.93968369533729 6.03690766157861 -3.66556946014218
2026-07-29T16:20:00.000 3876.694225900330 -2597.948737354480 -4949.579173366220 1.84503002041557 7.07101785230441 -2.26056301403375
2026-07-29T16:24:00.000 4173.981730667230 -827.470863108270 -5306.066413154380 0.61734278826155 7.59339425925027 -0.69209476541736
2026-07-29T16:28:00.000 4169.413625374280 1002.844265851850 -5277.724316506240 -0.65530218469416 7.56661464168827 0.92700443776860
2026-07-29T16:32:00.000 3863.147537116560 2760.571059030450 -4866.382996902550 -1.88165809679387 6.99197013425903 2.48026288756253
2026-07-29T16:36:00.000 3277.014106288900 4318.267519566560 -4101.479988293150 -2.97335863158265 5.90953105275789 3.85539591687256
2026-07-29T16:40:00.000 2453.101430822070 5562.575805558020 -3038.122510797250 -3.85097990463856 4.39604122853294 4.95205796717373
2026-07-29T16:44:00.000 1450.891334122950 6402.513810017200 -1753.317212500800 -4.44992445081856 2.56021437804855 5.68927108896012
2026-07-29T16:48:00.000 343.070273625903 6776.323353164230 -340.526848530600 -4.72551317877128 0.53545287609927 6.01183521276486
2026-07-29T16:52:00.000 -789.744690624072 6656.276966643660 1097.134514919330 -4.65683747143421 -1.52987049890760 5.89514015958496
2026-07-29T16:56:00.000 -1864.981401528840 6050.910754025120 2454.570087972990 -4.24863546922778 -3.48390323198907 5.34740149264967
2026-07-29T17:00:00.000 -2804.273902391690 5004.442397186310 3632.566264057950 -3.53099799386413 -5.18311574286048 4.40911968484793
2026-07-29T17:04:00.000 -3539.290352924520 3593.399153298180 4545.194111978310 -2.55685876389969 -6.50349554290947 3.14969865079158
2026-07-29T17:08:00.000 -4016.727340177580 1920.803990780470 5126.092708734820 -1.39766702949722 -7.34955780649055 1.66170514854700
2026-07-29T17:12:00.000 -4202.098367772130 108.508552693749 5333.195425576390 -0.13781030266837 -7.66070820561385 0.05377555593810
2026-07-29T17:16:00.000 -4082.129270209770 -1711.687565993990 5151.662138707450 1.13137228054961 -7.41510295478326 -1.55719373126165
2026-07-29T17:20:00.000 -3665.652512970890 -3407.555583927630 4594.866742145940 2.31809501096307 -6.63097371289837 -3.05438061531635
2026-07-29T17:24:00.000 -2982.942239837070 -4855.928024041790 3703.398944680750 3.33648578834305 -5.36518701546619 -4.32911019208174
2026-07-29T17:28:00.000 -2083.566925343200 -5951.579865036850 2542.171798837510 4.11261463346941 -3.70954431577813 -5.28862048508796
2026-07-29T17:32:00.000 -1032.847677470270 -6614.903178648670 1195.758496106670 4.58997552063465 -1.78449732981934 -5.86286189127153
2026-07-29T17:36:00.000 92.880574577183 -6797.799941249320 -237.748753438020 4.73390052667494 0.26947559804367 -6.01000425099091
2026-07-29T17:40:00.000 1211.868309545190 -6487.233271747140 -1653.965040292380 4.53422458786995 2.30253521789269 -5.71974853640040
2026-07-29T17:44:00.000 2242.962354706570 -5706.124235602150 -2949.902212549530 4.00602810248347 4.16676834852523 -5.01393936613979
2026-07-29T17:48:00.000 3111.541284890120 -4511.543625746780 -4031.512669928950 3.18826897779063 5.72728025629895 -3.94471305703651
2026-07-29T17:52:00.000 3754.892345512820 -2990.377561472230 -4820.489070889650 2.14056048084968 6.87196626535766 -2.59021165926881
2026-07-29T17:56:00.000 4126.640706684310 -1252.900012694560 -5259.803924085330 0.93858618765359 7.51909337412638 -1.04851263855928
2026-07-29T18:00:00.000 4199.961900666910 575.182398371188 -5317.662315895410 -0.33137653972330 7.62244415116430 0.56941597989212
2026-07-29T18:04:00.000 3969.426348636260 2361.635816024210 -4989.698108859770 -1.57830493663216 7.17413471834481 2.14725607853380
2026-07-29T18:08:00.000 3451.414873431550 3977.019742978660 -4299.323537378530 -2.71249012101462 6.20524064686604 3.57113295461376
2026-07-29T18:12:00.000 2683.069191251740 5303.891542955770 -3296.213826735030 -3.65164589525443 4.78422091017630 4.73736288162385
2026-07-29T18:16:00.000 1719.791342320920 6245.347882423920 -2052.936376568050 -4.32684936706864 3.01287301586394 5.56007688152631
2026-07-29T18:20:00.000 631.373752861360 6732.268991671930 -659.847727888711 -4.68792041394916 1.01959247990098 5.97790385113377
2026-07-29T18:24:00.000 -503.031751211115 6728.646618992100 781.440646698492 -4.70761538808124 -1.04979318125259 5.95912176011290
2026-07-29T18:28:00.000 -1600.756517185830 6234.467255036410 2165.586281542100 -4.38411062953388 -3.04313720905688 5.50463402878247
2026-07-29T18:32:00.000 -2581.790425495300 5285.783456344440 3391.411938307320 -3.74121726215301 -4.81401908028824 4.64798532376708
2026-07-29T18:36:00.000 -3374.727669498310 3951.965765625860 4369.447406294780 -2.82633181542685 -6.23294982636731 3.45252260353385
2026-07-29T18:40:00.000 -3922.010198383070 2330.448103876540 5028.513220276850 -1.70668575996174 -7.19700940096871 2.00628612726771
2026-07-29T18:44:00.000 -4184.067692930350 539.423262700552 5320.838644495230 -0.46395438160658 -7.63706949178872 0.41505385722811
2026-07-29T18:48:00.000 -4142.061660085080 -1290.828686309090 5225.388470766220 0.81178147458678 -7.52200948309452 -1.20549343718622
2026-07-29T18:52:00.000 -3799.169710007340 -3027.324798048080 4749.278421471880 2.02819986642458 -6.86056765656268 -2.73779384269917
2026-07-29T18:56:00.000 -3180.340209204910 -4543.939788015400 3927.240660310500 3.09728550497841 -5.70081160481737 -4.07065194326479
2026-07-29T19:00:00.000 -2330.506165517290 -5730.494339179420 2819.135312935360 3.94149605223955 -4.12682022087843 -5.10711127416915
2026-07-29T19:04:00.000 -1311.381993164160 -6500.767577320370 1505.661897507440 4.49941031992291 -2.25300786887427 -5.77155332232324
2026-07-29T19:08:00.000 -197.005388781351 -6798.852985504140 82.513222243205 4.73043165672505 -0.21603502680052 -6.01549742481218
2026-07-29T19:12:00.000 931.678383607320 -6603.304763990410 -1346.652373632190 4.61797543983890 1.83540632911755 -5.82147658233878
2026-07-29T19:16:00.000 1992.777293420440 -5928.679263146210 -2677.861218675580 4.17076366080670 3.75192926420252 -5.20431289582879
2026-07-29T19:20:00.000 2909.453651520790 -4824.337253448420 -3814.455405382090 3.42188399280712 5.39466982179090 -4.20971786543005
2026-07-29T19:24:00.000 3615.479794268100 -3370.675943302730 -4674.100969950440 2.42606240626856 6.64540530697681 -2.91053129516064
2026-07-29T19:28:00.000 4059.941409374080 -1673.150556173440 -5194.644866681770 1.25536998211504 7.41470328101415 -1.40101371551321
2026-07-29T19:32:00.000 4210.783510404300 145.373995726411 -5338.445913976390 -0.00603699289240 7.64767857586759 0.21004135940829
2026-07-29T19:36:00.000 4057.017970827280 1953.366833339300 -5094.967174523200 -1.26775630329084 7.32735506006110 1.80684219258400
2026-07-29T19:40:00.000 3609.503311125120 3619.898744491310 -4481.531623766130 -2.43913929989746 6.47573639930370 3.27430502402077
2026-07-29T19:44:00.000 2900.271160943250 5023.918592774220 -3542.215751064090 -3.43541394073755 5.15275624383745 4.50586615144099
2026-07-29T19:48:00.000 1980.395900130430 6062.992123788980 -2344.889323559030 -4.18363771871607 3.45286825888895 5.41103741892687
2026-07-29T19:52:00.000 916.462109124425 6660.928297304290 -976.494834406970 -4.62839089261471 1.49905402281669 5.92246599283973
2026-07-29T19:56:00.000 -214.217352841592 6773.613015981450 463.221453513588 -4.73630377752554 -0.56601585732034 6.00156250764940
2026-07-29T20:00:00.000 -1329.271544563220 6392.484846923910 1869.062285055400 -4.49893697789348 -2.59063206812858 5.64186140317602
2026-07-29T20:04:00.000 -2347.410551111340 5545.293902307970 3138.245839212700 -3.93368471415219 -4.42593322841965 4.86982953998893
2026-07-29T20:08:00.000 -3194.494482402620 4293.997741085960 4178.096475890720 -3.08231087650520 -5.93755587678173 3.74261988705684
2026-07-29T20:12:00.000 -3808.994129121450 2730.032326269450 4912.881678173030 -2.00740540230390 -7.01568710813199 2.34329453980044
2026-07-29T20:16:00.000 -4146.424798205180 967.459586935896 5289.279560730860 -0.78753115822679 -7.58268790706509 0.77437982744771
2026-07-29T20:20:00.000 -4182.488422672140 -865.446913672367 5280.147837684340 0.48873040563795 -7.59837541743521 -0.84987111858575
2026-07-29T20:24:00.000 -3914.711482809710 -2635.500977545930 4886.348767774490 1.72910711602619 -7.06214483015883 -2.41167906150471
2026-07-29T20:28:00.000 -3362.592383510970 -4214.139197928700 4136.633461686200 2.84383942858256 -6.01294300275149 -3.79775841491392
2026-07-29T20:32:00.000 -2566.227235873260 -5486.677000782330 3085.600794970310 3.75208772569223 -4.52684580647348 -4.90731094743338
2026-07-29T20:36:00.000 -1583.445605212420 -6360.644899699660 1809.788451169140 4.38781446009135 -2.71181586193302 -5.65943855286157
2026-07-29T20:40:00.000 -485.642931410399 -6772.576386678420 402.138778557936 4.70474594552335 -0.70012608899591 -5.99923007379761
2026-07-29T20:44:00.000 647.428318086420 -6692.713500881760 -1034.802820020800 4.67997703295466 1.36135464494511 -5.90212282446666
2026-07-29T20:48:00.000 1733.524855942510 -6127.184463992170 -2396.458418287010 4.31578040571025 3.32237044554030 -5.37580724516884
2026-07-29T20:52:00.000 2693.955763074790 -5117.445582753550 -3583.908580753120 3.63925257598221 5.04063093079247 -4.45941511763736
2026-07-29T20:56:00.000 3459.296940434930 -3737.080182704490 -4511.091645600700 2.69997545054630 6.39231507751907 -3.22020907354310
2026-07-29T21:00:00.000 3974.335205434630 -2086.293999053810 -5110.946179298770 1.56604074112354 7.28063357822899 -1.74825559846799
2026-07-29T21:04:00.000 4201.930789649240 -284.616742762060 -5340.107113069230 0.31905047307389 7.64219741853208 -0.14975887858781
2026-07-29T21:08:00.000 4125.583124456040 1537.630743601990 -5181.900698600940 -0.95158287758798 7.45094339032495 1.46032670376355
2026-07-29T21:12:00.000 3750.586919618380 3248.541394953640 -4647.515165103740 -2.15466132659799 6.71979169365353 2.96607875506330
2026-07-29T21:16:00.000 3103.729191849720 4723.945924513190 -3775.295527439730 -3.20329350012339 5.50001884398196 4.25840655968633
2026-07-29T21:20:00.000 2231.527486578390 5856.322185090900 -2628.185738295630 -4.02095134676882 3.87840957794019 5.24264162374085
2026-07-29T21:24:00.000 1197.038750396450 6562.730576453400 -1289.393778475500 -4.54723493777981 1.97189985345263 5.84572593357472
2026-07-29T21:28:00.000 75.382843188133 6791.135594834370 143.554828613658 -4.74274754437095 -0.08045908488672 6.02228296943287
2026-07-29T21:32:00.000 -1051.757452429180 6524.492195060210 1565.995705205030 -4.59259581030249 -2.12804167173006 5.75862229832267
2026-07-29T21:36:00.000 -2102.213101342880 5782.133795738390 2873.930235033290 -4.10765821841847 -4.02029309292059 5.07397815257536
2026-07-29T21:40:00.000 -2999.456757388010 4618.340407557650 3971.807790196770 -3.32374964753842 -5.61844570266281 4.01903435386123
2026-07-29T21:44:00.000 -3678.268388649210 3118.197113147250 4779.619616296730 -2.29861610795829 -6.80616633710748 2.67170267570612
2026-07-29T21:48:00.000 -4089.465734536950 1391.163901740310 5238.701554756420 -1.10728629244343 -7.49781288244149 1.13077943811835
2026-07-29T21:52:00.000 -4203.387358479290 -437.014026393725 5315.878279226640 0.16359566318028 -7.64405177561088 -0.49140393533033
2026-07-29T21:56:00.000 -4011.937559126300 -2233.451898256970 5005.757480977100 1.42204362426910 -7.23500623233988 -2.07706325608299
2026-07-29T22:00:00.000 -3529.095941167110 -3867.681060957400 4331.034630661010 2.57711566552044 -6.30053675128622 -3.51125150982701
2026-07-29T22:04:00.000 -2789.923404720540 -5221.000310328640 3340.856273839660 3.54511723235911 -4.90832260667835 -4.68980413023067
2026-07-29T22:08:00.000 -1848.086651365730 -6195.071106325800 2107.318661992680 4.25566374347106 -3.15942969216725 -5.52682145591344
2026-07-29T22:12:00.000 -771.999770973371 -6719.136247786080 720.273321785471 4.65703350859459 -1.18123503486982 -5.96119379312495
2026-07-29T22:16:00.000 360.159525076557 -6755.254214154280 -719.231828166207 4.72011864428556 0.88187541870986 -5.96136477346127
2026-07-29T22:20:00.000 1466.191809795440 -6301.096690389090 -2106.401088948990 4.44073202086794 2.87941306489611 -5.52785200827297
2026-07-29T22:24:00.000 2465.924680627840 -5390.033043415300 -3340.417561517000 3.83979939274097 4.66627698054161 -4.69302580975863
2026-07-29T22:28:00.000 3287.052273455330 -4088.525255982540 -4331.797687562520 2.96148444811194 6.11347366460538 -3.51831354548178
2026-07-29T22:32:00.000 3870.311947516410 -2491.123446075320 -5008.814095742740 1.86960090937883 7.11727473608625 -2.08926665388545
2026-07-29T22:36:00.000 4173.643810031830 -713.537072889140 -5322.528171652590 0.64281972403257 7.60601231980771 -0.50910145229627
2026-07-29T22:40:00.000 4175.103500530700 1115.647566778110 -5250.178650008750 -0.63086972408139 7.54461090513244 1.10852045495898
2026-07-29T22:44:00.000 3874.391251104450 2864.057644018990 -4796.769199881640 -1.86009000315132 6.93677900932563 2.64717747625916
2026-07-29T22:48:00.000 3292.932243193310 4404.889676936110 -3994.790432603630 -2.95620752343842 5.82502090404924 3.99555494230494
2026-07-29T22:52:00.000 2472.479534700300 5625.979086921050 -2902.054412638570 -3.83947047838841 4.28821593785906 5.05520856828018
2026-07-29T22:56:00.000 1472.271979042670 6437.998236719560 -1597.730171841050 -4.44483142208540 2.43679380367957 5.74774884171118
2026-07-29T23:00:00.000 364.872251832680 6781.207408812320 -176.747304446832 -4.72709850237083 0.40544756413897 6.02117732919374
2026-07-29T23:04:00.000 -769.109544313027 6630.133180568360 1257.140217664520 -4.66490850885378 -1.65681053703794 5.85453091113087
2026-07-29T23:08:00.000 -1847.007365550940 5995.623616931060 2599.096212291550 -4.26261660253187 -3.59831095744732 5.25982021153381
2026-07-29T23:12:00.000 -2790.273355062860 4924.057572841160 3751.053752159700 -3.54993836783428 -5.27656896132311 4.28105804567324
2026-07-29T23:16:00.000 -3530.300591612770 3493.799616197180 4629.007270799750 -2.57941774045250 -6.56919146117594 2.99058932649362
2026-07-29T23:20:00.000 -4013.421411609880 1809.266944157100 5169.143776474170 -1.42218457557462 -7.38273481265960 1.48322201592296
2026-07-29T23:24:00.000 -4204.737741619100 -6.828636090143 5332.384766791770 -0.16254001108233 -7.65902880099751 -0.13102093259460
2026-07-29T23:28:00.000 -4090.549148039130 -1822.437527237600 5107.084972586740 1.10823126303118 -7.37879892192175 -1.73490130455757
2026-07-29T23:32:00.000 -3679.260826655420 -3505.681180951070 4509.791361871540 2.29826966006985 -6.56272303526760 -3.21209940621168
2026-07-29T23:36:00.000 -3000.759679752380 -4934.316230893760 3584.035599137520 3.32145451250235 -5.26996300839904 -4.45538182508706
2026-07-29T23:40:00.000 -2104.301084804070 -6004.555065585800 2397.225173585180 4.10349370107233 -3.59429754951901 -5.37423848913188
2026-07-29T23:44:00.000 -1054.987152728090 -6638.648255735270 1035.797399795220 4.58745983491250 -1.65765342175809 -5.90160796771130
2026-07-29T23:48:00.000 70.954358276796 -6790.629840189940 -401.070994260767 4.73818258194887 0.39867965885781 -5.99909658645113
2026-07-29T23:52:00.000 1191.760542120840 -6449.719632891070 -1808.756811285510 4.54501101871245 2.42463859289701 -5.66001824905503
2026-07-29T23:56:00.000 2226.155604741890 -5641.057286490850 -3084.912410585300 4.02259009046662 4.27288678768305 -4.90985262310200
2026-07-30T00:00:00.000 3099.288751038540 -4423.702549427870 -4136.957831711510 3.20942965279227 5.80981307037560 -3.80393808359692
2026-07-30T00:04:00.000 3748.118754214570 -2886.161761476580 -4888.747908085090 2.16477032929554 6.92508791980120 -2.42297991600894
2026-07-30T00:08:00.000 4125.859470340350 -1139.858748995030 -5285.943071548540 0.96398544091286 7.53908238105066 -0.86686091747259
2026-07-30T00:12:00.000 4205.220685669980 688.875949185165 -5299.772864465310 -0.30677018779774 7.60784421758411 0.75245757800852
2026-07-30T00:16:00.000 3980.303201440050 2467.743035999080 -4929.033678891190 -1.55639501129287 7.12586619059780 2.31850943964457
2026-07-30T00:20:00.000 3467.059549371260 4067.809393745090 -4200.230760591830 -2.69490974893923 6.12661120791596 3.71815376563199
2026-07-30T00:24:00.000 2702.284422307310 5372.704050326180 -3165.842169358300 -3.63965050430741 4.68080697834199 4.84939642916350
2026-07-30T00:28:00.000 1741.124452404690 6287.091596475260 -1900.729384410020 -4.32129714659055 2.89207157567047 5.62886744940765
2026-07-30T00:32:00.000 653.228213781977 6743.796455483030 -496.872764302778 -4.68913571517762 0.89013398994178 5.99826506049999
2026-07-30T00:36:00.000 -482.267967530359 6709.011045350900 943.288876309872 -4.71541786742177 -1.17841833507986 5.92940373283151
2026-07-30T00:40:00.000 -1582.595866772560 6185.018836517350 2314.464749057130 -4.39785711233470 -3.16140621941383 5.42692837013570
2026-07-30T00:44:00.000 -2567.542039891890 5210.085136926650 3516.417506452620 -3.75987711128400 -4.91312904841969 4.52798405829488
2026-07-30T00:48:00.000 -3365.420931062450 3855.530620923400 4461.437955486810 -2.84861094790153 -6.30559479102449 3.29910083510440
2026-07-30T00:52:00.000 -3918.325889331090 2220.299727532680 5080.778458841160 -1.73096649182023 -7.23795204701860 1.83069077908711
2026-07-30T00:56:00.000 -4186.270589650060 423.575551229680 5329.569080546460 -0.48843507452673 -7.64332127660253 0.23008075260510
2026-07-30T01:00:00.000 -4149.990339907460 -1403.941063143150 5189.952644845460 0.78882961090612 -7.49311721423122 -1.38631455391993
2026-07-30T01:04:00.000 -3812.255611956320 -3129.479768943590 4672.268689942680 2.00844160103735 -6.79870879374071 -2.90131453273673
2026-07-30T01:08:00.000 -3197.638685500630 -4627.721122287300 3814.270850157190 3.08215145435622 -5.61050225714373 -4.20496544240701
2026-07-30T01:12:00.000 -2350.768979975890 -5789.829531066460 2678.438848772860 3.93207092820620 -4.01466519397280 -5.20243598980580
2026-07-30T01:16:00.000 -1333.151616494070 -6531.376544282980 1347.492174479740 4.49635562827487 -2.12725647354678 -5.82095467620629
2026-07-30T01:20:00.000 -218.714840488429 -6798.567109817980 -81.611078865279 4.73399024795996 -0.08591664203790 -6.01541860274477
2026-07-30T01:24:00.000 911.601975364802 -6572.223773966240 -1504.790422124590 4.62795443103783 1.96034113142068 -5.77199012592344
2026-07-30T01:28:00.000 1975.805408747970 -5869.156470209890 -2818.529242229860 4.18651518026390 3.86256398746997 -5.10912923562344
2026-07-30T01:32:00.000 2896.854136776800 -4740.789898059370 -3927.471736121740 3.44236144036972 5.48304644376706 -4.07589652479248
2026-07-30T01:36:00.000 3608.220314028150 -3269.230079625650 -4751.318945827920 2.44981006853296 6.70530960338019 -2.74784927570106
2026-07-30T01:40:00.000 4058.598116851390 -1561.182518702470 -5230.516417877160 1.28060860958590 7.44197893707512 -1.22122258691755
2026-07-30T01:44:00.000 4215.481119570370 259.762536941095 -5330.396086301910 0.01872972156957 7.64045303292629 0.39406644908373
2026-07-30T01:48:00.000 4067.405493726930 2061.901500394310 -5043.563425711060 -1.24541807279339 7.28606665344443 1.98191994135184
2026-07-30T01:52:00.000 3624.785171031440 3714.692202994130 -4390.459119566740 -2.42094906991418 6.40317387635844 3.42778207231954
2026-07-30T01:56:00.000 2919.284589124530 5098.029825030490 -3418.044284850470 -3.42269167440180 5.05399589228276 4.62650686576616
2026-07-30T02:00:00.000 2001.711880840120 6110.950511279910 -2196.624397462590 -4.17728795753464 3.33501260651335 5.48992839796729
2026-07-30T02:04:00.000 938.487114424694 6679.152467853590 -814.923842310135 -4.62886196599547 1.37062587931881 5.95376245263626
2026-07-30T02:08:00.000 -193.119591945579 6760.672934584130 626.312286884440 -4.74349958342398 -0.69568856402148 5.98282210250567
2026-07-30T02:12:00.000 -1310.654330230510 6349.233396943340 2021.739266007950 -4.51227685804774 -2.71198960003634 5.57434250522906
2026-07-30T02:16:00.000 -2332.634240327200 5474.821051735510 3269.323022936930 -3.95215074347227 -4.53001853142406 4.75845938768489
2026-07-30T02:20:00.000 -3184.628380295370 4201.398851057620 4277.969427366920 -3.10450147961406 -6.01670760816889 3.59555343165641
2026-07-30T02:24:00.000 -3804.740739024470 2622.036231338150 4974.235868724890 -2.03170679128658 -7.06406468881099 2.17135489515449
2026-07-30T02:28:00.000 -4148.080934408770 851.916937214252 5307.628665168780 -0.81216705716859 -7.59682011759614 0.59012840124358
2026-07-30T02:32:00.000 -4189.913314315900 -980.140314347605 5254.133646768710 0.46558365677466 -7.57719224630749 -1.03305374847232
2026-07-30T02:36:00.000 -3927.349901571710 -2740.994975096960 4817.845689363070 1.70905809438913 -7.00714233120670 -2.58039151105588
2026-07-30T02:40:00.000 -3379.526186938750 -4302.758285836480 4030.626640418150 2.82831497855971 -5.92819210280164 -3.93966390436658
2026-07-30T02:44:00.000 -2586.227304286850 -5551.987221614470 2949.812818740550 3.74221042411124 -4.41855207081109 -5.01205998089893
2026-07-30T02:48:00.000 -1605.064078296580 -6397.920512811880 1654.114285394030 4.38428517091161 -2.58793063985399 -5.71939077539567
2026-07-30T02:52:00.000 -507.315260378912 -6779.154836688680 237.924324795108 4.70783392226350 -0.56978895818527 -6.01001865725872
2026-07-30T02:56:00.000 627.279481749560 -6668.196422362090 -1195.598840979590 4.68951973925013 1.48855185903389 -5.86303645482463
2026-07-30T03:00:00.000 1716.383203429090 -6073.451763989010 -2542.149940017650 4.33115241944304 3.43715377070300 -5.28981406707090
2026-07-30T03:04:00.000 2681.099683112940 -5038.500285184120 -3703.941785181540 3.65938891739028 5.13468458967531 -4.33292067888029
2026-07-30T03:08:00.000 3451.708354546150 -3638.740059083320 -4596.812880768240 2.72348210049542 6.45893275182752 -3.06253280341891
2026-07-30T03:12:00.000 3972.626276542150 -1975.738445176310 -5156.212416818840 1.59122012658051 7.31522984614410 -1.57084233300848
2026-07-30T03:16:00.000 4206.273151468400 -169.858556157653 -5341.690237734680 0.34396681232829 7.64242606575780 0.03466738829926
2026-07-30T03:20:00.000 4135.676903310070 1648.296186350910 -5139.699970510690 -0.92889111745443 7.41680291670947 1.63857640858655
2026-07-30T03:24:00.000 3765.677744949560 3347.096534264990 -4564.564827535090 -2.13598220853135 6.65358690606626 3.12535100059794
2026-07-30T03:28:00.000 3122.676318449050 4803.197983135580 -3657.575130488530 -3.19003144703958 5.40631332036312 4.38709296511079
2026-07-30T03:32:00.000 2252.908875536990 5910.434298621800 -2484.228416658420 -4.01404030790849 3.76387866423689 5.33123341517628
2026-07-30T03:36:00.000 1219.270125748320 6587.676878857650 -1129.680649381990 -4.54709780685060 1.84488578461644 5.88760829564293
2026-07-30T03:40:00.000 96.828202131713 6785.028644248000 307.364237499174 -4.74939813951079 -0.21063062154399 6.01431402195387
2026-07-30T03:44:00.000 -1032.678150891740 6487.720703022540 1721.925274575850 -4.60553279046362 -2.25182908284933 5.70132058876542
2026-07-30T03:48:00.000 -2086.899243001270 5717.341530587030 3010.570851413220 -4.12590724515248 -4.12856552715672 4.97153290955409
2026-07-30T03:52:00.000 -2989.032462177130 4530.234202891800 4079.168526273650 -3.34600152271130 -5.70327215490828 3.87898092231702
2026-07-30T03:56:00.000 -3673.504521809630 3013.181689240670 4849.854140436450 -2.32324037601282 -6.86138614467136 2.50426645385368
2026-07-30T04:00:00.000 -4090.714936812160 1276.876586817300 5266.676122042210 -1.13246112094782 -7.51938951998391 0.94821884998793
2026-07-30T04:04:00.000 -4210.558219026750 -552.263701948082 5299.554336186380 0.13972871329579 -7.63045311927305 -0.67574326298926
2026-07-30T04:08:00.000 -4024.501995772890 -2341.289735818540 4946.322306547830 1.40123368338882 -7.18720592528091 -2.24978899678022
2026-07-30T04:12:00.000 -3546.141149347370 -3960.263885611700 4232.813035708770 2.56079640647087 -6.22199352068575 -3.65976450312874
2026-07-30T04:16:00.000 -2810.231154558400 -5291.601825179100 3211.005744974130 3.53441064716255 -4.80482570207097 -4.80324859603734
2026-07-30T04:20:00.000 -1870.207701586420 -6238.587566584090 1955.308144144550 4.25135394991324 -3.03861723149391 -5.59690973551289
2026-07-30T04:24:00.000 -794.348520075971 -6732.463648972000 557.187707918122 4.65946472621890 -1.05202756112374 -5.98284431979972
2026-07-30T04:28:00.000 339.195554591932 -6737.513482687600 -881.515103841744 4.72916804462893 1.00997138770327 -5.93308801875656
2026-07-30T04:32:00.000 1448.140649749560 -6253.689487288860 -2256.090490062930 4.45582430863422 2.99702757674112 -5.45184574989142
2026-07-30T04:36:00.000 2452.125137346790 -5316.519972448870 -3466.673634536850 3.85993821186019 4.76490156127129 -4.57497205057917
2026-07-30T04:40:00.000 3278.556086545430 -3994.339110220620 -4425.518489241590 2.98527461337007 6.18610958894126 -3.36689947214875
2026-07-30T04:44:00.000 3867.792759768640 -2383.154554892900 -5063.274629695830 1.89531425149067 7.15882614058050 -1.91550857510144
2026-07-30T04:48:00.000 4177.336101606240 -599.630473249577 -5333.851003646810 0.66853529856337 7.61366929700189 -0.32553974995412
2026-07-30T04:52:00.000 4184.768605242970 1227.253314733310 -5217.581629454240 -0.60713982055457 7.51789647967981 1.28876154929372
2026-07-30T04:56:00.000 3889.324165782390 2965.289978743900 -4722.612056980530 -1.84021139474989 6.87754928057153 2.81118472384421
2026-07-30T05:00:00.000 3312.015167024890 4488.390564716190 -3884.418972225980 -2.94172144969708 5.73734240692111 4.13148684304026
2026-07-30T05:04:00.000 2494.282909303550 5685.618042217700 -2763.454320521660 -3.83141320261791 4.17823909536298 5.15304201394135
2026-07-30T05:08:00.000 1495.180782228040 6469.350055077910 -1440.985735673850 -4.44372124624843 2.31249399771363 5.80016638740365
2026-07-30T05:12:00.000 387.206066528868 6781.915743242470 -13.302301935887 -4.73296272147316 0.27596495920821 6.02424763100220
2026-07-30T05:16:00.000 -748.978146039913 6600.098524954380 1415.339022254940 -4.67728389897943 -1.78193340075904 5.80801185446762
2026-07-30T05:20:00.000 -1830.542370630340 5937.009620454740 2740.487127728220 -4.28060768758385 -3.70988846421977 5.16713574781223
2026-07-30T05:24:00.000 -2778.672160274790 4841.119913677850 3865.307974326830 -3.57223013828303 -5.36644188630939 4.14898436898848
2026-07-30T05:28:00.000 -3524.411265028360 3392.577348532360 4707.780007096720 -2.60444629253095 -6.63076419256693 2.82881095893172
2026-07-30T05:32:00.000 -4013.690310514860 1697.126655007320 5206.691670467770 -1.44815671747843 -7.41160319689310 1.30355487996026
2026-07-30T05:36:00.000 -4211.158436565920 -121.740726396392 5325.964391113540 -0.18750965667899 -7.65311477311502 -0.31551277590646
2026-07-30T05:40:00.000 -4102.653147227830 -1931.772506273710 5057.157191442010 1.08613130428352 -7.33852187926456 -1.91074997051257
2026-07-30T05:44:00.000 -3696.160227331700 -3601.494788698720 4419.989771815720 2.28064719182221 -6.49100518116939 -3.36650120477867
2026-07-30T05:48:00.000 -3021.224265931950 -5009.645360695540 3460.895924752110 3.30953886096562 -5.17201990490947 -4.57710016591149
2026-07-30T05:52:00.000 -2126.854459119850 -6053.929229535050 2249.711232971310 4.09810025374787 -3.47728041453378 -5.45438905772820
2026-07-30T05:56:00.000 -1078.011497097920 -6658.500819705440 874.655029593325 4.58895166359068 -1.53018005692049 -5.93433423097481
2026-07-30T06:00:00.000 49.110143331986 -6779.571340956270 -564.105268503449 4.74647621592979 0.52720425957959 -5.98205327234942
2026-07-30T06:04:00.000 1172.676191877120 -6408.635247201040 -1961.827051175890 4.55958970715638 2.54480174118188 -5.59455508970485
2026-07-30T06:08:00.000 2211.229869063510 -5573.019151514010 -3216.915467648930 4.04246822581583 4.37597541243319 -4.80084756079700
2026-07-30T06:12:00.000 3089.636127841220 -4333.726830848280 -4238.349876588880 3.23323274242642 5.88845407208406 -3.65941829702350
2026-07-30T06:16:00.000 3744.479567733030 -2780.818105031510 -4952.223260979050 2.19076781406522 6.97376363301777 -2.25344332253450
2026-07-30T06:20:00.000 4128.528415688790 -1026.790946896540 -5306.935964029910 0.99021745887485 7.55439530393861 -0.68451671363833
2026-07-30T06:24:00.000 4214.011317594250 801.485123571929 -5276.775287009990 -0.28231949218805 7.58873621163372 0.93449475393351
2026-07-30T06:28:00.000 3994.557113539400 2571.744911511090 -4863.694045850460 -1.53561371963716 7.07365971131270 2.48719736597321
2026-07-30T06:32:00.000 3485.697186073580 4155.647434636420 -4097.239534439400 -2.67939357254156 6.04490482281617 3.86131810232591
2026-07-30T06:36:00.000 2723.892862998600 5437.942125910040 -3032.621834655270 -3.63055532119422 4.57528371372960 4.95657718799047
2026-07-30T06:40:00.000 1764.085264274130 6324.881903639470 -1746.936996253840 -4.31916568724640 2.77026356352985 5.69202690474724
2026-07-30T06:44:00.000 675.855424280770 6751.287665501630 -333.721322344623 -4.69402212340466 0.76101985630116 6.01260054025467
2026-07-30T06:48:00.000 -461.619943392026 6685.595533508940 1103.874794942200 -4.72692200207712 -1.30526017310123 5.89382562659813
2026-07-30T06:52:00.000 -1565.423406136990 6132.376157116130 2460.747085568130 -4.41514518896152 -3.27660742295971 5.34404331840775
2026-07-30T06:56:00.000 -2555.094618062280 5132.051487828670 3637.710791146340 -3.78172422862496 -5.00822412768881 4.40391040777359
2026-07-30T07:00:00.000 -3358.611080286880 3757.801139884350 4548.894475872870 -2.87346452299700 -6.37362313304430 3.14294034020905
2026-07-30T07:04:00.000 -3917.666623920800 2110.008652982700 5128.037521594090 -1.75706157547289 -7.27397952757740 1.65393522012552
2026-07-30T07:08:00.000 -4191.837362405760 308.753663853854 5333.217085315760 -0.51390675853472 -7.64484473137557 0.04562334553205
2026-07-30T07:12:00.000 -4161.403562467470 -1514.959234910420 5149.741070004900 0.76588896943223 -7.46008228940687 -1.56512963412716
2026-07-30T07:16:00.000 -3828.697701732890 -3228.634279730880 4591.132108315640 1.98972888367294 -6.73348648042474 -3.06144693594505
2026-07-30T07:20:00.000 -3217.924702479230 -4707.816225364060 3698.130620613750 3.06902810275473 -5.51786742453219 -4.33474903281602
2026-07-30T07:24:00.000 -2373.433336660810 -5845.062138191030 2535.764515502520 3.92550132924417 -3.90138314281645 -5.29241597499315
2026-07-30T07:28:00.000 -1356.551794148600 -6557.760421942530 1188.689217771540 4.49682809654336 -2.00161359837879 -5.86455715220828
2026-07-30T07:32:00.000 -241.154926166274 -6794.232392879960 -244.962619009526 4.74147373663664 0.04285034956137 -6.00950208006626
2026-07-30T07:36:00.000 891.752820664222 -6537.555636680940 -1660.795236584870 4.64193791042803 2.08280003212824 -5.71707847361956
2026-07-30T07:40:00.000 1960.000026336410 -5806.755515079950 -2955.855591120590 4.20603473406625 3.96981241272155 -5.00936206187606
2026-07-30T07:44:00.000 2886.263652486160 -4655.257979188160 -4036.178147952000 3.46603765835277 5.56740267433394 -3.93863008230346
2026-07-30T07:48:00.000 3603.642645162230 -3166.816835065960 -4823.559200995090 2.47593426246578 6.76080458912648 -2.58307898249922
2026-07-30T07:52:00.000 4060.391736699910 -1449.321944058980 -5261.084614040680 1.30723974666671 7.46475401839011 -1.04081604063948
2026-07-30T07:56:00.000 4223.521382286080 372.979280851798 -5317.078047744190 0.04381460257098 7.62890354166653 0.57717620250891
2026-07-30T08:00:00.000 4081.085392752060 2168.277985553640 -4987.296655488280 -1.22380627156696 7.24094542405297 2.15454818396293
2026-07-30T08:04:00.000 3643.066137340980 3806.502846081180 -4295.277869200540 -2.40446574325716 6.32761843843818 3.57747420966461
2026-07-30T08:08:00.000 2940.778026414890 5168.561941976610 -3290.800499350360 -3.41256547337635 4.95328062944252 4.74235477758031
2026-07-30T08:12:00.000 2024.797674952980 6154.991503065540 -2046.523481043790 -4.17421078805964 3.21629323496415 5.56335766325394
2026-07-30T08:16:00.000 961.451421143559 6693.390201065900 -652.883477742382 -4.63291804370929 1.24252560466310 5.97917852745226
2026-07-30T08:20:00.000 -171.946547904788 6743.993124482290 788.455140103623 -4.75426964789677 -0.82362123016940 5.95825846201297
2026-07-30T08:24:00.000 -1292.797168606570 6302.824687621170 2172.134904335040 -4.52897626489665 -2.83025810740393 5.50161875016163
2026-07-30T08:28:00.000 -2319.383717818890 5402.072973202530 3396.988085744480 -3.97361377573711 -4.62988598089984 4.64293458555945
2026-07-30T08:32:00.000 -3176.952870179120 4107.642825217220 4373.599145172770 -3.12922997882880 -6.09083442091442 3.44576782837922
2026-07-30T08:36:00.000 -3803.223065157370 2514.137440311430 5030.888148296660 -2.05798915473136 -7.10709030801471 1.99833215843325
2026-07-30T08:40:00.000 -4152.869145346720 737.750762369481 5321.222498795950 -0.83811239964974 -7.60572227950777 0.40652899958518
2026-07-30T08:44:00.000 -4200.698941540510 -1092.270076762530 5223.730404790820 0.44185734853656 -7.55145158453108 -1.21386459627601
2026-07-30T08:48:00.000 -3943.381710823900 -2842.962285701570 4745.695023303040 1.68934745207365 -6.94870432606693 -2.74536963296708
2026-07-30T08:52:00.000 -3399.657870769000 -4387.172869199630 3921.994648419190 2.81406023148911 -5.84125055183019 -4.07683405160078
2026-07-30T08:56:00.000 -2609.019484111020 -5612.732697908840 2812.622148572590 3.73443085801989 -4.30946322038464 -5.11142123977474
2026-07-30T09:00:00.000 -1628.882882034990 -6430.613540238180 1498.370139077350 4.38356407119218 -2.46468687495690 -5.77369809457021
2026-07-30T09:04:00.000 -530.448909736730 -6781.468315951860 74.979907274862 4.71423363956539 -0.44142844978122 -6.01535906608261
2026-07-30T09:08:00.000 606.497471622435 -6640.029692118450 -1353.882439798240 4.70260323503800 1.61263562115646 -5.81910951457179
2026-07-30T09:12:00.000 1699.458007858570 -6016.932028704050 -2684.274927770460 4.35003062964826 3.54790769711216 -5.19993129535049
2026-07-30T09:16:00.000 2669.277383473390 -4957.807234127990 -3819.613984361870 3.68278187683621 5.22417652959001 -4.20371757512775
2026-07-30T09:20:00.000 3445.875829169720 -3539.770475661120 -4677.673962609390 2.74969235135290 6.52084563460756 -2.90340286803323
2026-07-30T09:24:00.000 3973.227702478690 -1865.677289416730 -5196.422701182210 1.61828817898430 7.34520026297266 -1.39326478803292
2026-07-30T09:28:00.000 4213.269701761780 -56.671308966807 -5338.338295763220 0.36984979721499 7.63835447143879 0.21792394240978
2026-07-30T09:32:00.000 4148.541268295540 1756.422536667540 -5092.999925265100 -0.90619247939566 7.37893240503921 1.81437680142098
2026-07-30T09:36:00.000 3783.432855419850 3442.310863212930 -4477.847284422910 -2.11817486809841 6.58448433534806 3.28099447540305
2026-07-30T09:40:00.000 3143.982184596630 4878.545321595240 -3537.076601395400 -3.17843680334369 5.31084008851635 4.51122809592511
2026-07-30T09:44:00.000 2276.162296433210 5960.364947651450 -2338.660239592770 -4.00949528691235 3.64882447678758 5.41470713439714
2026-07-30T09:48:00.000 1242.734307478320 6608.464859922190 -969.613837265803 -4.54988572002155 1.71855572192464 5.92419244848202
2026-07-30T09:52:00.000 118.770414257939 6775.057963471900 470.264341630251 -4.75918824097981 -0.33903487657518 6.00116627319508
2026-07-30T09:56:00.000 -1013.847812642370 6447.641734379920 1875.750150041160 -4.62151342607831 -2.37275482332192 5.63930142912323
2026-07-30T10:00:00.000 -2072.535795887910 5650.046536976350 3144.067942914650 -4.14692885536541 -4.23303359651226 4.86520140496026
2026-07-30T10:04:00.000 -2980.170429730820 4440.627647876850 4182.583578310740 -3.37054607249510 -5.78358544027520 3.73618365390419
2026-07-30T10:08:00.000 -3670.782544463190 2907.806995070590 4915.649775281230 -2.34956400291758 -6.91166907492294 2.33549986817104
2026-07-30T10:12:00.000 -4094.338646440720 1163.422481819120 5290.076027865140 -1.15869795951872 -7.53604208695209 0.76585136855549
2026-07-30T10:16:00.000 -4220.276172341700 -665.541578553574 5278.875905753660 0.11549539146111 -7.61234947564798 -0.85845751112470
2026-07-30T10:20:00.000 -4039.614384071460 -2446.162767255360 4883.083505623980 1.38079123102466 -7.13570829539516 -2.41958375223693
2026-07-30T10:24:00.000 -3565.545447891100 -4049.124689658480 4131.617021306080 2.54570649636555 -6.14085547393496 -3.80435891132322
2026-07-30T10:28:00.000 -2832.497512754890 -5357.993362450070 3079.205309717660 3.52578892217441 -4.69985334112866 -4.91212654744166
2026-07-30T10:32:00.000 -1893.704939390000 -6277.671512160780 1802.488515209760 4.24976900213310 -2.91741725791764 -5.66211288151479
2026-07-30T10:36:00.000 -817.370991991600 -6741.391177666490 394.473266967410 4.66497626302650 -0.92347205843568 -5.99959336515726
2026-07-30T10:40:00.000 318.311056033401 -6715.647370575580 -1042.278518853630 4.74136795840290 1.13645217387496 -5.90018977516147
2026-07-30T10:44:00.000 1430.906115891890 -6202.644480786830 -2403.210590745750 4.47385858464675 3.11222318349700 -5.37175133016713
2026-07-30T10:48:00.000 2439.792923671300 -5240.030365625390 -3589.463906658620 3.88250727291807 4.86045766417397 -4.45356747902794
2026-07-30T10:52:00.000 3272.024803361070 -3897.978114693180 -4515.076064504840 3.01075810799409 6.25515771653596 -3.21305721722653
2026-07-30T10:56:00.000 3867.544040407600 -2273.911192611730 -5113.112027597710 1.92185489091344 7.19649796163973 -1.74034433071796
2026-07-30T11:00:00.000 4183.382638127500 -485.402276375012 -5340.337460396260 0.69411765708441 7.61728350246843 -0.14162313821051
2026-07-30T11:04:00.000 4196.641435838260 1338.205408730350 -5180.200086832270 -0.58448176337654 7.48713155037514 1.46820189538636
2026-07-30T11:08:00.000 3906.106937252170 3064.917240327300 -4644.003801379040 -1.82221560601212 6.81447792585239 2.97321279038583
2026-07-30T11:12:00.000 3332.419215624400 4569.416922168700 -3770.209704033540 -2.92971872379254 5.64631473131970 4.26430946188530
2026-07-30T11:16:00.000 2516.761237359830 5742.068967115290 -2621.877570947920 -3.82622114514431 4.06570136264709 5.24685577352071
2026-07-30T11:20:00.000 1518.053089719390 6497.013231176040 -1282.311205185720 -4.44564160686449 2.18660393667005 5.84793002317433
2026-07-30T11:24:00.000 408.777328402723 6778.678994161330 150.908159505903 -4.74181310601114 0.14594476294549 6.02231024377769
2026-07-30T11:28:00.000 -730.299582672763 6566.120065178120 1573.084596422150 -4.69238327410194 -1.90650273923246 5.75639146690446
2026-07-30T11:32:00.000 -1816.126118552380 5874.721507287160 2880.219781018100 -4.30080698897725 -3.81975836207212 5.06957801708453
2026-07-30T11:36:00.000 -2769.570759113570 4755.056184662350 3976.805305219400 -3.59605471268263 -5.45348105959835 4.01271755781615
2026-07-30T11:40:00.000 -3521.288991506120 3289.016281150060 4782.908175579620 -2.63014128517561 -6.68864274053559 2.66385781509613
2026-07-30T11:44:00.000 -4016.773900504260 1583.621538251140 5239.980162126020 -1.47386979601061 -7.43608646224226 1.12199207102570
2026-07-30T11:48:00.000 -4220.231124792350 -236.916882407076 5315.007898406310 -0.21140060416222 -7.64248780321392 -0.50040405592695
2026-07-30T11:52:00.000 -4117.064426250700 -2040.244774340060 5002.773485587850 1.06581068562308 -7.29362949411048 -2.08555356703722
2026-07-30T11:56:00.000 -3714.866859832510 -3695.384731251250 4326.145242829200 2.26539439514209 -6.41512441221788 -3.51853447426124
2026-07-30T12:00:00.000 -3042.863866344360 -5082.136311513460 3334.421551728010 3.30050917696818 -5.07066117002316 -4.69531466389552
2026-07-30T12:04:00.000 -2149.839715038740 -6099.757562912280 2099.814492119150 4.09598394305216 -3.35780249418407 -5.53017117668240
2026-07-30T12:08:00.000 -1100.657611581380 -6674.337458352010 712.248124367375 4.59387037514393 -1.40125648110008 -5.96216124149284
2026-07-30T12:12:00.000 28.455492099597 -6764.272122767590 -727.195434415065 4.75805097058909 0.65615064757819 -5.95988896641067
2026-07-30T12:16:00.000 1155.518158244960 -6363.334111221710 -2113.728146510820 4.57697673403651 2.66433669369493 -5.52406034202893
2026-07-30T12:20:00.000 2198.821622480430 -5501.040248101460 -3346.587211478980 4.06442768647870 4.47740653798064 -4.68724312206858
2026-07-30T12:24:00.000 3082.892860155660 -4240.321926496910 -4336.386948212760 3.25819255913227 5.96450470408212 -3.51100816946570
2026-07-30T12:28:00.000 3743.903871132450 -2672.770100930130 -5011.520304127100 2.21688551634671 7.01900749812917 -2.08098192846483
2026-07-30T12:32:00.000 4134.166281828680 -911.924151720906 -5323.190177369540 1.01555063439966 7.56564270000504 -0.50044754494836
2026-07-30T12:36:00.000 4225.439538724980 914.865766694179 -5248.776756080920 -0.25971311959100 7.56516450571070 1.11697517318779
2026-07-30T12:40:00.000 4010.906088967450 2675.422250870210 -4793.413508469390 -1.51747486855763 7.01683513359492 2.65492238066265
2026-07-30T12:44:00.000 3505.721870154930 4242.068725665710 -3989.709931684980 -2.66709253712705 5.95876860413443 4.00209962868341
2026-07-30T12:48:00.000 2746.076455209090 5500.761764300520 -2895.597373561960 -3.62496705667712 4.46592114375905 5.06005650436785
2026-07-30T12:52:00.000 1786.762062080090 6359.440978726090 -1590.354169428060 -4.32065594513779 2.64554027497767 5.75050796342529
2026-07-30T12:56:00.000 697.343438236069 6754.972007740450 -168.986648788175 -4.70236172790410 0.63005814933219 6.02160384621549
2026-07-30T13:00:00.000 -442.895758679331 6658.075330506810 1264.716777726170 -4.74147833947427 -1.43270646070079 5.85257439768763
2026-07-30T13:04:00.000 -1550.841187867450 6075.643762106600 2605.927449644160 -4.43489606077185 -3.39109769143421 5.25559619388980
2026-07-30T13:08:00.000 -2545.735546454720 5050.250057586930 3756.621796024900 -3.80523664971374 -5.10135789643255 4.27480678737189
2026-07-30T13:12:00.000 -3355.175599713930 3656.907025654370 4632.868627269070 -2.89901261972090 -6.43862886097698 2.98269599325378
2026-07-30T13:16:00.000 -3920.422229502150 1997.380884236410 5170.968117521130 -1.78279134800200 -7.30615877626621 1.47424545709258
2026-07-30T13:20:00.000 -4200.601155092640 192.599793565669 5331.991241063840 -0.53793980763337 -7.64187076077454 -0.14040087310517
2026-07-30T13:24:00.000 -4175.555621065420 -1626.181202809130 5104.470153367590 0.74529436204281 -7.42222221615323 -1.74390242716916
2026-07-30T13:28:00.000 -3847.225299145430 -3326.842079437440 4505.135094853990 1.97409107401321 -6.66356342561463 -3.21999830197007
2026-07-30T13:32:00.000 -3239.487119849500 -4785.879896513480 3577.674478179780 3.05953766242888 -5.42093572147342 -4.46160310810508
2026-07-30T13:36:00.000 -2396.460072336050 -5897.307730348760 2389.624701689040 3.92285834774421 -3.78449506189178 -5.37827664340914
2026-07-30T13:40:00.000 -1379.365724100520 -6580.405484354480 1027.518372252650 4.50123974037081 -1.87333970245954 -5.90319816195481
2026-07-30T13:44:00.000 -262.087984235949 -6785.654001864010 -409.426719599065 4.75264027441060 0.17318589802835 -5.99813760104200
2026-07-30T13:48:00.000 874.233562207959 -6498.402943556930 -1816.578713145990 4.65905035197147 2.20568825599673 -5.65656040917327
2026-07-30T13:52:00.000 1947.182695075840 -5739.906507581050 -3091.630596984850 4.22787028534960 4.07632188585550 -4.90417513068981
2026-07-30T13:56:00.000 2879.099901321410 -4565.594446596230 -4142.091212582290 3.49102661877495 5.64987559799686 -3.79649087547343
2026-07-30T14:00:00.000 3602.671889836960 -3060.852373213760 -4891.935206674540 2.50223336939875 6.81336319931810 -2.41431085017772
2026-07-30T14:04:00.000 4065.693448257560 -1334.729466253180 -5286.963956120580 1.33288182350029 7.48366034791402 -0.85758531278582
2026-07-30T14:08:00.000 4234.704055359850 487.909705645340 -5298.562325686650 0.06686708576303 7.61279524400168 0.76167072098866
2026-07-30T14:12:00.000 4097.310011691090 2275.225828273390 -4925.682101913710 -1.20511429306197 7.19091009220746 2.32703610795005
2026-07-30T14:16:00.000 3663.108004538790 3897.691556629240 -4194.972457832260 -2.39154031334804 6.24709815031841 3.72542922239655
2026-07-30T14:20:00.000 2963.132528196480 5237.318477746670 -3159.038398636230 -3.40633362328299 4.84798478631540 4.85491633936000
2026-07-30T14:24:00.000 2047.798601461060 6196.245434289750 -1892.860077144240 -4.17507670796809 3.09380048899164 5.63215704427877
2026-07-30T14:28:00.000 983.399774351491 6704.070935764750 -488.513475763083 -4.64076500490903 1.11181722431021 5.99903350051196
2026-07-30T14:32:00.000 -152.665221015433 6723.278479821760 951.523086343558 -4.76850180643046 -0.95291685528641 5.92759721438844
2026-07-30T14:36:00.000 -1277.592988548390 6252.220766563120 2321.965730895200 -4.54852091456138 -2.94847105285548 5.42266845232471
2026-07-30T14:40:00.000 -2309.378301418600 5325.316532883620 3522.637087973900 -3.99714619780465 -4.72827859568917 4.52163269703846
2026-07-30T14:44:00.000 -3172.914815066810 4010.377780287550 4465.923682654940 -3.15512533665769 -6.16232897976550 3.29108120337240
2026-07-30T14:48:00.000 -3805.491352237540 2403.469243964230 5083.191650980730 -2.08431446598526 -7.14661591230062 1.82154445609049
2026-07-30T14:52:00.000 -4161.310278121790 621.740684763120 5329.721802694700 -0.86290914272387 -7.61044770025432 0.22051138778686
2026-07-30T14:56:00.000 -4214.722832519870 -1205.181254106850 5187.827913944790 0.42042041669660 -7.52105619056111 -1.39560919724103
2026-07-30T15:00:00.000 -3961.987201315110 -2944.560085528330 4668.018621135740 1.67283863034990 -6.88540518957367 -2.90961568934875
2026-07-30T15:04:00.000 -3421.506502704080 -4470.071743466150 3808.209787748460 2.80372131553712 -5.74967512155423 -4.21166072964746
2026-07-30T15:08:00.000 -2632.522964172230 -5670.904009348720 2671.017465570240 3.73106210100333 -4.19623239223739 -5.20699601610689
2026-07-30T15:12:00.000 -1652.330685282630 -6459.827437717090 1339.272524003750 4.38739042162494 -2.33810037717208 -5.82300620636540
2026-07-30T15:16:00.000 -552.135337380523 -6779.624945094270 -90.009437056824 4.72500734457038 -0.31079049562881 -6.01486270726866
2026-07-30T15:20:00.000 588.160783601594 -6607.299399382630 -1512.749881437590 4.71957636521778 1.73781410472384 -5.76891210687419
2026-07-30T15:24:00.000 1685.821149785970 -5955.733554216690 -2825.470562296190 4.37198613960222 3.65852186468571 -5.10378317721167
2026-07-30T15:28:00.000 2661.353251298870 -4872.621470610640 -3932.898120620020 3.70814445130692 5.31225220955018 -4.06870044472139
2026-07-30T15:32:00.000 3444.264804960530 -3436.799189402830 -4754.852021885570 2.77661402750834 6.58010286689578 -2.73936840328604
2026-07-30T15:36:00.000 3978.066564361730 -1752.385123320500 -5231.920114635010 1.64478271512657 7.37143698148300 -1.21206355840590
2026-07-30T15:40:00.000 4224.218412205190 58.743861776822 -5329.585782040990 0.39395358539550 7.62969788660119 0.40324457452193
2026-07-30T15:44:00.000 4164.805968164550 1865.606480539300 -5040.616760198130 -0.88627758869720 7.33597002259094 1.99043660605108
2026-07-30T15:48:00.000 3803.818220278040 3537.347274274760 -4385.608169121050 -2.10397174605015 6.51024595087410 3.43504188645890
2026-07-30T15:52:00.000 3166.980293384480 4952.516099406930 -3411.653263706240 -3.17099408088221 5.21058402824499 4.63200869593267
2026-07-30T15:56:00.000 2300.079879875100 6007.859170137090 -2189.161471717390 -4.00931930170280 3.52978471558058 5.49330583757731
2026-07-30T16:00:00.000 1265.819681694260 6625.993272446720 -806.935840072516 -4.55694519265361 1.58942725719048 5.95472161881002
2026-07-30T16:04:00.000 139.341520670784 6761.338719447500 634.231730975333 -4.77295838422676 -0.46868442787526 5.98131381328353
2026-07-30T16:08:00.000 -997.295070850346 6403.706309477780 2029.017159407960 -4.64102992829906 -2.49335096721601 5.57053803051912
2026-07-30T16:12:00.000 -2061.221795856490 5579.155209551850 3275.437705023820 -4.17080973697921 -4.33568478009971 4.75263413504160
2026-07-30T16:16:00.000 -2974.946403211780 4348.018251090870 4282.490587350280 -3.39712149508517 -5.86082894767338 3.58818913231279
2026-07-30T16:20:00.000 -3672.074518162270 2800.275840565850 4976.856025744950 -2.37695301256486 -6.95806082695923 2.16296233524355
2026-07-30T16:24:00.000 -4102.094657640350 1048.800587610060 5308.163410257370 -1.18482853250348 -7.54838999815567 0.58123870406167
2026-07-30T16:28:00.000 -4233.950373415090 -778.928240161189 5252.537855872600 0.09262411625603 -7.58976610835198 -1.04180806965328
2026-07-30T16:32:00.000 -4058.210569084640 -2550.072561134420 4814.226361175400 1.36290735104678 -7.07978326177236 -2.58840725589289
2026-07-30T16:36:00.000 -3587.698038733140 -4135.984777292650 4025.229769180230 2.53413330993142 -6.05555909159789 -3.94636509841104
2026-07-30T16:40:00.000 -2856.582426056630 -5421.457008708820 2943.017799207270 3.52135038771580 -4.59136554924732 -5.01693305974116
2026-07-30T16:44:00.000 -1917.965078239210 -6313.092163600120 1646.411262343820 4.25275530407032 -2.79364775064321 -5.72203337020889
2026-07-30T16:48:00.000 -840.042515572310 -6746.173167574440 229.877237871984 4.67514156562531 -0.79350110903348 -6.01023200065921
2026-07-30T16:52:00.000 298.870645041073 -6689.449836036920 -1203.406696931030 4.75796722893729 1.26305594681584 -5.86084726099216
2026-07-30T16:56:00.000 1416.106978805110 -6147.399129913940 -2549.161054197700 4.49570702981978 3.22620423060077 -5.28540693576725
2026-07-30T17:00:00.000 2430.716035978300 -5159.783056987060 -3709.658800205360 3.90806102322212 4.95356836464326 -4.32660503293514
2026-07-30T17:04:00.000 3269.344228357270 -3798.575117866010 -4600.828689731210 3.03818376435554 6.32072024350545 -3.05475622281828
2026-07-30T17:08:00.000 3871.472794253790 -2162.567993941700 -5158.243276058480 1.94917359311577 7.22984557307353 -1.56218701277065
2026-07-30T17:12:00.000 4193.655849393720 -370.181465388426 -5341.605157144740 0.71934455313525 7.61605712230533 0.04353544681663
2026-07-30T17:16:00.000 4212.530445672480 1448.967799047890 -5137.526303428730 -0.56320099213888 7.45142567217138 1.64700743243152
2026-07-30T17:20:00.000 3926.469165803270 3163.201390311590 -4560.481694001470 -1.80644987385186 6.74681781267488 3.13273324648124
2026-07-30T17:24:00.000 3355.781331513170 4648.091265500150 -3651.901067600250 -2.92064533276613 5.55154839718837 4.39289065371110
2026-07-30T17:28:00.000 2541.424135258040 5795.416034743880 -2477.393964509420 -3.82452162057312 3.95069481155209 5.33505336885982
2026-07-30T17:32:00.000 1542.222621937420 6521.155960932370 -1122.189595075450 -4.45142207052814 2.05973611490505 5.88923570933932
2026-07-30T17:36:00.000 430.701593893576 6771.878453360950 314.969437644832 -4.75462736249450 0.01655402100541 6.01362325136199
2026-07-30T17:40:00.000 -712.208572382789 6528.925717745050 1729.088357312190 -4.71133138539494 -2.02882096511122 5.69835769367878
2026-07-30T17:44:00.000 -1803.194644309250 5809.928537738610 3016.774300554130 -4.32460735888723 -3.92602494293608 4.96654963122252
2026-07-30T17:48:00.000 -2762.769376674740 4667.471226223950 4083.967038153130 -3.62303524980335 -5.53599667689616 3.87232733342279
2026-07-30T17:52:00.000 -3521.154294313190 3185.087137270850 4852.903766954400 -2.65838041640710 -6.74152451766872 2.49643590732420
2026-07-30T17:56:00.000 -4023.361252662710 1470.943814940900 5267.758547120360 -1.50129030705594 -7.45570561214895 0.93974195481002
2026-07-30T18:00:00.000 -4233.086495851910 -350.161168656446 5298.573284383500 -0.23586760813327 -7.62756388393287 -0.68437926349169
2026-07-30T18:04:00.000 -4135.242773452940 -2145.839527322430 4943.304798799840 1.04620659811122 -7.24517431220414 -2.25801992695578
2026-07-30T18:08:00.000 -3737.012520295280 -3785.642126306000 4227.927714685830 2.25214784223016 -6.33651712122565 -3.66700476321478
2026-07-30T18:12:00.000 -3067.324573276250 -5150.446672125730 3204.558978450990 3.29456839509817 -4.96747663521809 -4.80893399343787
2026-07-30T18:16:00.000 -2174.809882509480 -6141.083972269050 1947.731370339460 4.09769334857694 -3.23749997066820 -5.60056963122369
2026-07-30T18:20:00.000 -1124.311542652500 -6685.611391707470 549.013516432452 4.60305433225883 -1.27266940778257 -5.98411852129026
2026-07-30T18:24:00.000 7.834384842282 -6744.637798640470 -889.691797449627 4.77398171529864 0.78353595911189 -5.93183268111169
2026-07-30T18:28:00.000 1139.419469905380 -6314.210200085130 -2263.668454329090 4.59850392617271 2.78119709157709 -5.44813580942480
2026-07-30T18:32:00.000 2188.409441838280 -5425.993371004140 -3473.088801225660 4.08999858102516 4.57525982223959 -4.56904747486693
2026-07-30T18:36:00.000 3078.918804281030 -4144.796515909890 -4430.286284705200 3.28594848664711 6.03627092687886 -3.35918343581124
2026-07-30T18:40:00.000 3746.654363406150 -2563.688326050320 -5066.031514635250 2.24482540080617 7.05953338543528 -1.90656734234157
2026-07-30T18:44:00.000 4143.440943612910 -797.180372037898 -5334.381703238130 1.04165193482494 7.57201494141965 -0.31605579796905
2026-07-30T18:48:00.000 4240.567823814860 1026.970208882990 -5215.847611679990 -0.23733340815146 7.53692853846664 1.29802836234402
2026-07-30T18:52:00.000 4030.791667003820 2776.773726800970 -4718.749755665970 -1.50045667531882 6.95599968817795 2.81954362617683
2026-07-30T18:56:00.000 3528.917282184430 4325.318708634500 -3878.720346861510 -2.65669802261673 5.86965691878474 4.13834063852885
2026-07-30T19:00:00.000 2770.893416455210 5559.851711479890 -2756.341572651240 -3.62192228745495 4.35492539348276 5.15790132640798
2026-07-30T19:04:00.000 1811.404872816850 6390.066664342610 -1432.983232907530 -4.32514744822129 2.52081321249398 5.80268121661479
2026-07-30T19:08:00.000 720.024966398895 6754.927750552840 -4.994342539893 -4.71411981212436 0.50076743955917 6.02426487832457
2026-07-30T19:12:00.000 -423.827300000193 6627.402298173950 1423.346943176530 -4.75964102405068 -1.55707782573592 5.80550369775138
2026-07-30T19:16:00.000 -1536.771751518350 6016.639057763690 2747.604994293010 -4.45814791000325 -3.50135916252078 5.16227992688820
2026-07-30T19:20:00.000 -2537.700375717120 4967.299012820020 3871.017671181510 -3.83198486159484 -5.18943924848346 4.14219336733208
2026-07-30T19:24:00.000 -3353.794209271100 3556.124400297540 4711.674428043170 -2.92736977894929 -6.49826531358224 2.82054344165150
2026-07-30T19:28:00.000 -3925.830381331970 1886.141268015920 5208.478715118070 -1.81066470221782 -7.33315602553222 1.29437400553331
2026-07-30T19:32:00.000 -4212.431383846210 79.001808811628 5325.505634133730 -0.56323214378833 -7.63443429147153 -0.32494548011216
2026-07-30T19:36:00.000 -4192.941979370340 -1733.899443875710 5054.461210458330 0.72459893295741 -7.38094821119065 -1.91987215575304
2026-07-30T19:40:00.000 -3868.858340587300 -3420.855692004750 4415.199226499140 1.95962365804714 -6.59128910111776 -3.37472926676695
2026-07-30T19:44:00.000 -3263.734865568930 -4859.314855340720 3454.302580894340 3.05233937759537 -5.32275186864844 -4.58379372742023
2026-07-30T19:48:00.000 -2421.512805222030 -5944.756998274830 2241.753033614490 3.92337757158570 -3.66743391020358 -5.45899118534455
2026-07-30T19:52:00.000 -1403.376803143730 -6598.331205200750 865.885716718629 4.50932670426455 -1.74588363455303 -5.93643629959652
2026-07-30T19:56:00.000 -283.315761952088 -6772.681758091580 -573.052890165276 4.76759656719685 0.30160056744313 -5.98142306667293
2026-07-30T20:00:00.000 857.314173442128 -6455.445027623270 -1970.295320256420 4.67977586505720 2.32562522027344 -5.59120627682292
2026-07-30T20:04:00.000 1935.783030125820 -5670.066831651080 -3224.273868495380 4.25286536200320 4.17903466784426 -4.79500106457421
2026-07-30T20:08:00.000 2874.034280784440 -4473.931101899130 -4244.043802075740 3.51849516172474 5.72792307173233 -3.65147302902382
2026-07-30T20:12:00.000 3604.298648941170 -2954.001453801570 -4955.814950126220 2.53019549821465 6.86111579242005 -2.24398444292488
2026-07-30T20:16:00.000 4073.885542701200 -1220.420364019110 -5308.148820824760 1.35929316184101 7.49768394965827 -0.67428023078125
2026-07-30T20:20:00.000 4248.853162743640 601.408067207376 -5275.517221765010 0.08979659328310 7.59204930863278 0.94471039407626
2026-07-30T20:24:00.000 4116.374764958150 2379.694978273690 -4860.069807921600 -1.18733401254364 7.13686154939832 2.49656965189898
2026-07-30T20:28:00.000 3685.686691352750 3985.554642967410 -4091.536583796150 -2.38021869134060 6.16358809939262 3.86917133519726
2026-07-30T20:32:00.000 2987.564937808780 5302.179991563340 -3025.272751206790 -3.40230276921980 4.74096824015869 4.96235975672162
2026-07-30T20:36:00.000 2072.290336440420 6233.359025495450 -1738.489193501230 -4.17860769824306 2.97099003996045 5.69534736660997
2026-07-30T20:40:00.000 1006.163765862710 6710.706128900100 -324.799948951097 -4.65153446466722 0.98222218275588 6.01320394845824
2026-07-30T20:44:00.000 -133.280156544817 6698.958668196370 1112.610917667330 -4.78573138646809 -1.07967774986155 5.89169050071569
2026-07-30T20:48:00.000 -1263.003330773540 6198.751911801600 2468.658817140290 -4.57100747930818 -3.06313744205848 5.33935608988787
2026-07-30T20:52:00.000 -2300.653181531560 5246.630475396720 3644.223189090420 -4.02323331516065 -4.82245661321456 4.39701548073794
2026-07-30T20:56:00.000 -3170.696609126620 3912.255764905900 4553.539853890010 -3.18293884013374 -6.22913646507153 3.13437065950871
2026-07-30T21:00:00.000 -3809.957760854540 2293.094932379320 5130.477869383600 -2.11186738980461 -7.18131543134832 1.64422253152587
2026-07-30T21:04:00.000 -4172.153737757620 507.155904620995 5333.252322631720 -0.88816381534760 -7.61063429927088 0.03541907229169
2026-07-30T21:08:00.000 -4231.156782987400 -1315.649947599880 5147.345689038460 0.39939479828820 -7.48678684683081 -1.57506257229427
2026-07-30T21:12:00.000 -3982.788413013330 -3042.892765842700 4586.451044665430 1.65771595940438 -6.81914134150229 -3.07045953403391
2026-07-30T21:16:00.000 -3445.105085069680 -4549.109428288690 3691.458263014710 2.79567401678132 -5.65609867539459 -4.34222538357941
2026-07-30T21:20:00.000 -2657.146575462190 -5724.857283802640 2527.544660959110 3.73060692959600 -4.08203950535245 -5.29774570634418
2026-07-30T21:24:00.000 -1676.150630511120 -6484.712892279570 1179.493743754570 4.39448901333026 -2.21152961312391 -5.86729551901006
2026-07-30T21:28:00.000 -573.403233961835 -6773.563456798950 -254.473977755650 4.73902074160771 -0.18106724999358 -6.00937099740915
2026-07-30T21:32:00.000 570.980301122338 -6570.687253543760 -1669.925476890980 4.73941739167673 1.86110431359010 -5.71404646934919
2026-07-30T21:36:00.000 1673.963936151480 -5891.214765226900 -2963.925913888190 4.39623920164948 3.76636921323406 -5.00360608362481
2026-07-30T21:40:00.000 2655.673430448750 -4784.869202745080 -4042.576290206900 3.73505701557172 5.39684277360832 -3.93053686447094
2026-07-30T21:44:00.000 3445.168814094750 -3332.164021155030 -4827.793834264880 2.80422780241460 6.63535757294579 -2.57325413787261
2026-07-30T21:48:00.000 3985.476562347640 -1638.428779353560 -5262.825565650300 1.67104426253187 7.39338928700767 -1.02999527259694
2026-07-30T21:52:00.000 4237.568055524250 173.787023529384 -5316.186687928900 0.41687043241893 7.61673409845063 0.58814718452179
2026-07-30T21:56:00.000 4183.077461247730 1973.405400437650 -4983.839141186510 -0.86843212659976 7.28890771315544 2.16482322967778
2026-07-30T22:00:00.000 3825.629194581640 3630.064479288980 -4289.519846612420 -2.09250244148472 6.43237330568658 3.58624311854348
2026-07-30T22:04:00.000 3190.690358160420 5023.379625804070 -3283.183439246290 -3.16673520097652 5.10742810743159 4.74899607794997
2026-07-30T22:08:00.000 2323.913227420410 6051.651147677350 -2037.612048725780 -4.01254458171589 3.40870434186641 5.56744222361563
2026-07-30T22:12:00.000 1288.008405712930 6639.444065378690 -643.329765806912 -4.56732507056130 1.45921988966888 5.98040965697867
2026-07-30T22:16:00.000 158.260630102211 6743.403139307350 797.948373201109 -4.78964751134355 -0.59839630201157 5.95652596745534
2026-07-30T22:20:00.000 -983.018432801583 6355.670720544160 2180.869027731090 -4.66279711514841 -2.61290664165350 5.49707038362828
2026-07-30T22:24:00.000 -2052.628774153810 5504.539585433710 3404.328027705900 -4.19612834137156 -4.43626819464452 4.63594048191741
2026-07-30T22:28:00.000 -2972.678090026590 4252.290481117660 4379.017978016590 -3.42418436711444 -5.93510610586248 3.43685643121624
2026-07-30T22:32:00.000 -3676.312178479530 2690.439654124270 5033.999124256510 -2.40377484962905 -7.00063773613331 1.98811663798447
2026-07-30T22:36:00.000 -4112.547616343710 932.878502102947 5321.792661512470 -1.20949130429412 -7.55624165832343 0.39568774552928
2026-07-30T22:40:00.000 -4249.882933134490 -892.497182154190 5221.695291084640 0.07190707031258 -7.56243730979731 -1.22460394555188
2026-07-30T22:44:00.000 -4078.482461615610 -2653.039692253670 4741.177056562920 1.34769343392057 -7.01930906150200 -2.75518885537001
2026-07-30T22:48:00.000 -3610.840032568490 -4220.878919041370 3915.303483573750 2.52558002921583 -5.96634312321793 -4.08501672666097
2026-07-30T22:52:00.000 -2880.906828413020 -5482.120195372680 2804.225266869500 3.52012085283180 -4.47989127706473 -5.11736000633200
2026-07-30T22:56:00.000 -1941.688473746080 -6345.127812095260 1488.866511156320 4.25895615524198 -2.66801970920592 -5.77692039168184
2026-07-30T23:00:00.000 -861.427661871667 -6747.269414616650 65.056651356475 4.68830646135210 -0.66287460395055 -6.01560467691256
2026-07-30T23:04:00.000 281.388501943925 -6659.550988484270 -1363.498222400490 4.77712983693260 1.38912995479512 -5.81631364784776
2026-07-30T23:08:00.000 1403.810033138280 -6088.719071883540 -2692.872773355020 4.51949570560469 3.33850998066851 -5.19429729028642
2026-07-30T23:12:00.000 2424.516424277450 -5076.627355340470 -3826.558225509220 3.93477955306130 5.04399973712411 -4.19565580779096
2026-07-30T23:16:00.000 3269.717580491200 -3697.003232785320 -4682.450367523160 3.06590154330304 6.38284947263334 -2.89351227929639
2026-07-30T23:20:00.000 3878.410685391470 -2049.940647161910 -5198.678826794410 1.97580890536035 7.25930190298541 -1.38228555862622
2026-07-30T23:24:00.000 4206.648701554450 -254.639201291584 -5337.909576406840 0.74283854973483 7.61073704286684 0.22917654759201
2026-07-30T23:28:00.000 4230.598299777400 1559.064863018430 -5089.924601847830 -0.54468192754920 7.41161704667211 1.82503542790705
2026-07-30T23:32:00.000 3948.237221501050 3259.851697503630 -4472.367619371930 -1.79432622409451 6.67522075674793 3.29024515617526
2026-07-30T23:36:00.000 3379.599207062180 4724.226494888360 -3529.616608654640 -2.91578864644709 5.45321088073746 4.51838306622592
2026-07-30T23:40:00.000 2565.495146807380 5845.426507826680 -2329.781622042240 -3.82727768989271 3.83263031576811 5.41931574857763
2026-07-30T23:44:00.000 1564.738182643240 6541.300572327320 -959.965787263164 -4.46153369559205 1.93043524580575 5.92595289104205
2026-07-30T23:48:00.000 449.986076424002 6760.583211647640 479.976497775936 -4.77125687382939 -0.11452620841120 5.99993040470844
2026-07-30T23:52:00.000 -697.570039664506 6486.930032964350 1884.811333916250 -4.73316720057330 -2.15198281712646 5.63515050622786
2026-07-30T23:56:00.000 -1794.259425202830 5740.250886439340 3151.812145043160 -4.35000889108016 -4.03209879381016 4.85844857320313
2026-07-31T00:00:00.000 -2760.181096812310 4575.189627724740 4188.444518293360 -3.65021328971239 -5.61713641636347 3.72733729977738
2026-07-31T00:04:00.000 -3525.107891623830 3076.933191612780 4919.201403001020 -2.68538181071252 -6.79185680817530 2.32521528294845
2026-07-31T00:08:00.000 -4033.573026290590 1354.795066023720 5291.051962732100 -1.52611936259361 -7.47158433921340 0.75478897969537
2026-07-31T00:12:00.000 -4248.817110119310 -465.843596303622 5277.179096210660 -0.25675932857759 -7.60783691703479 -0.86953725616020
2026-07-31T00:16:00.000 -4155.362169728940 -2252.642672143480 4878.801842039900 1.03075198117056 -7.19136774315081 -2.42991825064067
2026-07-31T00:20:00.000 -3760.070286056160 -3875.811819045630 4125.025187090190 2.24326391240556 -6.25256581361074 -3.81314480866026
2026-07-31T00:24:00.000 -3091.657205249830 -5217.445003298570 3070.761139980880 3.29288773546511 -4.85951776967269 -4.91867602435989
2026-07-31T00:28:00.000 -2198.666697183820 -6180.070498403490 1792.794254156590 4.10331367217028 -3.11346830972467 -5.66591582441014
2026-07-31T00:32:00.000 -1145.978745528150 -6693.805002492640 384.226999207112 4.61557426457177 -1.14167376147618 -6.00035750107959
2026-07-31T00:36:00.000 -10.080104510875 -6721.516247641270 -1052.332943728710 4.79255243256218 0.91189835420063 -5.89783544000606
2026-07-31T00:40:00.000 1126.562124962690 -6261.543724970960 -2412.342190220690 4.62183314162695 2.89753401715475 -5.36647150709775
2026-07-31T00:44:00.000 2181.564601225800 -5347.705750887330 -3597.019698499200 4.11648458885962 4.67115024569004 -4.44580413336827
2026-07-31T00:48:00.000 3078.625894617990 -4046.646561450880 -4520.528451678290 3.31373199882958 6.10492543784392 -3.20340307124812
2026-07-31T00:52:00.000 3752.982910793960 -2452.830279038140 -5116.093123462130 2.27187721479955 7.09616809997055 -1.72953692913043
2026-07-31T00:56:00.000 4155.967389623860 -681.645945394161 -5340.667229725810 1.06590842987817 7.57412588671588 -0.13047480423179
2026-07-31T01:00:00.000 4258.384845140370 1138.827424280890 -5177.895349859210 -0.21779666573068 7.50434117711295 1.47887539102601
2026-07-31T01:04:00.000 4052.571318765500 2876.842200929340 -4639.273553113710 -1.48719032175182 6.89090978854643 2.98262514735442
2026-07-31T01:08:00.000 3553.021703532160 4406.294792932710 -3763.442944476330 -2.65071006862394 5.77658629454340 4.27176437501940
2026-07-31T01:12:00.000 2795.512591708670 5615.779517913540 -2613.609395134260 -3.62364544919649 4.24052155116147 5.25185104436930
2026-07-31T01:16:00.000 1834.693146252460 6416.790318803280 -1273.166467601070 -4.33444259319339 2.39332117074718 5.85021475703236
2026-07-31T01:20:00.000 740.241034034478 6750.397442234590 160.263766626299 -4.73025546487762 0.36940180844102 6.02176349283002
2026-07-31T01:24:00.000 -408.183454810550 6591.844326114910 1581.965427497680 -4.78136038931257 -1.68267577455998 5.75299665657699
2026-07-31T01:28:00.000 -1526.848827273400 5952.567139431180 2887.964025503120 -4.48380445492760 -3.61190584148600 5.06355886612968
2026-07-31T01:32:00.000 -2534.216314571500 4879.331699631150 3982.828821288210 -3.85964399023585 -5.27678040234956 4.00447986229112
2026-07-31T01:36:00.000 -3356.986176738760 3450.647993864370 4786.744634870180 -2.95501119732184 -6.55593883059754 2.65397740953106
2026-07-31T01:40:00.000 -3935.453376201140 1770.822891340210 5241.315948048080 -1.83628079348110 -7.35700630820734 1.11114724315881
2026-07-31T01:44:00.000 -4227.765259668070 -37.781605697002 5313.693757729690 -0.58491384113355 -7.62270147929964 -0.51152194891514
2026-07-31T01:48:00.000 -4212.850691721320 -1843.648159837780 4998.836386465830 0.70837363476500 -7.33441939354188 -2.09615515887200
2026-07-31T01:52:00.000 -3891.889104306040 -3515.582094200510 4319.805132264110 1.94999272556510 -6.51340737249300 -3.52782908948757
2026-07-31T01:56:00.000 -3288.211056015490 -4932.135615403060 3326.084618779290 3.04998787257894 -5.21920714984309 -4.70254765125435
2026-07-31T02:00:00.000 -2445.662251765610 -5990.392599074140 2090.051938467830 3.92843229405051 -3.54583317034123 -5.53473097027153
2026-07-31T02:04:00.000 -1425.455848025370 -6613.500504249260 701.755489480387 4.52142168702434 -1.61517110204099 -5.96363970426035
2026-07-31T02:08:00.000 -301.726470706348 -6756.346512509210 -737.657342345303 4.78588994382740 0.43181159174796 -5.95815789296787
2026-07-31T02:12:00.000 843.911236362287 -6408.878800247610 -2123.403266577450 4.70296616484983 2.44579378450181 -5.51927651272020
2026-07-31T02:16:00.000 1928.374224846190 -5596.753322098180 -3354.782865553680 4.27933742419480 4.28040673042050 -4.67978230354814
2026-07-31T02:20:00.000 2873.191012732950 -4379.290206584700 -4342.529423345970 3.54642345122294 5.80322250127799 -3.50147930091033
2026-07-31T02:24:00.000 3610.137440559620 -2844.961750621840 -5015.202806502460 2.55760631031079 6.90511803825797 -2.07013631730840
2026-07-31T02:28:00.000 4086.033777373770 -1104.898552116520 -5324.189151944480 1.38411987061535 7.50739494601065 -0.48907148785245
2026-07-31T02:32:00.000 4266.452860283890 715.058370689667 -5247.067063034350 0.11009272225077 7.56683468453025 1.12803346822925
2026-07-31T02:36:00.000 4138.133092421110 2483.250072455540 -4789.168254953710 -1.17320995270788 7.07842601169360 2.66487073584031
2026-07-31T02:40:00.000 3709.976060790970 4071.476000558400 -3983.281022068030 -2.37338661799951 6.07593300293559 4.01023926692137
2026-07-31T02:44:00.000 3012.562687226370 5364.156697274500 -2887.491146128000 -3.40325848509235 4.63027850211657 5.06581268949933
2026-07-31T02:48:00.000 2096.132913899290 6266.791723628970 -1581.195605323400 -4.18721023344065 2.84527778146199 5.75347280815652
2026-07-31T02:52:00.000 1027.082635715170 6713.078608389090 -159.465144335398 -4.66714910736837 0.85068203916818 6.02166195927222
2026-07-31T02:56:00.000 -116.838892571594 6670.022729757780 1273.905684076570 -4.80718961908398 -1.20742995205433 5.84975439359453
2026-07-31T03:00:00.000 -1252.254121942500 6140.561145151000 2614.107257561080 -4.59668951224387 -3.17766054375766 5.25005313098171
2026-07-31T03:04:00.000 -2296.390209495600 5163.398663073570 3763.179825911160 -4.05127271081822 -4.91533145282298 4.26691315708565
2026-07-31T03:08:00.000 -3173.240260000610 3810.027142635030 4637.301830043310 -3.21126698194911 -6.29359504957761 2.97298176472190
2026-07-31T03:12:00.000 -3819.124331396770 2179.303335711890 5172.916639563160 -2.13839166023327 -7.21262519047783 1.46337725837104
2026-07-31T03:16:00.000 -4187.273434970540 390.077722386032 5331.270890175260 -0.91094360464370 -7.60655465587856 -0.15164084578865
2026-07-31T03:20:00.000 -4251.122476967140 -1427.506871671540 5101.084804311790 0.38203705726694 -7.44761001672165 -1.75474538336416
2026-07-31T03:24:00.000 -4006.144685951290 -3141.390909419110 4499.273978678480 1.64697137601439 -6.74767764927314 -3.22965111199769
2026-07-31T03:28:00.000 -3470.171661797860 -4627.086644834980 3569.719565900140 2.79224654722748 -5.55761799060088 -4.46927925297414
2026-07-31T03:32:00.000 -2682.127356709910 -5776.667615950420 2380.125182305590 3.73474713491649 -3.96380991422815 -5.38338522526490
2026-07-31T03:36:00.000 -1699.253557231470 -6506.640001598820 1017.148062692480 4.40590429419873 -2.08227621368382 -5.90528731394965
2026-07-31T03:40:00.000 -592.968980619837 -6764.096825250820 -419.913572191627 4.75691028197842 -0.05032249713979 -5.99702066444451
2026-07-31T03:44:00.000 556.365471363467 -6530.627346784960 -1826.426019162110 4.76254876770303 1.98374037910170 -5.65238631184335
2026-07-31T03:48:00.000 1665.374408741520 -5823.598184773030 -3100.141503528880 4.42303152910988 3.87197973744365 -4.89728583178330
2026-07-31T03:52:00.000 2653.771413243440 -4694.721359423620 -4148.674671606840 3.76366332002164 5.47788140741768 -3.78742541626306
2026-07-31T03:56:00.000 3450.146063474410 -3226.107084138400 -4896.153460213380 2.83260544775144 6.68611707251269 -2.40380182049289
2026-07-31T04:00:00.000 3997.030486413540 -1524.191922577790 -5288.571489188330 1.69712686757805 7.41042016613063 -0.84647322958282
2026-07-31T04:04:00.000 4254.904876305130 287.930900012763 -5297.508009838010 0.43866179149488 7.59894426217980 0.77261033822397
2026-07-31T04:08:00.000 4204.951659680550 2079.204818112820 -4922.100939783100 -0.85266897853273 7.23756763481301 2.33703238257424
2026-07-31T04:12:00.000 3850.428994941600 3719.848045403810 -4189.173562867340 -2.08405212848246 6.35101695955287 3.73381056690895
2026-07-31T04:16:00.000 3216.567846161070 5090.581306211590 -3151.480273048880 -3.16625485818196 5.00171959599765 4.86111007457100
2026-07-31T04:20:00.000 2348.945250992040 6091.304084083220 -1884.120268056250 -4.02001718809791 3.28624267224171 5.63575970513881
2026-07-31T04:24:00.000 1310.347240866820 6648.582161275950 -479.244954252746 -4.58214627315734 1.32896065604493 5.99981043386720
2026-07-31T04:28:00.000 176.268818163932 6721.300851112480 960.635068852818 -4.81069007013375 -0.72686315123413 5.92554241311592
2026-07-31T04:32:00.000 -970.656590544643 6303.901929031720 2330.264335753630 -4.68851813115751 -2.73014161943305 5.41797510316717
2026-07-31T04:36:00.000 -2046.814934277240 5426.852665946190 3529.512765600810 -4.22463466399444 -4.53369062488880 4.51451914476416
2026-07-31T04:40:00.000 -2973.835503509510 4154.333869055040 4470.842991714000 -3.45343101906981 -6.00556004770817 3.28199566419639
2026-07-31T04:44:00.000 -3684.369756996690 2579.341531679660 5085.758825562150 -2.43167611635468 -7.03903808568490 1.81113881956550
2026-07-31T04:48:00.000 -4126.930626405140 816.712313461923 5329.701316361490 -1.23397081964292 -7.55981503374749 0.20947960373425
2026-07-31T04:52:00.000 -4269.543008090960 -1005.289821006190 5185.166198415060 0.05268356940043 -7.53092355631973 -1.40644091155705
2026-07-31T04:56:00.000 -4101.979603878600 -2754.262734991980 4662.865010284510 1.33513435490949 -6.95499055083293 -2.91941586696108
2026-07-31T05:00:00.000 -3636.460611097890 -4303.172639120230 3800.905305640230 2.52053957209012 -5.87388151339233 -4.21966916129565
2026-07-31T05:04:00.000 -2906.799430542710 -5539.502864593600 2662.067845511430 3.52289741717240 -4.36603735949147 -5.21261280443828
2026-07-31T05:08:00.000 -1965.996019910150 -6373.445189603550 1329.306260757810 4.26930530880248 -2.54116380894529 -5.82580368759448
2026-07-31T05:12:00.000 -882.412795402756 -6744.513285293860 -100.280987403121 4.70548127631396 -0.53239227353867 -6.01458474859894
2026-07-31T05:16:00.000 265.230743652628 -6626.005490506650 -1522.584089764800 4.79995104156211 1.51365260772776 -5.76557386856100
2026-07-31T05:20:00.000 1393.652320246860 -6026.919356797350 -2834.161268661180 4.54638561474100 3.44800397506243 -5.09765335434045
2026-07-31T05:24:00.000 2421.117338392560 -4991.156786756420 -3939.829119444350 3.96388168592667 5.13058476191151 -4.06026297806397
2026-07-31T05:28:00.000 3273.363171560390 -3594.131516417530 -4759.543310916070 3.09515002725420 6.44042478492606 -2.72925750976111
2026-07-31T05:32:00.000 3888.877947116550 -1937.154582042990 -5234.057704698530 2.00304910492373 7.28386403115009 -1.20102736190300
2026-07-31T05:36:00.000 4223.204149498370 -140.111204838704 -5329.045916359490 0.76600528689141 7.60061864678087 0.41438742896224
2026-07-31T05:40:00.000 4252.040949013080 1667.053227288730 -5037.464422541230 -0.52739128318480 7.36755730838075 2.00094571016310
2026-07-31T05:44:00.000 3972.981248535330 3353.475200173770 -4380.081408923340 -1.78429152141692 6.60027140446023 3.44420607074834
2026-07-31T05:48:00.000 3405.792747967200 4796.655710024610 -3404.151040293130 -2.91382294193211 5.35256803848555 4.63921509355798
2026-07-31T05:52:00.000 2591.176366215390 5891.310625993510 -2180.218736900110 -3.83346600428987 3.71340355054876 5.49802136922638
2026-07-31T05:56:00.000 1588.007460559310 6557.201458900060 -797.198779653519 -4.47530556610023 1.80134801231064 5.95658658906678
2026-07-31T06:00:00.000 469.143280992305 6745.271624907630 644.057555539496 -4.79153937039915 -0.24392522132894 5.98017864711175
2026-07-31T06:04:00.000 -683.916518858753 6441.483352852790 2038.213497353560 -4.75846747721499 -2.27215783540821 5.56645385893636
2026-07-31T06:08:00.000 -1787.099713051980 5667.965774069720 3283.324673230020 -4.37849459313355 -4.13420326526340 4.74586069098497
2026-07-31T06:12:00.000 -2760.036126263120 4481.332620838620 4288.465998965440 -3.67983255542046 -5.69368952348878 3.57911081028286
2026-07-31T06:16:00.000 -3531.996808756200 2968.353351816620 4980.441148382290 -2.71402955153604 -6.83725537945395 2.15225577766778
2026-07-31T06:20:00.000 -4047.015784654650 1239.403773279360 5309.066416961680 -1.55175800973072 -7.48262338211424 0.56973474875322
2026-07-31T06:24:00.000 -4267.859022374120 -579.663818245657 5250.666824525610 -0.27748342118015 -7.58378180775098 -1.05328069719207
2026-07-31T06:28:00.000 -4178.627569092900 -2356.624940321120 4809.694293548060 1.01649635310246 -7.13393918224774 -2.59895523094043
2026-07-31T06:32:00.000 -3785.872396526800 -3962.403849080280 4018.363273521560 2.23650873465244 -6.16596174230318 -3.95515016080660
2026-07-31T06:36:00.000 -3118.126338995130 -5280.364377931450 2934.320387097370 3.29412290832550 -4.75005805823732 -5.02331276301534
2026-07-31T06:40:00.000 -2223.882698537260 -6214.760530700970 1636.519583621930 4.11245076043261 -2.98913035954876 -5.72554356795114
2026-07-31T06:44:00.000 -1168.117511193160 -6697.776019645990 219.512830408483 4.63192393320145 -1.01160071413400 -6.01063615265679
2026-07-31T06:48:00.000 -27.543086912828 -6694.537309427550 -1213.487363228360 4.81493473742785 1.03815401714634 -5.85808985043775
2026-07-31T06:52:00.000 1115.040414485410 -6205.652398169260 -2558.221114310080 4.64867238840971 3.01074705309184 -5.27972462845644
2026-07-31T06:56:00.000 2176.833224118750 -5267.037737686110 -3717.050977407630 4.14589454346401 4.76316852548513 -4.31848223542494
2026-07-31T07:00:00.000 3081.052717311790 -3947.110934515230 -4606.039271328520 3.34361448367421 6.16920963858931 -3.04481016217669
2026-07-31T07:04:00.000 3762.420145984320 -2341.664520350950 -5160.918002285560 2.30004801710369 7.12823881149538 -1.55112443181830
2026-07-31T07:08:00.000 4171.743911785920 -566.895209866493 -5341.566334748100 1.09022130865876 7.57175074370344 0.05495698854821
2026-07-31T07:12:00.000 4279.340719014850 1248.862969429690 -5134.782710354270 -0.19922832259565 7.46765136579816 1.65798963398648
2026-07-31T07:16:00.000 4077.144073982630 2974.186939369080 -4555.231683199330 -1.47581861619174 6.82245755224747 3.14252571436312
2026-07-31T07:20:00.000 3579.364062993940 4483.853883807240 -3644.508798523560 -2.64742885960081 5.68112798998681 4.40084658613928
2026-07-31T07:24:00.000 2821.641120314000 5667.844534943350 -2468.370284683490 -3.62868993587066 4.12479242394508 5.34060643813624
2026-07-31T07:28:00.000 1858.653440801700 6439.466487089400 -1112.168837014330 -4.34732967371658 2.26564605125972 5.89192932109815
2026-07-31T07:32:00.000 760.272926696843 6741.940807133460 325.265273838534 -4.74988745782395 0.23927504734948 6.01320623640421
2026-07-31T07:36:00.000 -393.530178310595 6552.835359251840 1738.908228743390 -4.80627737473933 -1.80557076414442 5.69481589589243
2026-07-31T07:40:00.000 -1518.633129173120 5885.847705005840 3025.382211730370 -4.51220782618636 -3.71849914856010 4.96004013313002
2026-07-31T07:44:00.000 -2533.034960931550 4789.790132529520 4090.697913814090 -3.88951908703788 -5.35920660723250 3.86328189827404
2026-07-31T07:48:00.000 -3362.943015296610 3344.846455775730 4857.221554887620 -2.98427161296377 -6.60819302943509 2.48550222264447
2026-07-31T07:52:00.000 -3948.149868324730 1656.496713443130 5269.308078786010 -1.86284399758725 -7.37537533583873 0.92775777181857
2026-07-31T07:56:00.000 -4246.319882767390 -152.303168607654 5297.216792532880 -0.60687531998962 -7.60597938709813 -0.69644705702219
2026-07-31T08:00:00.000 -4235.956210864750 -1950.055301751120 4939.134609208880 0.69265827917365 -7.28393347770347 -2.26925752665195
2026-07-31T08:04:00.000 -3917.893327007620 -3606.160240452040 4221.246685023330 1.94169293357603 -6.43278976372046 -3.67654708106018
2026-07-31T08:08:00.000 -3315.252989626050 -5000.320519054920 3195.867249020640 3.04969748069351 -5.11436218672429 -4.81604157888122
2026-07-31T08:12:00.000 -2471.801603530630 -6031.260031676060 1937.679027470230 3.93619924184743 -3.42443011566351 -5.60473693347004
2026-07-31T08:16:00.000 -1448.815590170920 -6624.127897815570 538.342658920709 4.53667863389187 -1.48612929564231 -5.98508107726649
2026-07-31T08:20:00.000 -320.629523845674 -6736.033063548320 -900.204041930149 4.80755454681008 0.55902747467967 -5.92955995914501
2026-07-31T08:24:00.000 830.830002735098 -6359.188141122870 -2273.263935060220 4.72953771766339 2.56189287423989 -5.44282779604337
2026-07-31T08:28:00.000 1922.077580867520 -5521.381282619450 -3481.090835033070 4.30896755103878 4.37703859334307 -4.56117245039558
2026-07-31T08:32:00.000 2874.161959905780 -4283.765143105770 -4436.152825342660 3.57698490784534 5.87353943924875 -3.34937727085222
2026-07-31T08:36:00.000 3618.329788234930 -2736.234732256360 -5069.384140246750 2.58684983823168 6.94416922024728 -1.89554605746826
2026-07-31T08:40:00.000 4100.867422369900 -990.846582474453 -5335.016909500570 1.40986941426480 7.51246364744509 -0.30455610779096
2026-07-31T08:44:00.000 4286.844817668340 826.189720533551 -5213.740265900290 0.13035682272832 7.53756030015892 1.30925886628439
2026-07-31T08:48:00.000 4162.567559223730 2583.407791518880 -4714.055017805620 -1.16000052029550 7.01678311485303 2.82974613683960
2026-07-31T08:52:00.000 3736.626714022680 4153.365860016800 -3871.774774261850 -2.36825310891087 5.98624372677278 4.14678492576813
2026-07-31T08:56:00.000 3039.428847764710 5421.770705719560 -2747.639382093060 -3.40660318047739 4.51888000174514 5.16401044118883
2026-07-31T09:00:00.000 2121.200549588070 6295.852007463320 -1423.139432028600 -4.19874856209925 2.72016491759955 5.80602486291368
2026-07-31T09:04:00.000 1048.488921057260 6711.366031570380 5.288817327881 -4.68590578282868 0.72093625096301 6.02454780895032
2026-07-31T09:08:00.000 -100.654189570321 6637.578843723350 1433.320415488050 -4.83167105464954 -1.33217714728677 5.80264138537566
2026-07-31T09:12:00.000 -1242.455307736760 6079.713367645890 2756.523807098790 -4.62509865780454 -3.28814300732395 5.15639115450440
2026-07-31T09:16:00.000 -2293.676187814420 5078.578581450450 3878.190898983550 -4.08154759409828 -5.00337628211922 4.13361543982060
2026-07-31T09:20:00.000 -3177.801252451800 3707.434689519390 4716.523502127880 -3.24125894912198 -6.35274475543356 2.80986944612347
2026-07-31T09:24:00.000 -3830.637472258290 2066.434242408110 5210.595540862040 -2.16598876263244 -7.23860962520520 1.28242750047178
2026-07-31T09:28:00.000 -4204.920957256510 275.155823011912 5324.693369578990 -0.93415172698914 -7.59758589526370 -0.33724483519818
2026-07-31T09:32:00.000 -4273.638919007460 -1536.128465077050 5050.755378771720 0.36491886809316 -7.40441152382803 -1.93151759590149
2026-07-31T09:36:00.000 -4031.903511666690 -3235.835012390350 4408.869910701030 1.63725330145622 -6.67344340390508 -3.38481209451373
2026-07-31T09:40:00.000 -3497.292635133790 -4700.500683148690 3445.815525951530 2.79067874284018 -5.45765761334747 -4.59157584685732
2026-07-31T09:44:00.000 -2708.634291121880 -5823.711544547760 2231.734626534270 3.74139220118116 -3.84536220781376 -5.46388993225646
2026-07-31T09:48:00.000 -1723.227569034080 -6523.893713359680 855.074890559182 4.42023147027541 -1.95400214784093 -5.93810685561052
2026-07-31T09:52:00.000 -612.683243938430 -6750.323858369300 -583.867927533942 4.77786772637435 0.07836904093502 -5.97979156038496
2026-07-31T09:56:00.000 542.331119102326 -6486.860763940960 -1980.335854424310 4.78863860610156 2.10347439145955 -5.58643192402369
2026-07-31T10:00:00.000 1658.032592437210 -5753.049985828340 -3232.826441313470 4.45237544363504 3.97406582245286 -4.78745930785284
2026-07-31T10:04:00.000 2653.654253087590 -4602.543201546900 -4250.513985383100 3.79416785315274 5.55496528153271 -3.64177970751223
2026-07-31T10:08:00.000 3457.270839930380 -3118.993933425610 -4959.773690269170 2.86207556581608 6.73275931339410 -2.23287723699227
2026-07-31T10:12:00.000 4010.881362470530 -1409.889888887350 -5309.350473930250 1.72334969930102 7.42332596213796 -0.66253792500656
2026-07-31T10:16:00.000 4274.454673606000 401.162293652065 -5273.899357588180 0.45962222622617 7.57716103683291 0.95633912475104
2026-07-31T10:20:00.000 4228.732035150360 2183.167924195070 -4855.749188007670 -0.83860888137674 7.18255163502477 2.50734054750897
2026-07-31T10:24:00.000 3876.640612652060 3806.972715376220 -4084.807352491830 -2.07797497219790 6.26652832124363 3.87834857754210
2026-07-31T10:28:00.000 3243.231716601410 5154.465702870990 -3016.601827479560 -3.16857681299670 4.89369508382781 4.96925787474337
2026-07-31T10:32:00.000 2374.059591016250 6127.200532867830 -1728.491609930030 -4.03051884872128 3.16245390454156 5.69943757305130
2026-07-31T10:36:00.000 1332.037263951410 6653.772567129250 -314.188052822968 -4.59999790032473 1.19843914926151 6.01419393381268
2026-07-31T10:40:00.000 192.923248988849 6695.314271416750 1123.071103651830 -4.83453047559801 -0.85454123032049 5.88942724151152
2026-07-31T10:44:00.000 -960.263452748538 6248.567446741140 2478.190847667410 -4.71652406463562 -2.84549671390070 5.33391859660687
2026-07-31T10:48:00.000 -2043.437340927820 5346.184664474670 3652.101505502810 -4.25473862632076 -4.62813672918839 4.38874440948843
2026-07-31T10:52:00.000 -2977.716569021810 4054.218052622730 4559.143672258670 -3.48344168800241 -6.07219004671647 3.12379149762291
2026-07-31T10:56:00.000 -3695.223014687390 2467.083299529700 5133.339215495740 -2.45942227279553 -7.07297342588164 1.63209974095758
2026-07-31T11:00:00.000 -4143.972560162150 700.500682751047 5333.115859237360 -1.25748536208040 -7.55864107571958 0.02272446992278
2026-07-31T11:04:00.000 -4291.546804360450 -1116.998630529390 5144.192142701060 0.03510484784858 -7.49481329889704 -1.58734153763910
2026-07-31T11:08:00.000 -4127.354977269900 -2853.353928440740 4580.500347127800 1.32478979127193 -6.88660225408406 -3.08133319808126
2026-07-31T11:12:00.000 -3663.365375720960 -4382.455940902440 3683.152555973010 2.51823192815785 -5.77820755067065 -4.35085256894877
2026-07-31T11:16:00.000 -2933.265530608750 -5593.226206501260 2517.500965373570 3.52883708091830 -4.25000619662603 -5.30351588782503
2026-07-31T11:20:00.000 -1990.087096802010 -6397.708716340940 1168.450998585850 4.28303072773561 -2.41319598422784 -5.86980430495048
2026-07-31T11:24:00.000 -902.373650331373 -6737.561064992750 -265.710342005348 4.72596048937009 -0.40182676658483 -6.00847126243062
2026-07-31T11:28:00.000 250.849295034079 -6588.363034561600 -1680.543189514470 4.82568286854148 1.63726601779733 -5.70982503367098
2026-07-31T11:32:00.000 1385.895260205320 -5961.356177378450 -2973.164054716180 4.57552839116414 3.55564907495067 -4.99641274292086
2026-07-31T11:36:00.000 2420.557418949470 -4902.465062097380 -4049.788086468240 3.99435023438672 5.21452286359041 -3.92095122895133
2026-07-31T11:40:00.000 3280.051761672930 -3488.758759572830 -4832.487203250470 3.12471420314784 6.49466210432690 -2.56198733843603
2026-07-31T11:44:00.000 3902.335518430590 -1822.735425992850 -5264.696860792290 2.02953941884143 7.30457515638832 -1.01788223762151
2026-07-31T11:48:00.000 4242.445571347710 -24.914715830257 -5315.131704302640 0.78739927277573 7.58633775504622 0.60028548592187
2026-07-31T11:52:00.000 4275.632625202020 1774.691309422090 -4979.945360075490 -0.51277135586456 7.31920860859157 2.17621621790664
2026-07-31T11:56:00.000 3999.147916731620 3445.731636638100 -4283.055080568350 -1.77759552260081 6.52118205658494 3.59615349714360
2026-07-31T12:00:00.000 3432.558187367870 4866.774394874680 -3274.590616447310 -2.91555729193726 5.24827399870057 4.75670401197017
2026-07-31T12:04:00.000 2616.522855634160 5934.102902785530 -2027.495279249590 -3.84346899125286 3.59134292668332 5.57234810104731
2026-07-31T12:08:00.000 1610.040031514930 6569.442125300250 -632.416061001036 -4.49273211254911 1.67038895306514 5.98209875097897
2026-07-31T12:12:00.000 486.230975677592 6725.981529094420 808.864289413994 -4.81506362684845 -0.37408268015453 5.95484563397040
2026-07-31T12:16:00.000 -673.038054104651 6392.024488734010 2190.982702575510 -4.78636851160179 -2.39184384743936 5.49209779241549
2026-07-31T12:20:00.000 -1783.240418635160 5591.933988410740 3412.880494280680 -4.40872648911794 -4.23458808168963 4.62797154566482
2026-07-31T12:24:00.000 -2763.491195852140 4384.278824965260 4385.347759946200 -3.71017912800425 -5.76741931659341 3.42640327159450
2026-07-31T12:28:00.000 -3542.526398642040 2857.357972865050 5037.591852466530 -2.74227830810985 -6.87899238330054 1.97590027951098
2026-07-31T12:32:00.000 -4063.865678060610 1122.559580059200 5322.331361322060 -1.57585817956985 -7.48932816168877 0.38262173671869
2026-07-31T12:36:00.000 -4289.818218455660 -693.842341275428 5219.101624203560 -0.29570295008169 -7.55501402701524 -1.23746346801904
2026-07-31T12:40:00.000 -4204.116677048810 -2459.835311993510 4735.624601366390 1.00548346819620 -7.07187460034234 -2.76682430695765
2026-07-31T12:44:00.000 -3813.050978150650 -4047.153241754890 3907.194479353710 2.23353116901763 -6.07512029758826 -4.09455818683123
2026-07-31T12:48:00.000 -3145.023430039720 -5340.498763022310 2794.151345902890 3.29943223760776 -4.63703635146864 -5.12408005701065
2026-07-31T12:52:00.000 -2248.543431728600 -6245.926015982020 1477.570128959090 4.12567074432242 -2.86222519926841 -5.78033363327884
2026-07-31T12:56:00.000 -1188.743202778470 -6697.735297240410 53.361990493947 4.65212332559885 -0.88003973153547 -6.01549193670438
2026-07-31T13:00:00.000 -42.627617143716 -6663.323368497960 -1374.740485376500 4.84063097817337 1.16477292871564 -5.81268044251407
2026-07-31T13:04:00.000 1106.601522061090 -6145.573590537270 -2702.847091370440 4.67802382128274 3.12320216790410 -5.18743335559854
2026-07-31T13:08:00.000 2175.668900654030 -5182.496069438240 -3834.549757076180 4.17679764441466 4.85334705551666 -4.18610356468636
2026-07-31T13:12:00.000 3087.266887094250 -3844.262388647750 -4687.896372382120 3.37382337119227 6.23067957747613 -2.88198414681657
2026-07-31T13:16:00.000 3775.576645004070 -2227.965497405230 -5201.202268739110 2.32732780964514 7.15664839143321 -1.36960346688736
2026-07-31T13:20:00.000 4190.888244670420 -450.571806705768 -5337.342134860180 1.11252125514315 7.56508383079912 0.24210226136525
2026-07-31T13:24:00.000 4303.062409016010 1359.397758440190 -5086.313816271570 -0.18363689816644 7.42635208146190 1.83732533383037
2026-07-31T13:28:00.000 4103.673538374700 3070.911852715300 -4465.966452325170 -1.46816261933025 6.74934119920982 3.30107943225081
2026-07-31T13:32:00.000 3606.714226807130 4559.705386546250 -3520.864231169220 -2.64829012358058 5.58133189268170 4.52702157667424
2026-07-31T13:36:00.000 2847.764703993290 5717.237462924770 -2319.290351324870 -3.63797599993442 4.00543514998386 5.42506280155435
2026-07-31T13:40:00.000 1881.605902151100 6458.724137504340 -948.494344724259 -4.36429903453897 2.13542343243282 5.92832217915654
2026-07-31T13:44:00.000 778.354008988980 6729.591335964930 491.589911072108 -4.77324646650113 0.10772601656317 5.99873267214794
2026-07-31T13:48:00.000 -381.645425046293 6509.739297022560 1895.711469293660 -4.83423903616588 -1.92862234915730 5.63043915618523
2026-07-31T13:52:00.000 -1513.816637218140 5815.168606805080 3161.194708635410 -4.54280651288189 -3.82388877673006 4.85059284854912
2026-07-31T13:56:00.000 -2535.665922638790 4696.719353489830 4195.616080768460 -3.92060743365798 -5.43928629500628 3.71686836525588
2026-07-31T14:00:00.000 -3372.864995940920 3236.186944863530 4923.615487640700 -3.01355942617536 -6.65723513275925 2.31284285132592
2026-07-31T14:04:00.000 -3964.666085004670 1540.169648225210 5292.360724183110 -1.88817226919066 -7.38984607900637 0.74144984787554
2026-07-31T14:08:00.000 -4268.250787428660 -267.827024002257 5275.269241543310 -0.62638949679321 -7.58485577308699 -0.88285502489002
2026-07-31T14:12:00.000 -4261.725329944600 -2056.366908458590 4873.801264216490 0.68038109789780 -7.22876635408509 -2.44218585775080
2026-07-31T14:16:00.000 -3945.644438100610 -3695.530201845150 4117.300794087700 1.93756485358230 -6.34764353946538 -3.82343351732185
2026-07-31T14:20:00.000 -3342.974232915280 -5066.255828547940 3060.884085738710 3.05407666629671 -5.00540608832685 -4.92620748962218
2026-07-31T14:24:00.000 -2497.477145968390 -6068.969134770230 1781.501737298490 3.94875964682994 -3.29962134972614 -5.67010153320975
2026-07-31T14:28:00.000 -1470.579504542640 -6630.892491473890 372.362745378938 4.55652568798502 -1.35464792265636 -6.00091996073467
2026-07-31T14:32:00.000 -336.891481282723 -6711.398950869180 -1063.896149942410 4.83327915936159 0.68760045748987 -5.89478019630868
2026-07-31T14:36:00.000 821.264779664946 -6304.990044088420 -2422.759240809230 4.75928280350985 2.67818196879886 -5.36004381801014
2026-07-31T14:40:00.000 1919.922702957540 -5441.601676505830 -3605.538049334340 4.34060201293170 4.47264170249327 -4.43650831008909
2026-07-31T14:44:00.000 2879.598395824740 -4184.226349126590 -4526.541848309040 3.60822639971907 5.94161799586117 -3.19195857394749
2026-07-31T14:48:00.000 3630.986799510420 -2624.163072047630 -5119.183261191460 2.61540722068116 6.97991024289789 -1.71676366067984
2026-07-31T14:52:00.000 4119.841359737690 -874.354585675877 -5340.622402032790 1.43362299877201 7.51333559028839 -0.11728004391377
2026-07-31T14:56:00.000 4310.760659799350 938.672897895489 -5174.729691497570 0.14752157839415 7.50347939683970 1.49152998546578
2026-07-31T15:00:00.000 4189.672883665800 2683.733563784280 -4633.225581124380 -1.15076490897080 6.95014631254869 2.99384859212262
2026-07-31T15:04:00.000 3764.917704956590 4234.237982152110 -3754.953258234730 -2.36766794312621 5.89172855384885 4.28077015982584
2026-07-31T15:08:00.000 3066.814127705490 5477.272544659890 -2603.288818822350 -3.41468572213608 4.40325539580273 5.25801055794822
2026-07-31T15:12:00.000 2145.662897954350 6321.896446871170 -1261.761020596040 -4.21486411593943 2.59182130136059 5.85302219598359
2026-07-31T15:16:00.000 1068.236456618330 6706.023420621370 171.911956895249 -4.70883773037070 0.58934753318440 6.02097843902250
2026-07-31T15:20:00.000 -87.065599882165 6601.240589007420 1593.004261660550 -4.85974989285881 -1.45728347751298 5.74873867019668
2026-07-31T15:24:00.000 -1236.021408778570 6015.062197099890 2897.591907697630 -4.65628248715779 -3.39750679641367 5.05613327082686
2026-07-31T15:28:00.000 -2294.879512788060 4990.390709505450 3990.352753649340 -4.11363736894569 -5.08896356397075 3.99448967438952
2026-07-31T15:32:00.000 -3186.589889327020 3602.192651913120 4791.634692656720 -3.27200163999750 -6.40844615185277 2.64214538982730
2026-07-31T15:36:00.000 -3846.414447417910 1951.817498254760 5243.224127119400 -2.19311208839304 -7.26056918824609 1.09827483244031
2026-07-31T15:40:00.000 -4226.564020625930 159.498581298229 5312.480302827780 -0.95560012878378 -7.58424551922971 -0.52449880492857
2026-07-31T15:44:00.000 -4299.581807518040 -1644.418479162850 4994.590084352850 0.35076455224350 -7.35672486918498 -2.10830808331024
2026-07-31T15:48:00.000 -4060.255764132820 -3328.874088539820 4312.828128959900 1.63145186704086 -6.59480906049472 -3.53828941455893
2026-07-31T15:52:00.000 -3525.985272159210 -4771.503931546830 3316.880472558810 2.79365733958736 -5.35378244835597 -4.71052398486831
2026-07-31T15:56:00.000 -2735.574733422510 -5867.498452158740 2079.296559355860 3.75292406056239 -3.72382240283587 -5.53959873597821
2026-07-31T16:00:00.000 -1746.456541111220 -6537.270779352480 690.244028510422 4.43943106665427 -1.82369502185843 -5.96503986182596
2026-07-31T16:04:00.000 -630.520557913913 -6732.334193263320 -749.081893350900 4.80332779990621 0.20783925837972 -5.95604949258213
2026-07-31T16:08:00.000 531.177781732959 -6438.852409645740 -2133.917790461080 4.81854646343361 2.22262598006289 -5.51385291518453
2026-07-31T16:12:00.000 1654.380686725760 -5678.560588723800 -3363.636803465780 4.48460709590495 4.07425630014993 -4.67145161054913
2026-07-31T16:16:00.000 2657.787104200020 -4507.020004728790 -4349.094416551540 3.82641835326350 5.62900461878417 -3.49085276503466
2026-07-31T16:20:00.000 3468.913205715740 -3009.387191256090 -5019.019335642860 2.89202527894107 6.77538802548112 -2.05800483166523
2026-07-31T16:24:00.000 4029.215634923190 -1294.145619676040 -5325.003960169520 1.74882330208396 7.43154102219595 -0.47634125498780
2026-07-31T16:28:00.000 4298.174158831280 514.667185012288 -5244.846910944200 0.47874549348046 7.55039751283166 1.14044157553013
2026-07-31T16:32:00.000 4256.131156143260 2286.217299723220 -4784.098975465970 -0.82726216751489 7.12270472047372 2.67605922813837
2026-07-31T16:36:00.000 3905.735478942930 3892.094289134540 -3975.754859693890 -2.07528903884897 6.17787479679913 4.01940457350908
2026-07-31T16:40:00.000 3271.901699110180 5215.473180906380 -2878.073787150590 -3.17478421436560 4.78261644252277 5.07231695841747
2026-07-31T16:44:00.000 2400.212808300380 6159.650385057800 -1570.580437023660 -4.04515096931724 3.03700871602602 5.75689863167999
2026-07-31T16:48:00.000 1353.771670228470 6655.303360702110 -148.423952208582 -4.62195832246706 1.06782027095451 6.02175562034056
2026-07-31T16:52:00.000 208.664484021221 6665.844303708750 1284.564547613340 -4.86221492435962 -0.98065406866157 5.84650292153688
2026-07-31T16:56:00.000 -951.661537280031 6190.309456730400 2623.609641064400 -4.74798543787560 -2.95781137196324 5.24372624389222
2026-07-31T17:00:00.000 -2042.617669662790 5263.459878750220 3770.837704443390 -4.28774290024515 -4.71846600488112 4.25796522044549
2026-07-31T17:04:00.000 -2984.768413505430 3953.123098144070 4642.562396746430 -3.51563956890681 -6.13403066423360 2.96207689829976
2026-07-31T17:08:00.000 -3709.672195048840 2355.020187003770 5175.401940458880 -2.48848687502328 -7.10201816969321 1.45128429083507
2026-07-31T17:12:00.000 -4164.797450622300 585.617886096918 5330.787666587280 -1.28120238634679 -7.55296193997156 -0.16415640746946
2026-07-31T17:16:00.000 -4317.230925214400 -1226.366004004140 5097.630368425330 0.01859451157989 -7.45479488556053 -1.76683870089816
2026-07-31T17:20:00.000 -4156.002410930720 -2949.252401958670 4493.055230184690 1.31676815592196 -6.81504021317177 -3.24045837293941
2026-07-31T17:24:00.000 -3692.851650780500 -4457.877954683040 3561.142371112190 2.51929290414747 -5.68015740479827 -4.47799701764315
2026-07-31T17:28:00.000 -2961.415581104560 -5642.628500573370 2369.776087298670 3.53883621584702 -4.13255084011170 -5.38933169286786
2026-07-31T17:32:00.000 -2014.835605468610 -6417.440370993740 1005.758335006250 4.30119368032820 -2.28491938499438 -5.90794536019701
2026-07-31T17:36:00.000 -921.917784821774 -6726.150320297440 -431.518300095421 4.75089614081818 -0.27219705982966 -5.99614288683611
2026-07-31T17:40:00.000 237.924528300095 -6546.636169094660 -1837.399586885120 4.85557248538359 1.75872475985430 -5.64803246413056
2026-07-31T17:44:00.000 1380.524754615810 -5892.353128452520 -3109.679915787590 4.60820770528134 3.66010818372119 -4.88975022850170
2026-07-31T17:48:00.000 2423.129050436730 -4811.204956171440 -4156.074472315110 4.02745723411004 5.29441361059056 -3.77725058601836
2026-07-31T17:52:00.000 3290.382887157320 -3381.867516037290 -4900.866921296290 3.15587805004398 6.54425185384205 -2.39172260550559
2026-07-31T17:56:00.000 3919.684705945170 -1707.956441419950 -5290.243974111930 2.05650715904055 7.32032198208937 -0.83337455252653
2026-07-31T18:00:00.000 4265.565680158880 89.446133218576 -5296.015587251960 0.80822761487894 7.56712918063775 0.78571918187846
2026-07-31T18:04:00.000 4302.856404738710 1880.360181931060 -4917.558283353070 -0.49961697963996 7.26641893556811 2.34918635969958
2026-07-31T18:08:00.000 4028.502060065130 3535.054135509270 -4181.917116650700 -1.77310967454685 6.43856205668301 3.74413670560717
2026-07-31T18:12:00.000 3461.909248496140 4933.258554444000 -3142.041170785310 -2.92006344492553 5.14172659185918 4.86886048336487
2026-07-31T18:16:00.000 2643.743367332890 5972.907700082860 -1873.189716289370 -3.85661429740274 3.46865889117359 5.64036480156659
2026-07-31T18:20:00.000 1633.154213420870 6577.759021326500 -467.619597618734 -4.51359863114348 1.54056174753293 6.00096533691959
2026-07-31T18:24:00.000 503.559809948700 6703.231976402430 972.110767569729 -4.84210645117185 -0.50154038273119 5.92313736303845
2026-07-31T18:28:00.000 -662.745088070007 6339.918490104280 2340.746543192950 -4.81760682632863 -2.50750146435130 5.41215420707760
2026-07-31T18:32:00.000 -1780.730787933370 5514.351114768410 3538.232813562260 -4.44197475643953 -4.32994328519815 4.50575588234378
2026-07-31T18:36:00.000 -2768.969974141910 4286.949867098420 4477.171255947670 -3.74309607409966 -5.83563401039243 3.27093145427041
2026-07-31T18:40:00.000 -3555.624446988210 2747.419730285900 5089.229551050940 -2.77246903701876 -6.91523788580373 1.79854049680785
2026-07-31T18:44:00.000 -4083.658517805500 1008.029643540350 5330.056389609420 -1.60110003451642 -7.49114848428017 0.19626287731844
2026-07-31T18:48:00.000 -4314.872233840690 -804.653570438720 5182.360733955060 -0.31400550863589 -7.52239319242285 -1.41942736679015
2026-07-31T18:52:00.000 -4232.575631829420 -2558.887844296370 4657.055164672940 0.99560237758437 -7.00706968950371 -2.93131773783030
2026-07-31T18:56:00.000 -3842.786378112590 -4127.221785666960 3792.458698064780 2.23284395443690 -5.98266675038986 -4.22959906205416
2026-07-31T19:00:00.000 -3173.814193267590 -5395.703290298950 2651.555120026400 3.30792912214937 -4.52353772335241 -5.21978589537141
2026-07-31T19:04:00.000 -2274.257799726370 -6272.170815105150 1317.463830706170 4.14262950394133 -2.73587062273103 -5.82962963076705
2026-07-31T19:08:00.000 -1209.503632966180 -6693.037919871830 -112.600234610419 4.67618376014036 -0.75015768244207 -6.01469626709400
2026-07-31T19:12:00.000 -56.933873037841 -6627.993106708980 -1534.477538937370 4.87002172510966 1.28860202464900 -5.76193058168078
2026-07-31T19:16:00.000 1099.776101958800 -6082.164721201440 -2844.752614311700 4.71059740855850 3.23193259506819 -5.09051142883916
2026-07-31T19:20:00.000 2176.809785394420 -5095.607341596200 -3948.334371667060 4.21020842544644 4.93909264471326 -4.05012239119945
2026-07-31T19:24:00.000 3096.286625074230 -3740.191985319490 -4765.325241711230 3.40567173151698 6.28725103611639 -2.71684720872063
2026-07-31T19:28:00.000 3791.819404326760 -2114.248137333630 -5236.681844933380 2.35530432114245 7.17998648990687 -1.18728729865507
2026-07-31T19:32:00.000 4213.172980535440 -335.434358459080 -5328.315305890640 1.13458938580865 7.55350392428327 0.42842184714697
2026-07-31T19:36:00.000 4329.769938285700 1467.623307565580 -5033.440164301250 -0.16907668989674 7.38067961208169 2.01418096267682
2026-07-31T19:40:00.000 4132.860295089270 3164.387373795870 -4373.075075211440 -1.46219241510918 6.67283219822316 3.45567581527931
2026-07-31T19:44:00.000 3636.249812359010 4631.644158284310 -3394.687145234740 -2.65137751798568 5.47944427919752 4.64810078936101
2026-07-31T19:48:00.000 2875.487663372930 5762.393604230180 -2168.996619744360 -3.64989511677650 3.88548754765200 5.50370435846625
2026-07-31T19:52:00.000 1905.494712770440 6473.789111315770 -785.042236915420 -4.38412330505675 2.00616630505426 5.95863861061616
2026-07-31T19:56:00.000 796.677363810813 6713.473723406000 656.254005706227 -4.79952992066452 -0.02125756285407 5.97845781631488
2026-07-31T20:00:00.000 -370.223034423519 6463.648396332350 2049.553979700600 -4.86511001710834 -2.04788991307779 5.56109100683357
2026-07-31T20:04:00.000 -1510.127801298710 5742.502101901570 3292.978437813030 -4.57598608274116 -3.92471541164011 4.73725359489352
2026-07-31T20:08:00.000 -2539.978426316370 4602.825277487200 4295.728105112260 -3.95370948207217 -5.51427804394664 3.56791788605895
2026-07-31T20:12:00.000 -3384.877391559830 3127.952337347870 4984.780927901780 -3.04423713375202 -6.70104778899567 2.13922156961145
2026-07-31T20:16:00.000 -3983.522635878190 1425.490171338350 5310.142842997190 -1.91417218230546 -7.39942806212211 0.55574292122023
2026-07-31T20:20:00.000 -4292.585463870890 -380.612974118363 5248.375441525800 -0.64574094590165 -7.55960687625415 -1.06718580591744
2026-07-31T20:24:00.000 -4289.744958898000 -2159.075160754530 4804.170902110500 0.66924094514519 -7.17053488319751 -2.61183693996681
2026-07-31T20:28:00.000 -3975.251557277780 -3780.693096514630 4009.958653581710 1.93556443711064 -6.26052227494908 -3.96613133270750
2026-07-31T20:32:00.000 -3371.946848441930 -5127.641340554380 2923.596513851690 3.06131811275663 -4.89558131943758 -5.03152408420213
2026-07-31T20:36:00.000 -2523.656510285290 -6102.050089636620 1624.225735250610 3.96463571137629 -3.17500086447544 -5.73032753292849
2026-07-31T20:40:00.000 -1492.035206992890 -6633.184695297480 206.527425796265 4.57974642472901 -1.22428207773334 -6.01156410866111
2026-07-31T20:44:00.000 -352.068611340625 -6682.678323393420 -1226.217865976010 4.86205496330985 0.81407206263973 -5.85504661397698
2026-07-31T20:48:00.000 813.455435365443 -6247.318006619310 -2569.760771276600 4.79153149728806 2.79149913625910 -5.27289649999790
2026-07-31T20:52:00.000 1920.037187206970 -5359.150568292270 -3726.541598454650 4.37398759411155 4.56455957178953 -4.30833696644110
2026-07-31T20:56:00.000 2887.621459616030 -4082.965034017900 -4612.769711717860 3.64034362486355 6.00550830008181 -3.03209621833508
2026-07-31T21:00:00.000 3646.329049527060 -2511.412695816300 -5164.380601599250 2.64390595491381 7.01118593389772 -1.53677944448178
2026-07-31T21:04:00.000 4141.373147952670 -758.261327677239 -5341.498989159970 1.45637430897864 7.50974328790585 0.06983997058940
2026-07-31T21:08:00.000 4336.885260694920 1049.713403021770 -5131.191487465830 0.16280454508993 7.46520152843792 1.67228679923544
2026-07-31T21:12:00.000 4218.449719192050 2781.667722808760 -4548.389917524820 -1.14408553899192 6.87985280003739 3.15514018642624
2026-07-31T21:16:00.000 3794.207716119680 4311.937445522170 -3634.936243115610 -2.37010150650709 5.79440480526678 4.41086316710551
2026-07-31T21:20:00.000 3094.436871782530 5529.045733220580 -2456.775033314770 -3.42605332185352 4.28582334600241 5.34734856899339
2026-07-31T21:24:00.000 2169.568818533560 6343.909680057820 -1099.398837175450 -4.23426714890471 2.46277102109629 5.89491419036218
2026-07-31T21:28:00.000 1086.666848899150 6696.613344475640 338.274599225539 -4.73477034345852 0.45816645169013 6.01219911898076
2026-07-31T21:32:00.000 -75.451739678179 6561.069231718560 1751.200422939440 -4.89027420883590 -1.58084495008337 5.68988768606620
2026-07-31T21:36:00.000 -1232.069024116190 5947.074177799850 3036.057577641170 -4.68922444532207 -3.50432890238407 4.95158100687236
2026-07-31T21:40:00.000 -2298.887067766700 4899.569884395600 4098.979187146620 -4.14661816548884 -5.17124692304937 3.85191804492478
2026-07-31T21:44:00.000 -3198.274780355530 3495.189422800740 4862.508273439210 -3.30260773353143 -6.46019386449999 2.47205235571937
2026-07-31T21:48:00.000 -3864.937589895030 1836.454646216350 5271.207099486020 -2.21915093425766 -7.27808103848416 0.91313556371795
2026-07-31T21:52:00.000 -4250.596977171480 44.181921393500 5295.564038952740 -0.97519291551140 -7.56636493597207 -0.71124662651900
2026-07-31T21:56:00.000 -4327.390890625970 -1751.307441923750 4934.020064146840 0.33909334305182 -7.30481064389285 -2.28312303945578
2026-07-31T22:00:00.000 -4089.816231643480 -3419.575125912420 4213.018465547320 1.62862600962338 -6.51264325626391 -3.68847389878786
2026-07-31T22:04:00.000 -3555.131107400040 -4839.430895705650 3185.097307282060 2.79992942845604 -5.24731506672020 -4.82516127599512
2026-07-31T22:08:00.000 -2762.160779008050 -5907.710988424020 1925.131062081780 3.76784405267627 -3.60074738598980 -5.61033384320826
2026-07-31T22:12:00.000 -1768.529367257320 -6546.842044546450 524.921287855674 4.46188837668340 -1.69298180099383 -5.98671325540416
2026-07-31T22:16:00.000 -646.461363492891 -6710.568537464000 -913.521354653598 4.83165297391596 0.33665927516327 -5.92705981319057
2026-07-31T22:20:00.000 522.533855162563 -6387.347852917840 -2285.498960373750 4.85065772696815 2.34010679428663 -5.43636382608608
2026-07-31T22:24:00.000 1653.668806161090 -5601.088785733600 -3491.343090207530 4.51820137863526 4.17186098042951 -4.55121244208580
2026-07-31T22:28:00.000 2665.074935330080 -4409.225147555790 -4443.665512802810 3.85908203020774 5.69974997882477 -3.33665045499647
2026-07-31T22:32:00.000 3483.686784770500 -2898.358654110490 -5073.603209699030 2.92135106871775 6.81427149862356 -1.88099747117000
2026-07-31T22:36:00.000 4050.400548378700 -1177.907303695320 -5335.631811168930 1.77257981811599 7.43580807208612 -0.28925706305667
2026-07-31T22:40:00.000 4324.202270792280 627.715028135301 -5210.708644551540 0.49507880400440 7.51968448026742 1.32415387157126
2026-07-31T22:44:00.000 4285.052305906290 2387.878249118360 -4707.610042865610 -0.81964373505059 7.05907237940455 2.84311885581660
2026-07-31T22:48:00.000 3935.375429280140 3974.955469907790 -3862.404880358040 -2.07695270751743 6.08577701210505 4.15763593382492
2026-07-31T22:52:00.000 3300.033633450040 5273.452505554910 -2736.044666512340 -3.18560876983720 4.66860439193618 5.17160106511762
2026-07-31T22:56:00.000 2424.722816863750 6188.440023527140 -1410.166583170280 -4.06431356654080 2.90924413689422 5.80984797057857
2026-07-31T23:00:00.000 1372.825124333200 6652.700989626820 18.694041794798 -4.64796800221168 0.93559567983270 6.02429855467076
2026-07-31T23:04:00.000 220.852196416639 6631.950275272340 1446.172895781240 -4.89305152397032 -1.10756650986873 5.79831544557407
2026-07-31T23:08:00.000 -947.223246148872 6127.547660385190 2767.878871779960 -4.78132874895812 -3.06995403328537 5.14831481959383
2026-07-31T23:12:00.000 -2046.244943638260 5176.404925161550 3887.216316769430 -4.32121319450934 -4.80752167098000 4.12239693628023
2026-07-31T23:16:00.000 -2996.203488086090 3848.134300622490 4722.560296356830 -3.54683804891722 -6.19351900493421 2.79634161921830
2026-07-31T23:20:00.000 -3728.090666376820 2239.755320437710 5213.199564392960 -2.51512392496739 -7.12763960540924 1.26750683998235
2026-07-31T23:24:00.000 -4188.865673597290 468.480811632211 5323.651374520360 -1.30137224791130 -7.54285940666814 -0.35252810139096
2026-07-31T23:28:00.000 -4345.216512120890 -1336.849579014400 5046.108628768660 0.00631964574388 -7.40980391642475 -1.94609713779253
2026-07-31T23:32:00.000 -4185.889143021430 -3045.058372314200 4400.918897515670 1.31329775982013 -6.73847055933174 -3.39758443101302
2026-07-31T23:36:00.000 -3722.482729775170 -4532.057459416200 3435.116697995950 2.52488004995351 -5.57761074435186 -4.60155274171418
2026-07-31T23:40:00.000 -2988.653876101280 -5689.815729682550 2219.056435634760 3.55306290636612 -4.01154994851423 -5.47030316814221
2026-07-31T23:44:00.000 -2037.721509960630 -6434.253157688330 841.336210381932 4.32301788178331 -2.15436182692362 -5.94047385383470
2026-07-31T23:48:00.000 -938.803475290930 -6711.435607528440 -597.667538044467 4.77877521615308 -0.14163495298581 -5.97792579855144
2026-07-31T23:52:00.000 228.260895684454 -6501.546610274510 -1993.189315502690 4.88751918271985 1.87973027015798 -5.58046774311797
2026-07-31T23:56:00.000 1378.793714036480 -5820.262659041100 -3243.804603967660 4.64198035957943 3.76274816408183 -4.77790352854459
2026-08-01T00:00:00.000 2429.486789871600 -4717.434214124410 -4258.839032402320 4.06068835457605 5.37137240674109 -3.62936629507288
2026-08-01T00:04:00.000 3304.411474317900 -3273.269284678990 -4964.869293719290 3.18618134247274 6.59013778078581 -2.21854967365123
2026-08-01T00:08:00.000 3940.406726390440 -1592.411776689310 -5310.883752567760 2.08162116056459 7.33199303333335 -0.64736417917950
2026-08-01T00:12:00.000 4291.490256753470 203.581932003217 -5271.800545233860 0.82617608878338 7.54377976278677 0.97125041801390
2026-08-01T00:16:00.000 4332.076936339220 1984.823432094700 -4850.212632082440 -0.49029090556125 7.20962458542402 2.52089904338959
2026-08-01T00:20:00.000 4058.841799960100 3622.242640992100 -4076.280696531920 -1.77317261727651 6.35224730903091 3.88955620139058
2026-08-01T00:24:00.000 3491.098528281840 4996.782027404970 -3005.748915814350 -2.92953009393343 5.03201800601148 4.97733013203872
2026-08-01T00:28:00.000 2669.594179044160 6008.067815588090 -1716.129140114040 -3.87479457817515 3.34343366561804 5.70388754465472
2026-08-01T00:32:00.000 1653.726491662000 6581.897433041980 -301.218788229193 -4.53912563758174 1.40884113180956 6.01476846110116
2026-08-01T00:36:00.000 517.314800992615 6675.938590526400 1135.701140799550 -4.87302627301317 -0.63013321070501 5.88603539740159
2026-08-01T00:40:00.000 -656.827269013960 6283.094347204660 2489.548625716860 -4.85158744793889 -2.62347250026024 5.32677159988630
2026-08-01T00:44:00.000 -1783.081247875550 5432.078049632230 3661.338906553100 -4.47646113619989 -4.42472344708478 4.37832283421949
2026-08-01T00:48:00.000 -2779.403097161900 4185.195877365040 4565.558890717140 -3.77556109392237 -5.90219335965100 3.11083780415444
2026-08-01T00:52:00.000 -3573.370708352070 2633.583514576770 5136.432773109430 -2.80056964983301 -6.94875908865018 1.61753071817279
2026-08-01T00:56:00.000 -4107.411340170380 890.380794069714 5332.614353830550 -1.62274147217569 -7.48919227163304 0.00750060842025
2026-08-01T01:00:00.000 -4342.882889785310 -917.555216825406 5140.064571553500 -0.32764479187899 -7.48502942219003 -1.60214734546497
2026-08-01T01:04:00.000 -4262.800065914700 -2658.825008603350 4572.978804656420 0.99090687464659 -6.93706730180276 -3.09463805558976
2026-08-01T01:08:00.000 -3873.024015079880 -4206.930911414940 3672.722439158420 2.23741789574471 -5.88513401260114 -4.36161993577178
2026-08-01T01:12:00.000 -3201.873501417330 -5449.400105286850 2504.882412990920 3.32139233938413 -4.40563602580542 -5.31086059160992
2026-08-01T01:16:00.000 -2298.114304713840 -6295.981609263980 1154.542804983200 4.16397396809059 -2.60625894312469 -5.87313195892881
2026-08-01T01:20:00.000 -1227.441146768350 -6685.284899624330 -279.903941188656 4.70386266500274 -0.61835593043965 -6.00750187747171
2026-08-01T01:24:00.000 -67.665222797870 -6589.317568924030 -1693.993763763110 4.90203798302201 1.41289812019456 -5.70464804086905
2026-08-01T01:28:00.000 1097.025956011570 -6015.478131943500 -2984.905236994500 4.74470063300557 3.33963522780177 -4.98744169911493
2026-08-01T01:32:00.000 2182.258648098930 -5005.858298761700 -4058.989995824270 4.24403845611542 5.02242593154183 -3.90890541443326
2026-08-01T01:36:00.000 3109.585863737910 -3633.972068337480 -4838.521681018450 3.43686583296247 6.34038265822810 -2.54780167094703
2026-08-01T01:40:00.000 3812.057188571420 -1999.287259047260 -5267.172405423170 2.38156485721090 7.19928425402366 -1.00259599338205
2026-08-01T01:44:00.000 4238.914983419450 -220.053391753288 -5313.920098239570 1.15389096364179 7.53769451638914 0.61553747164210
2026-08-01T01:48:00.000 4359.145006128350 1575.082515159020 -4975.188273396950 -0.15831685424947 7.33084892925620 2.19033548663912
2026-08-01T01:52:00.000 4163.693201539610 3256.122010766900 -4275.146330586880 -1.46089405781657 6.59238363767666 3.60813967339795
2026-08-01T01:56:00.000 3666.237032570190 4700.939511233960 -3264.148302351430 -2.65967662810764 5.37400933972267 4.76570483359411
2026-08-01T02:00:00.000 2902.389423847950 5804.126646632180 -2015.318778870150 -3.66714308913751 3.76264002679529 5.57771663054704
2026-08-01T02:04:00.000 1927.304889339540 6484.836738023220 -619.418741316843 -4.40904779885119 1.87486037739391 5.98354955808898
2026-08-01T02:08:00.000 811.763233557369 6692.944613513660 821.732229560066 -4.83028390515402 -0.15147478410831 5.95231650515917
2026-08-01T02:12:00.000 -362.988415369947 6412.963645816170 2202.775441177800 -4.89937686440803 -2.16740857615352 5.48571447591617
2026-08-01T02:16:00.000 -1511.288045672150 5665.310684044920 3422.719240560210 -4.61124319252094 -4.02472810103019 4.61816420506540
2026-08-01T02:20:00.000 -2549.457364589130 4504.720175650960 4392.485894583010 -3.98734068832506 -5.58747365421728 3.41383379905179
2026-08-01T02:24:00.000 -3401.980418588970 3016.060563284550 5041.467234366220 -3.07375070389070 -6.74203199194574 1.96144193758669
2026-08-01T02:28:00.000 -4006.996195089750 1307.949124738700 5322.612176534610 -1.93742120837960 -7.40524303841891 0.36730261826091
2026-08-01T02:32:00.000 -4320.709623491230 -495.262539882472 5215.707803493690 -0.66100682515719 -7.52983130378316 -1.25259238262648
2026-08-01T02:36:00.000 -4320.461359656100 -2262.491504288290 4728.730764745500 0.66301656726253 -7.10726880080242 -2.78067524764478
2026-08-01T02:40:00.000 -4006.334150506500 -3865.348695205750 3897.240409366350 1.93874745579413 -6.16842028525104 -4.10603459925814
2026-08-01T02:44:00.000 -3401.154316752650 -5187.394007465140 2781.821448927730 3.07366553822380 -4.78143658674538 -5.13227710869803
2026-08-01T02:48:00.000 -2548.885876137540 -6132.591107977340 1463.736129990800 3.98523699851163 -3.04722451567486 -5.78457685267551
2026-08-01T02:52:00.000 -1511.474354188590 -6632.361391917230 39.026488064963 4.60710392511554 -1.09230854087255 -6.01540004937784
2026-08-01T02:56:00.000 -364.322964874445 -6650.652533698560 -1388.535486834730 4.89421668217642 0.94051534386462 -5.80830625877637
2026-08-01T03:00:00.000 809.273333373769 -6186.544116018040 -2715.112670301080 4.82624878432921 2.90316063304689 -5.17914977927741
2026-08-01T03:04:00.000 1924.254989991200 -5274.171177602710 -3844.420266677050 4.40885458267082 4.65340552741154 -4.17455857011205
2026-08-01T03:08:00.000 2899.977221457210 -3980.049922564680 -4694.695294662830 3.67289210191885 6.06524236874458 -2.86810588822718
2026-08-01T03:12:00.000 3665.985460180700 -2398.088730467070 -5204.501315820850 2.67182425690440 7.03771106768517 -1.35450260566489
2026-08-01T03:16:00.000 4166.961636786080 -642.752479701288 -5336.978553769380 1.47757012185853 7.50133672516528 0.25734079244422
2026-08-01T03:20:00.000 4366.580073873140 1159.054984861190 -5082.386613472010 0.17559164861858 7.42252234228973 1.85160752065692
2026-08-01T03:24:00.000 4250.087579002430 2876.928007472880 -4458.826583391330 -1.14080504454690 6.80586567947112 3.31341674623834
2026-08-01T03:28:00.000 3825.449152993090 4386.175838895880 -3511.082886119890 -2.37667059888777 5.69423977236693 4.53656944038221
2026-08-01T03:32:00.000 3122.962024689990 5576.800410044720 -2307.619495157650 -3.44197660813017 4.16662933421845 5.43117709953497
2026-08-01T03:36:00.000 2193.263941616010 6361.628727315210 -935.809901978098 -4.25833390500262 2.33320646353704 5.93060527845736
2026-08-01T03:40:00.000 1103.785252166110 6682.940792026290 504.347102824677 -4.76516905076140 0.32775046804788 5.99707033218606
2026-08-01T03:44:00.000 -66.169553389046 6516.957424780070 1907.614892064190 -4.92477645856100 -1.70252862052121 5.62502635991048
2026-08-01T03:48:00.000 -1231.307119850970 5875.707487089990 3171.376477691580 -4.72528257344526 -3.60836973407710 4.84172703389278
2026-08-01T03:52:00.000 -2306.702054596410 4806.130444111130 4203.308376883640 -4.18160678532089 -5.25001258881201 3.70511222936379
2026-08-01T03:56:00.000 -3214.107136944870 3386.472972076640 4928.221070507420 -3.33402095935885 -6.50796627910592 2.29902205535120
2026-08-01T04:00:00.000 -3887.643928897410 1720.362460125780 5293.492839798410 -2.24466238593527 -7.29139484876641 0.72649354717690
2026-08-01T04:04:00.000 -4278.521622478980 -70.848417433041 5272.783357290960 -0.99289611498490 -7.54425829518313 -0.89785575428916
2026-08-01T04:08:00.000 -4358.489869592160 -1856.917401576720 4867.822278228340 0.33050628080826 -7.24888461260688 -2.45611450839122
2026-08-01T04:12:00.000 -4121.817299077920 -3508.083621651720 4108.213762467080 1.62972675870842 -6.42692612276317 -3.83523756015726
2026-08-01T04:16:00.000 -3585.715404989300 -4904.398014036410 3049.312300193250 2.81054903074450 -5.13806133665351 -4.93498116767130
2026-08-01T04:20:00.000 -2789.130632619330 -5944.423663338090 1768.257835841160 3.78715565847795 -3.47600671280131 -5.67517113391147
2026-08-01T04:24:00.000 -1789.958005929150 -6552.673513589840 358.392493827394 4.48847501584908 -1.56197927143969 -6.00185419858603
2026-08-01T04:28:00.000 -660.820879647919 -6685.175218416100 -1077.582139500060 4.86362602852197 0.46426185198512 -5.89149906579121
2026-08-01T04:32:00.000 516.271663467892 -6332.678576850810 -2435.176813321310 4.88576705453035 2.45497717468609 -5.35282254909309
2026-08-01T04:36:00.000 1655.966224430720 -5521.224755821200 -3615.803140071100 4.55400537606088 4.26568175950956 -4.42591183154055
2026-08-01T04:40:00.000 2675.797710784350 -4310.055418787260 -4533.937780106620 3.89307269301758 5.76586428110070 -3.17879561361805
2026-08-01T04:44:00.000 3502.102995510710 -2787.128384991600 -5123.209609266340 2.95107673186032 6.84807627480699 -1.70202661409950
2026-08-01T04:48:00.000 4075.215362382960 -1062.694706677310 -5341.034494758670 1.79583795089121 7.43501535285681 -0.10208351367250
2026-08-01T04:52:00.000 4353.638069038260 738.575768733150 -5171.544845678440 0.51007293310863 7.48443153398828 1.50613921675862
2026-08-01T04:56:00.000 4316.964797417910 2486.367616480400 -4626.706091462250 -0.81414873625335 6.99183471748114 3.00686678703993
2026-08-01T05:00:00.000 3967.405738904240 4053.916515798930 -3745.590122175930 -2.08148748578458 5.99122281232613 4.29131551982845
2026-08-01T05:04:00.000 3329.794454464130 5327.085957519450 -2591.766638082590 -3.19986034270581 4.55335724257148 5.26534165102001
2026-08-01T05:08:00.000 2450.004215468460 6212.753622863250 -1248.922804525810 -4.08714432088770 2.78166690012184 5.85659451985988
2026-08-01T05:12:00.000 1391.767314317850 6645.852468505460 185.128215928249 -4.67763380635246 0.80509823570181 6.02053439702521
2026-08-01T05:16:00.000 232.069860860064 6594.394754211120 1605.631260648600 -4.92735623805861 -1.23138392727554 5.74430384409835
2026-08-01T05:20:00.000 -944.545429232996 6061.997715641440 2908.705450540990 -4.81775644652531 -3.17798675632725 5.04802218255520
2026-08-01T05:24:00.000 -2052.300531841150 5087.627906205660 3999.123468876440 -4.35712061099195 -4.89185869199782 3.98316954160437
2026-08-01T05:28:00.000 -3010.554904503020 3742.602821375250 4797.377862423190 -3.57965129158245 -6.24795189717531 2.62840312584052
2026-08-01T05:32:00.000 -3749.709527751600 2125.161943697070 5245.482453600530 -2.54250997156231 -7.14828034905003 1.08315490149828
2026-08-01T05:36:00.000 -4216.199989096820 353.155575766605 5311.051634407980 -1.32131159583376 -7.52827998115733 -0.53992041806740
2026-08-01T05:40:00.000 -4376.284909347740 -1444.527994737590 4989.539081551400 -0.00466304827789 -7.36104575407199 -2.12287021905992
2026-08-01T05:44:00.000 -4218.431596067900 -3137.265667715540 4304.502361768640 1.31207047536247 -6.65909042775879 -3.55084126346609
2026-08-01T05:48:00.000 -3754.134934031070 -4602.097323075030 3305.878906802300 2.53348032428575 -5.47339326445794 -4.72013910686760
2026-08-01T05:52:00.000 -3017.119858633840 -5732.605500454210 2066.410929233570 3.57084566861124 -3.89007396408099 -5.54557979399666
2026-08-01T05:56:00.000 -2060.945464753980 -6446.701002595430 676.407633834396 4.34864834895223 -2.02455094209325 -5.96693362847909
2026-08-01T06:00:00.000 -955.117189088264 -6692.682393484270 -762.862812410559 4.81037933532331 -0.01304260729606 -5.95368940482113
2026-08-01T06:04:00.000 220.025907728030 -6453.027326276480 -2146.635370408390 4.92284218800397 1.99766870226074 -5.50741652109466
2026-08-01T06:08:00.000 1379.235950880870 -5745.583129494980 -3374.371581538760 4.67853784397434 3.86149604164960 -4.66147523786704
2026-08-01T06:12:00.000 2438.591509363300 -4622.082187911380 -4357.085049672660 4.09588887776078 5.44387358510817 -3.47810415104239
2026-08-01T06:16:00.000 3321.546973904430 -3164.195103529460 -5023.709219741480 3.21749100139476 6.63132339430248 -2.04341283921239
2026-08-01T06:20:00.000 3964.352175779280 -1477.519126995240 -5326.073024614090 2.10669711613832 7.33901166665484 -0.46093636061276
2026-08-01T06:24:00.000 4320.506003507350 315.984837963077 -5242.229878908230 0.84307607942575 7.51613598146590 1.15556869767161
2026-08-01T06:28:00.000 4364.026342004570 2086.602703913030 -4777.991106321400 -0.48291257276337 7.14925407590041 2.68986116527902
2026-08-01T06:32:00.000 4091.347403694480 3706.002825830310 -3966.587466578680 -1.77595564587011 6.26333689920540 4.03094831221282
2026-08-01T06:36:00.000 3521.724611045250 5056.384869521980 -2866.489779494020 -2.94231461024253 4.92080511962743 5.08079042141343
2026-08-01T06:40:00.000 2696.044134319340 6039.080861266300 -1557.398366248460 -3.89657430594705 3.21784314871538 5.76165044238109
2026-08-01T06:44:00.000 1674.039857407490 6581.959787665680 -134.592580479918 -4.56814949695443 1.27813639258584 6.02237491634882
2026-08-01T06:48:00.000 530.006876901832 6644.993630113340 1298.038267311300 -4.90711922185156 -0.75621788337363 5.84290970285176
2026-08-01T06:52:00.000 -652.677423064869 6223.381802661790 2635.729797423930 -4.88823862299913 -2.73562992876800 5.23609547787783
2026-08-01T06:56:00.000 -1787.769682828780 5347.964415086020 3780.690462573250 -4.51302818233040 -4.51466078790079 4.24680611558145
2026-08-01T07:00:00.000 -2792.597146675840 4082.842147829490 4649.387060438080 -3.80945632919938 -5.96332615297461 2.94815937558246
2026-08-01T07:04:00.000 -3594.135271299210 2520.478489937620 5178.657590996210 -2.82938183941506 -6.97668760512417 1.43565100261839
2026-08-01T07:08:00.000 -4134.270739996450 774.775313552441 5330.206587888990 -1.64441950156156 -7.48199888894394 -0.18028402658881
2026-08-01T07:12:00.000 -4373.924800781710 -1027.260820339660 5093.241627391860 -0.34059355185263 -7.44336287175538 -1.78224901193740
2026-08-01T07:16:00.000 -4295.795608537470 -2754.669994900460 4485.170560571820 0.98767125680525 -6.86393088731555 -3.25398423086838
2026-08-01T07:20:00.000 -3905.601637446460 -4281.961732033610 3550.345404257340 2.24411925029383 -5.78588708645129 -4.48858854064205
2026-08-01T07:24:00.000 -3231.689943649450 -5498.188246283420 2356.869880413890 3.33756094797565 -4.28753575529747 -5.39621397448266
2026-08-01T07:28:00.000 -2323.025116422110 -6315.020378932310 991.695848238351 4.18843712862649 -2.47798003207989 -5.91064632184630
2026-08-01T07:32:00.000 -1245.657235154770 -6673.256464146460 -445.709259194842 4.73485455976571 -0.48933584857624 -5.99450860667328
2026-08-01T07:36:00.000 -77.876584292842 -6547.182861727150 -1850.688502319290 4.93735712460718 1.53322646032228 -5.64220588390566
2026-08-01T07:40:00.000 1095.563428873630 -5946.390448859360 -3121.114902287360 4.78185460470844 3.44256197548225 -4.88023929875668
2026-08-01T07:44:00.000 2189.669034766990 -4914.906703898790 -4164.860220418620 4.28037863188721 5.10061685010393 -3.76482788798094
2026-08-01T07:48:00.000 3125.355292138830 -3527.795016296010 -4906.413227783070 3.46975944444157 6.38832367108005 -2.37731309427353
2026-08-01T07:52:00.000 3835.063870658260 -1885.590533284330 -5292.193426590570 2.40860552337945 7.21364911032922 -0.81798163632285
2026-08-01T07:56:00.000 4267.497635182380 -107.058948325752 -5294.256535618320 1.17300867901183 7.51750901243606 0.80105662293978
2026-08-01T08:00:00.000 4391.206485542790 1679.198876095630 -4912.229754957200 -0.14863610327098 7.27747751701586 2.36341771144458
2026-08-01T08:04:00.000 4196.859070980980 3343.798575919780 -4173.408499954460 -1.46144565341431 6.50956590977153 3.75625163620721
2026-08-01T08:08:00.000 3698.030800565460 4765.769376554980 -3130.962860217390 -2.67049250977849 5.26756809779623 4.87803566290132
2026-08-01T08:12:00.000 2930.428092964930 5841.320503971530 -1860.328851396490 -3.68741886171804 3.64016524400471 5.64595188248229
2026-08-01T08:16:00.000 1949.494566549180 6491.587354805490 -453.895719079871 -4.43718522754927 1.74519712050541 6.00251440101016
2026-08-01T08:20:00.000 826.473545300516 6668.671050001230 985.701531758848 -4.86407799412341 -0.27872948769008 5.92047633377734
2026-08-01T08:24:00.000 -356.818680256951 6359.389192532630 2353.201214710990 -4.93631431842052 -2.28280739229958 5.40539045270316
2026-08-01T08:28:00.000 -1514.091587539900 5586.331781086210 3548.607861317830 -4.64863178444526 -4.11971295752915 4.49528007813606
2026-08-01T08:32:00.000 -2561.020994749100 4406.112913428850 4484.655194025140 -4.02251427569316 -5.65505672778291 3.25745456117423
2026-08-01T08:36:00.000 -3421.468714573070 2905.037248050650 5093.216732446440 -3.10422681351463 -6.77729825483960 1.78306626284800
2026-08-01T08:40:00.000 -4033.013325321070 1192.611284513280 5330.205915752880 -1.96102070097179 -7.40572768060995 0.17996266764498
2026-08-01T08:44:00.000 -4351.388018161380 -606.522347096105 5178.627189751600 -0.67601719495701 -7.49558691611424 -1.43526631279161
2026-08-01T08:48:00.000 -4353.592742844340 -2361.600490465000 4649.700366778100 0.65772867059827 -7.04087520660751 -2.94546924276401
2026-08-01T08:52:00.000 -4039.515019077800 -3945.120321253900 3782.015570005810 1.94362309093965 -6.07463754518331 -4.24101772273301
2026-08-01T08:56:00.000 -3431.978276056960 -5242.032729097520 2638.789231882730 3.08830491892309 -4.66705969273856 -5.22760222272046
2026-08-01T09:00:00.000 -2575.128215475250 -6158.132123636550 1303.314326447960 4.00853917359315 -2.92061568885840 -5.83327586424810
2026-08-01T09:04:00.000 -1531.250069236860 -6626.973823417650 -127.098775903341 4.63736327692334 -0.96276549422100 -6.01394960109617
2026-08-01T09:08:00.000 -376.215409699824 -6614.771610643180 -1548.276454381330 4.92925496400313 1.06353353518149 -5.75689453596468
2026-08-01T09:12:00.000 806.113292425010 -6122.823744493340 -2856.865597397050 4.86354160707010 3.01072023546420 -5.08159051151452
2026-08-01T09:16:00.000 1930.051084121660 -5187.285538146390 -3957.909839758660 4.44575794529083 4.73773152644543 -4.03803963872309
2026-08-01T09:20:00.000 2914.320716067550 -3876.329793728700 -4771.713544379500 3.70678242014813 6.12038004710404 -2.70253623668824
2026-08-01T09:24:00.000 3687.847719130150 -2285.047305249560 -5239.471243139260 2.70019564181375 7.05979147310988 -1.17178124403103
2026-08-01T09:28:00.000 4194.750139462960 -528.559104957742 -5327.343358073980 1.49826524107879 7.48879744890951 0.44408714614209
2026-08-01T09:32:00.000 4398.245179541450 1266.145639573610 -5028.792776907110 0.18698018851892 7.37620753054699 2.02897404079283
2026-08-01T09:36:00.000 4283.267648940950 2969.142414080690 -4365.082669192690 -1.13965244366466 6.72892722784064 3.46859150177594
2026-08-01T09:40:00.000 3857.660224153760 4456.767418367180 -3383.915115929710 -2.38584744584219 5.59205879599780 4.65820279031845
2026-08-01T09:44:00.000 3151.791031073850 5620.553370168650 -2156.215344876650 -3.46080546342940 4.04650489880884 5.51024471830348
2026-08-01T09:48:00.000 2216.551777401300 6375.259797610620 -771.167399460986 -4.28539069734392 2.20385200374676 5.96115428868803
2026-08-01T09:52:00.000 1119.790298206680 6665.360104595930 670.222722352820 -4.79841225739231 0.19860686248506 5.97670422078352
2026-08-01T09:56:00.000 -58.634073185978 6469.365493648490 2062.590291161730 -4.96166005420941 -1.82191187090597 5.55510480249293
2026-08-01T10:00:00.000 -1232.786733456180 5801.539475629650 3304.103629227200 -4.76306704777644 -3.70907253537730 4.72740178825280
2026-08-01T10:04:00.000 -2317.083189307790 4710.795084217630 4304.087334702150 -4.21754342667309 -5.32462763029655 3.55484621014236
2026-08-01T10:08:00.000 -3232.626235783600 3276.928539182730 4989.704825458520 -3.36549592703380 -6.55102945716548 2.12384698438245
2026-08-01T10:12:00.000 -3912.955133337470 1604.605343138720 5311.219204859530 -2.26944961855323 -7.29980467897365 0.53926193201978
2026-08-01T10:16:00.000 -4308.795925097120 -184.388143666424 5245.488356155360 -1.00921508942745 -7.51749600324767 -1.08351848929270
2026-08-01T10:20:00.000 -4391.537334841330 -1959.987898284720 4797.511502500200 0.32385828969644 -7.18894268047561 -2.62672887104755
2026-08-01T10:24:00.000 -4155.240660107940 -3593.205109181370 4000.015999975680 1.63327856737213 -6.33820499395872 -3.97842806652927
2026-08-01T10:28:00.000 -3617.073763390110 -4965.396182504710 2911.105076484920 2.82410011721319 -5.02697324520495 -5.04033992175022
2026-08-01T10:32:00.000 -2816.131379411190 -5976.869257730250 1610.103884615580 3.80969058691990 -3.35060830556973 -5.73501674952766
2026-08-01T10:36:00.000 -1810.635018371890 -6554.213398163000 191.809933290898 4.51830851275011 -1.43141165688577 -6.01181912795903
2026-08-01T10:40:00.000 -673.678001955396 -6655.714477207690 -1240.463834544440 4.89855969877184 0.59044418336056 -5.85088950689927
2026-08-01T10:44:00.000 512.161815156999 -6274.390863120720 -2582.509914803260 4.92329120923648 2.56755458450243 -5.26466737347546
2026-08-01T10:48:00.000 1660.905255210530 -5438.378261261140 -3736.890414351140 4.59143152186733 4.35653057122742 -4.29669468157000
2026-08-01T10:52:00.000 2689.433999532680 -4208.681546337500 -4620.000751748460 3.92768248929206 5.82848426039992 -3.01792332131116
2026-08-01T10:56:00.000 3523.454570213080 -2674.579076290050 -5168.012348210030 2.98036506603799 6.87804411054374 -1.52113863177079
2026-08-01T11:00:00.000 4102.732544430640 -947.104043497949 -5341.309996163250 1.81759673414656 7.43023759614639 0.08585710048142
2026-08-01T11:04:00.000 4385.295991221320 848.854192889372 -5127.218795323490 0.52258794537831 7.44518920706874 1.68762834378766
2026-08-01T11:08:00.000 4350.406943900560 2583.338183030420 -4540.917733594910 -0.81190463509754 6.92081764444800 3.16879662687998
2026-08-01T11:12:00.000 4000.122600119140 4130.501953708930 -3624.485603154880 -2.08974435784051 5.89336487499481 4.42187220171122
2026-08-01T11:16:00.000 3359.323200238720 5377.640176865620 -2444.083670608190 -3.21799527837778 4.43558578612335 5.35488916842242
2026-08-01T11:20:00.000 2474.129934102340 6233.490055494720 -1085.377724501370 -4.11374218509089 2.65248195244624 5.89838000121772
2026-08-01T11:24:00.000 1408.690797233450 6635.161153368460 352.608317924741 -4.71067799148907 0.67401100089841 6.01131445725325
2026-08-01T11:28:00.000 240.530278558044 6552.988654204340 1764.796868879620 -4.96440072925364 -1.35465721239712 5.68465597619689
2026-08-01T11:32:00.000 -945.184187346019 5992.866371574700 3047.905037087780 -4.85606522807328 -3.28431968995609 4.94231549122342
2026-08-01T11:36:00.000 -2062.002512689370 4995.811088110940 4108.177592396450 -4.39387463708271 -4.97340602757472 3.83922781565728
2026-08-01T11:40:00.000 -3028.620093947270 3634.800414656250 4868.333006093040 -3.61216283154104 -6.29880118436286 2.45679557670205
2026-08-01T11:44:00.000 -3774.827993430960 2009.235758242070 5273.171547793740 -2.56841846972792 -7.16471295355899 0.89642909057477
2026-08-01T11:48:00.000 -4246.553191247440 237.558576895947 5293.475867018300 -1.33876431553711 -7.50913603787328 -0.72808801346715
2026-08-01T11:52:00.000 -4409.679941417970 -1551.383836665360 4928.005410502960 -0.01240350599333 -7.30780421516787 -2.29879017137187
2026-08-01T11:56:00.000 -4252.453539355360 -3227.618678131520 4203.506463172490 1.31461752588828 -6.57564884838826 -3.70176840063364
2026-08-01T12:00:00.000 -3786.318360790170 -4669.387583352850 3172.779780235800 2.54616885719521 -5.36581711817166 -4.83509281658614
2026-08-01T12:04:00.000 -3045.125259654630 -5771.955433866180 1910.911307451500 3.59276534213132 -3.76624813755954 -5.61616393335210
2026-08-01T12:08:00.000 -2082.732384904400 -6455.276188580910 509.836872857906 4.37823217053216 -1.89348168027242 -5.98804427144619
2026-08-01T12:12:00.000 -969.098053974506 -6669.887030051600 -928.372390172899 4.84544692341684 0.11569838807768 -5.92379812982611
2026-08-01T12:16:00.000 214.868956868299 -6400.560120860620 -2299.039772359420 4.96086221281834 2.11468436239157 -5.42877730700687
2026-08-01T12:20:00.000 1383.286047047550 -5667.300516920480 -3502.600586533890 4.71678180892406 3.95830997521706 -4.53989828130699
2026-08-01T12:24:00.000 2451.570647798200 -4523.699778327270 -4451.845213266360 4.13160514541457 5.51355798762143 -3.32247765608090
2026-08-01T12:28:00.000 3342.531885606310 -3052.858561538490 -5078.140061598190 3.24807442071263 6.66894829604048 -1.86499550456526
2026-08-01T12:32:00.000 3991.829348320450 -1361.289548509660 -5336.224595579170 2.12987462333142 7.34192761101465 -0.27258720505936
2026-08-01T12:36:00.000 4352.472804730750 428.705568901562 -5207.335638760660 0.85706134634444 7.48414537943039 1.34034152116476
2026-08-01T12:40:00.000 4398.124364092560 2187.651046935130 -4700.519713575620 -0.47926283684921 7.08453437116542 2.85773646673445
2026-08-01T12:44:00.000 4125.039658162380 3788.021076634230 -3852.094221915460 -1.78297598518541 6.17040898068262 4.16969571022803
2026-08-01T12:48:00.000 3552.493115921360 5113.354614925630 -2723.239529440860 -2.95950308573452 4.80624922691177 5.18018881583776
2026-08-01T12:52:00.000 2721.590338233120 6066.776799369170 -1395.790080224360 -3.92263304431636 3.08994328395538 5.81426924604078
2026-08-01T12:56:00.000 1692.457603312840 6578.284595794320 33.593209577217 -4.60110446352113 1.14621433345314 6.02420368343585
2026-08-01T13:00:00.000 539.938131701091 6610.154698986140 1460.501505843930 -4.94444414268245 -0.88235322435427 5.79367890632052
2026-08-01T13:04:00.000 -651.960680401497 6159.918351422630 2780.580391793000 -4.92724785019984 -2.84655478937081 5.13947518649623
2026-08-01T13:08:00.000 -1796.340570509640 5260.529901908590 3897.349317370510 -4.55094227488105 -4.60227536293241 4.10994941145904
2026-08-01T13:12:00.000 -2809.856673604550 3977.829024517080 4729.354092785310 -3.84349454555462 -6.02131495598498 2.78112499601957
2026-08-01T13:16:00.000 -3618.845032197980 2405.546515667460 5216.119229820290 -2.85705245963086 -7.00085622105758 1.25064273449169
2026-08-01T13:20:00.000 -4164.650650747070 658.299728362177 5322.449994607040 -1.66370769545038 -7.47061681791419 -0.36979455809060
2026-08-01T13:24:00.000 -4407.780448544940 -1136.796499922370 5040.846981552350 -0.35009561549895 -7.39727455506785 -1.96244304343773
2026-08-01T13:28:00.000 -4330.681261213400 -2849.297584853450 4391.971887350240 0.98864920029104 -6.78655270993175 -3.41175609169025
2026-08-01T13:32:00.000 -3938.988457193950 -4354.806937076500 3423.137573708580 2.25556630273789 -5.68284553251335 -4.61248928822442
2026-08-01T13:36:00.000 -3261.148550970820 -5543.957538926430 2204.927686045850 3.35864323636665 -4.16633447378047 -5.47716649452496
2026-08-01T13:40:00.000 -2346.415680217350 -6330.404426165340 826.102132236994 4.21761828957072 -2.34752871485697 -5.94277523051921
2026-08-01T13:44:00.000 -1261.275958547860 -6657.171030549490 -612.890357141207 4.77004593589285 -0.35914462190548 -5.97553095170956
2026-08-01T13:48:00.000 -84.580230808601 -6500.838473401490 -2007.287672907880 4.97600656424091 1.65364578533380 -5.57355764737240
2026-08-01T13:52:00.000 1098.274274145960 -5873.204044602150 -3255.755167874090 4.82118512403995 3.54447276092962 -4.76702774989995
2026-08-01T13:56:00.000 2201.617970185310 -4820.232744358650 -4267.784768017050 4.31756958639852 5.17670049097861 -3.61536346009348
2026-08-01T14:00:00.000 3145.700874709160 -3418.519391106980 -4970.180024713940 3.50210926788972 6.43319906809866 -2.20244170796056
2026-08-01T14:04:00.000 3862.349270202500 -1769.629489977440 -5312.190327759410 2.43372530641469 7.22415413313596 -0.63030354316198
2026-08-01T14:08:00.000 4299.749648124280 7.198183809846 -5269.021873913610 1.18901160894393 7.49289038172566 0.98802683208958
2026-08-01T14:12:00.000 4426.071810225360 1783.482839720920 -4843.561092569140 -0.14301462612425 7.21947350238221 2.53620629675839
2026-08-01T14:16:00.000 4231.769459582130 3430.537883982740 -4066.240683360260 -1.46669995315694 6.42222437782165 3.90232140049060
2026-08-01T14:20:00.000 3730.405333706620 4828.627766682670 -2993.041644332590 -2.68623939326747 5.15710089988124 4.98665779115103
2026-08-01T14:24:00.000 2957.874201368320 5875.674082449870 -1701.670177511500 -3.71248140786978 3.51454253949232 5.70905067163419
2026-08-01T14:28:00.000 1969.990444316350 6494.886853115960 -286.070122833581 -4.46967920069619 1.61364202385008 6.01531927933894
2026-08-01T14:32:00.000 838.514573930538 6640.657526340030 1150.426470114270 -4.90160577848974 -0.40649786079453 5.88198316015149
2026-08-01T14:36:00.000 -354.113764538777 6302.119441656120 2502.775047896510 -4.97610829362008 -2.39731660836136 5.31840966408557
2026-08-01T14:40:00.000 -1520.923792833180 5504.034951273730 3672.104861601230 -4.68784705807940 -4.21248839637729 4.36631673960018
2026-08-01T14:44:00.000 -2576.917956299550 4304.848374172950 4573.092047917780 -4.05839552859949 -5.71940374343790 3.09606239423392
2026-08-01T14:48:00.000 -3445.314692621320 2792.211369947810 5140.187758629400 -3.13417108388904 -6.80872762777409 1.60100650325752
2026-08-01T14:52:00.000 -4063.103627051940 1076.439643842550 5332.312492283850 -1.98278349979822 -7.40201537637893 -0.00956872406673
2026-08-01T14:56:00.000 -4385.549582674710 -717.589037062795 5135.726007066940 -0.68796600609287 -7.45701622019562 -1.61852056510124
2026-08-01T15:00:00.000 -4389.346119424990 -2459.478671813290 4564.912414960140 0.65649197043328 -6.97020979485406 -3.10913406955507
2026-08-01T15:04:00.000 -4074.260550061550 -4022.680179878100 3661.511638998560 1.95321321742939 -5.97701842544808 -4.37315932232348
2026-08-01T15:08:00.000 -3463.181612654440 -5293.623732011540 2491.348473199680 3.10804857096745 -4.54959318631148 -5.31855496917008
2026-08-01T15:12:00.000 -2600.517396806620 -6179.996871184400 1139.687066252160 4.03693995112383 -2.79189430478965 -5.87638443783562
2026-08-01T15:16:00.000 -1548.988647743440 -6617.540142309720 -294.984025598040 4.67233094448490 -0.83227742471102 -6.00612419433934
2026-08-01T15:20:00.000 -385.020309089871 -6574.768075548700 -1708.201547271460 4.96828732939781 1.18623285369395 -5.69880587596873
2026-08-01T15:24:00.000 806.886470613701 -6055.211219132450 -2997.217823921640 4.90384921121387 3.11670184872788 -4.97759000239444
2026-08-01T15:28:00.000 1940.362097315380 -5097.021935278410 -4068.528501848250 4.48445402958319 4.81937225290586 -3.89578589798908
2026-08-01T15:32:00.000 2933.445552225730 -3769.995446674850 -4844.616309130810 3.74109057999908 6.17186980513363 -2.53240427216541
2026-08-01T15:36:00.000 3714.427220323150 -2170.359136838370 -5269.411878668480 2.72762936535160 7.07750537957170 -0.98606281197452
2026-08-01T15:40:00.000 4226.881965561740 -413.820924337148 -5312.174711300190 1.51681278356084 7.47150106886309 0.63200987607264
2026-08-01T15:44:00.000 4433.616101409180 1372.629573041560 -4969.616791293990 0.19525176019697 7.32512852864036 2.20555117358510
2026-08-01T15:48:00.000 4319.315434639820 3059.655618499270 -4266.184772311730 -1.14233422527011 6.64771437317024 3.62100899302498
2026-08-01T15:52:00.000 3891.754732237370 4524.735205116200 -3252.472201729340 -2.39934805340481 5.48652543681733 4.77532488199454
2026-08-01T15:56:00.000 3181.438326948810 5661.021265680880 -2001.791020583710 -3.48413297799818 3.92427057879032 5.58344242290180
2026-08-01T16:00:00.000 2239.588171145900 6385.270943556890 -605.027662227647 -4.31680922640862 2.07384402510773 5.98496502619711
2026-08-01T16:04:00.000 1134.543351895150 6644.195873869100 835.930144382251 -4.83560025736825 0.07043899751716 5.94931279150029
2026-08-01T16:08:00.000 -53.233615663813 6418.616300491240 2215.747046504620 -5.00194552426479 -1.93876709023202 5.47856357808938
2026-08-01T16:12:00.000 -1237.137404463250 5724.970590406900 3433.525520054960 -4.80355282668152 -3.80605863986138 4.60738525813266
2026-08-01T16:16:00.000 -2330.884524985910 4614.056389920630 4400.347601945530 -4.25534306860056 -5.39470777700041 3.40022838220648
2026-08-01T16:20:00.000 -3254.904808325800 3167.117795967840 5045.821516295270 -3.39791238710498 -6.58925807655466 1.94598585491504
2026-08-01T16:24:00.000 -3942.122850120070 1489.721554318610 5323.136426012680 -2.29407149778549 -7.30361360741211 0.35101549716495
2026-08-01T16:28:00.000 -4342.738759041960 -296.005878564600 5212.333558563770 -1.02412238039201 -7.48662687087094 -1.26859518649462
2026-08-01T16:32:00.000 -4427.766332744250 -2060.227927736120 4721.665910737970 0.31984271797721 -7.12555849567002 -2.79524761493756
2026-08-01T16:36:00.000 -4191.083464728600 -3674.755790135440 3886.956112536230 1.64048582479530 -6.24677611834479 -4.11811782655797
2026-08-01T16:40:00.000 -3649.889939156670 -5022.280120909100 2769.030600342410 2.84195735498953 -4.91409884753072 -5.14094767136845
2026-08-01T16:44:00.000 -2843.509850802770 -6004.898564963630 1449.346683760910 3.83685842011861 -3.22450298516184 -5.78913329334290
2026-08-01T16:48:00.000 -1830.575798640910 -6551.311890427070 24.080267222814 4.55273238216517 -1.30136424559837 -6.01545512872578
2026-08-01T16:52:00.000 -684.735359016419 -6622.089334953870 -1402.952444347200 4.93770999250042 0.71485168263190 -5.80386632374590
2026-08-01T16:56:00.000 510.785106122359 -6212.501338975690 -2727.952957683170 4.96432222233420 2.67724646511737 -5.17052931367417
2026-08-01T17:00:00.000 1669.305548875980 -5352.739883594050 -3854.749906177660 4.63138734959216 4.44354238778613 -4.16238793802134
2026-08-01T17:04:00.000 2707.008268885280 -4105.527227633070 -4701.764116272300 3.96371614990402 5.88656579459840 -2.85326494135781
2026-08-01T17:08:00.000 3548.942626958960 -2561.393142677780 -5207.792885065880 3.00988298876004 6.90306004890555 -1.33806439406337
2026-08-01T17:12:00.000 4134.305866499880 -832.083136826730 -5336.257409716000 1.83848020650063 7.42042632430667 0.27413226231565
2026-08-01T17:16:00.000 4420.684898879150 957.388189289297 -5077.716636270580 0.53330115024676 7.40127012637549 1.86752241304675
2026-08-01T17:20:00.000 4387.056201935950 2677.528839460270 -4450.557900333940 -0.81218635033916 6.84592027103410 3.32731111099210
2026-08-01T17:24:00.000 4035.375902887000 4203.513139757850 -3499.824489714810 -2.10102423135207 5.79283173429522 4.54743632913238
2026-08-01T17:28:00.000 3390.624292530230 5424.162490253770 -2294.197863691190 -3.23945561145404 4.31673795958089 5.43822899360514
2026-08-01T17:32:00.000 2499.205309430960 6250.150258484000 -921.205008777153 -4.14384446585427 2.52400216208967 5.93336119516761
2026-08-01T17:36:00.000 1425.721367940130 6620.766309868060 519.074955049711 -4.74719591680948 0.54529925195926 5.99532146673653
2026-08-01T17:40:00.000 248.293195726172 6508.632034220020 1921.386412559260 -5.00464476705051 -1.47407221087285 5.61885520912755
2026-08-01T17:44:00.000 -947.241675690952 5921.859358735320 3183.181996560940 -4.89717814748461 -3.38563156214894 4.83162351378773
2026-08-01T17:48:00.000 -2073.740909425190 4903.410625173310 4212.291230575750 -4.43294906259150 -5.04930218181229 3.69182859680089
2026-08-01T17:52:00.000 -3049.207144470490 3527.797414541370 4933.725645122670 -3.64638307243220 -6.34387372251939 2.28349979422408
2026-08-01T17:56:00.000 -3802.793977063030 1895.449214046720 5295.115525426330 -2.59530662759233 -7.17586376931397 0.70985566102752
2026-08-01T18:00:00.000 -4279.879678087010 125.253986240335 5270.390231023060 -1.35624523749577 -7.48572184560791 -0.91450552369244
2026-08-01T18:04:00.000 -4445.921513535870 -1654.062982987820 4861.541999759190 -0.01904408506811 -7.25146899833956 -2.47166608177161
2026-08-01T18:08:00.000 -4288.921412703790 -3313.197621799510 4098.447511321310 1.31939755891637 -6.49032497139889 -3.84855566444510
2026-08-01T18:12:00.000 -3820.295773038800 -4731.596622486800 3036.721766150170 2.56200004439793 -5.25756864713164 -4.94504251255258
2026-08-01T18:16:00.000 -3074.092305765000 -5806.198269282060 1753.725285860430 3.61841040952106 -3.64286302842594 -5.68117852269226
2026-08-01T18:20:00.000 -2104.560948906740 -6458.988255760400 342.961357922198 4.41169485291793 -1.76403004610089 -6.00327506996658
2026-08-01T18:24:00.000 -982.200919360927 -6642.759187601160 -1092.785055141200 4.88424599239479 0.24166610692915 -5.88818289064516
2026-08-01T18:28:00.000 211.434758033085 -6344.549074781700 -2449.035645720470 5.00214828251838 2.22793495799835 -5.34500741796531
2026-08-01T18:32:00.000 1389.760945513910 -5586.472039190420 -3627.299072604040 4.75757253304956 4.05061229661733 -4.41415548977056
2026-08-01T18:36:00.000 2467.481364892570 -4423.917960239100 -4542.220273252980 4.16896925836063 5.57824565477719 -3.16393868438151
2026-08-01T18:40:00.000 3366.725267038410 -2941.352763061750 -5127.664106963020 3.27931507769184 6.70137576919985 -1.68518069582992
2026-08-01T18:44:00.000 4022.553646226630 -1246.128560233400 -5341.330553013070 2.15272831738639 7.33977334115101 -0.08449677331326
2026-08-01T18:48:00.000 4387.504140856020 539.189997187810 -5167.666310960570 0.86987923262713 7.44756529707038 1.52311807560835
2026-08-01T18:52:00.000 4434.924353979650 2285.462982938220 -4618.952142566550 -0.47743632954702 7.01614332824858 3.02198947988182
2026-08-01T18:56:00.000 4160.933166357370 3866.069438280470 -3734.540011591960 -1.79232059800650 6.07508983287199 4.30349558473013
2026-08-01T19:00:00.000 3584.860104257170 5165.959981350900 -2578.235838048270 -2.97936155265366 4.69082471317516 5.27371463507075
2026-08-01T19:04:00.000 2748.072947623480 6090.093626416590 -1233.902033177490 -3.95149638748517 2.96280479713907 5.86055780546985
2026-08-01T19:08:00.000 1711.139344005270 6570.620040676080 200.539213204120 -4.63686406721133 1.01677373896822 6.01980444306604
2026-08-01T19:12:00.000 549.461932784913 6572.100393430860 1620.304366279890 -4.98453229818043 -1.00460747241383 5.73891959507031
2026-08-01T19:16:00.000 -652.283791096856 6094.290016469570 2921.563567539850 -4.96871105774492 -2.95266203568217 5.03837410083865
2026-08-01T19:20:00.000 -1806.479290213640 5172.170444790460 4009.224041643810 -4.59079007258273 -4.68443216854447 3.96999082982068
2026-08-01T19:24:00.000 -2829.081967982070 3873.237171011320 4803.984979836550 -3.87891614695582 -6.07363318477133 2.61261934915314
2026-08-01T19:28:00.000 -3645.778372388700 2292.367075932800 5248.091663262370 -2.88546577380390 -7.01968225350651 1.06582731978192
2026-08-01T19:32:00.000 -4197.344758199840 544.771478436240 5309.445641630990 -1.68299175405551 -7.45470373658989 -0.55750663511150
2026-08-01T19:36:00.000 -4443.845324819370 -1242.436262195620 4983.802854937580 -0.35869903415478 -7.34784844985950 -2.13951303115433
2026-08-01T19:40:00.000 -4367.442044801060 -2939.379979637490 4294.997775089150 0.99150510768929 -6.70709285884999 -3.56541323568780
2026-08-01T19:44:00.000 -3973.699242355600 -4422.753498163170 3293.238393026820 2.26967483361055 -5.57895073612762 -4.73152193798337
2026-08-01T19:48:00.000 -3291.224127258040 -5584.767916897030 2051.515402788690 3.38290979259777 -4.04545905811679 -5.55286444628497
2026-08-01T19:52:00.000 -2369.630114372390 -6341.032313152590 660.318585948072 4.25015420638966 -2.21842570932394 -5.96951664596062
2026-08-01T19:56:00.000 -1275.935223049320 -6636.777345302470 -778.977189610166 4.80835348203074 -0.23134297365138 -5.95131150412236
2026-08-01T20:00:00.000 -89.631183517960 -6450.872669781540 -2161.595533194780 5.01727856992971 1.77077200473808 -5.50022757327625
2026-08-01T20:04:00.000 1103.184988713870 -5797.275558129360 -3387.075836479570 4.86242672539805 3.64238200273748 -4.64997813171532
2026-08-01T20:08:00.000 2216.125019936160 -4723.838241668490 -4366.593938411880 4.35581287148566 5.24831151288486 -3.46313807040708
2026-08-01T20:12:00.000 3168.745982174850 -3308.630674830890 -5029.317280683090 3.53458270628166 6.47336229123375 -2.02607720463984
2026-08-01T20:16:00.000 3892.252312480650 -1654.187092689990 -5327.365993818480 2.45804209395922 7.22999175536940 -0.44254067466289
2026-08-01T20:20:00.000 4334.319821892760 119.852098837497 -5239.118568250690 1.20334320001914 7.46394174544364 1.17364536850111
2026-08-01T20:24:00.000 4462.768361606440 1885.191573939140 -4770.717289679200 -0.13974062269932 7.15775450846775 2.70624946575622
2026-08-01T20:28:00.000 4267.888626863530 3513.917496754700 -3955.706494327130 -1.47476277454935 6.33211178597318 4.04444829162141
2026-08-01T20:32:00.000 3763.276017457400 4887.594571737010 -2852.810204630180 -2.70507922159661 5.04498986677668 5.09047383318018
2026-08-01T20:36:00.000 2985.063627975330 5905.887995231080 -1541.924469712660 -3.74068673330286 3.38850548287611 5.76682731824056
2026-08-01T20:40:00.000 1989.494199636560 6494.094781588780 -118.458908315947 -4.50511144559396 1.48289664681629 6.02266220097537
2026-08-01T20:44:00.000 848.909606368307 6608.892044576850 1313.647999271950 -4.94161055837621 -0.53225118895666 5.83828559560056
2026-08-01T20:48:00.000 -353.582147501607 6241.711078112620 2649.673237890310 -5.01780599231242 -2.50879060577341 5.22692252846837
2026-08-01T20:52:00.000 -1530.300409864670 5419.414158180720 3791.949686493580 -4.72820702214127 -4.30153919829043 4.23375078715159
2026-08-01T20:56:00.000 -2595.522790659830 4202.218047489290 4657.143081943740 -4.09446790889731 -5.77951628000841 2.93219135134841
2026-08-01T21:00:00.000 -3471.799242409890 2679.083094257640 5182.340513280210 -3.16337124148912 -6.83558453116909 1.41786771498866
2026-08-01T21:04:00.000 -4095.556321015160 961.064308219215 5329.523253370990 -2.00301242158748 -7.39378493617189 -0.19867096516804
2026-08-01T21:08:00.000 -4421.622304552690 -826.820494345972 5088.209186251460 -0.69770713463253 -7.41437072467103 -1.79987586049990
2026-08-01T21:12:00.000 -4426.409480839100 -2554.634969079210 4476.127382226330 0.65804509078500 -6.89627321935646 -3.26958280404378
2026-08-01T21:16:00.000 -4109.592487365330 -4096.850521742540 3537.915079544130 1.96600861441503 -5.87712973985939 -4.50104245650882
2026-08-01T21:20:00.000 -3494.178109058190 -5341.408289450410 2341.926089590070 3.13115428651099 -4.43093805172599 -5.40456488907737
2026-08-01T21:24:00.000 -2624.894477140530 -6197.903987029550 975.309871982767 4.06865244648045 -2.66308701095476 -5.91423255779034
2026-08-01T21:28:00.000 -1564.953305143400 -6604.248260474870 -462.349271437570 4.71028220728314 -0.70268906305557 -5.99301794648495
2026-08-01T21:32:00.000 -391.407719129284 -6531.235846751480 -1866.365128722970 5.00965442952085 1.30709001147965 -5.63571486256686
2026-08-01T21:36:00.000 810.538933404922 -5984.615920043010 -3134.676458216430 4.94564551706518 3.22000061580419 -4.86920872379205
2026-08-01T21:40:00.000 1953.796044064970 -5004.502513206390 -4175.305785413550 4.52367721227915 4.89767904491096 -3.75005314375623
2026-08-01T21:44:00.000 2955.696001836460 -3662.259092618040 -4912.970799018950 3.77488511451638 6.21961801075218 -2.35988892649871
2026-08-01T21:48:00.000 3743.879781292080 -2055.191018502190 -5294.377926442280 2.75346948690335 7.09131762564064 -0.79918929275183
2026-08-01T21:52:00.000 4261.375771819980 -299.535842459701 -5291.906843749770 1.53270209405878 7.45036283743817 0.81981035396693
2026-08-01T21:56:00.000 4470.592502090470 1477.763111591710 -4905.524978912800 0.19990960756902 7.27043761155951 2.38073163369077
2026-08-01T22:00:00.000 4356.014805840050 3147.993143841510 -4162.852185948000 -1.14928855772341 6.56326829775718 3.77083170738187
2026-08-01T22:04:00.000 3925.432496499560 4589.814838998250 -3117.342894479240 -2.41742142843659 5.37831134798417 4.88884248677847
2026-08-01T22:08:00.000 3209.568255649550 5698.034737436310 -1844.643783271320 -3.51200124574127 3.80000599425968 5.65225265985228
2026-08-01T22:12:00.000 2260.059618357620 6391.424416725600 -437.288982584343 -4.35235096359336 1.94251666152918 6.00384032446425
2026-08-01T22:16:00.000 1145.832372068650 6618.948851496900 1002.012156325020 -4.87608910144677 -0.05827213890834 5.91669801840795
2026-08-01T22:20:00.000 -51.952236979440 6363.758335462560 2368.018251093150 -5.04433596829303 -2.05526461904001 5.39679914657538
2026-08-01T22:24:00.000 -1245.951180041010 5644.499601314760 3560.847196168880 -4.84478320552688 -3.90168537428835 4.48252827255709
2026-08-01T22:28:00.000 -2349.156503397840 4513.859345488170 4493.427221071970 -4.29245508562413 -5.46246327318945 3.24149964570407
2026-08-01T22:32:00.000 -3281.315123576780 3054.516864432920 5097.887019515160 -3.42820166428397 -6.62423943799611 1.76503052687656
2026-08-01T22:36:00.000 -3974.758868668790 1372.937322453780 5330.421042245140 -2.31536056181878 -7.30329139643424 0.16109136183968
2026-08-01T22:40:00.000 -4379.248628169600 -408.463492342429 5174.344703481780 -1.03492146711416 -7.45113206253551 -1.45365497976726
2026-08-01T22:44:00.000 -4465.521343888450 -2160.186185612830 4641.198447995100 0.32033278031578 -7.05753470686788 -2.96201327186775
2026-08-01T22:48:00.000 -4227.359891866570 -3754.962365471360 3769.892215495080 1.65224533963713 -6.15121165890001 -4.25445994211413
2026-08-01T22:52:00.000 -3682.067480629940 -5076.927741270340 2623.915712243970 2.86414233572375 -4.79798362307015 -5.23693213380493
2026-08-01T22:56:00.000 -2869.267356701250 -6030.054357836970 1286.769135511150 3.86784850943877 -3.09636895796242 -5.83778795458097
2026-08-01T23:00:00.000 -1848.056221412110 -6545.206993936810 -144.111048300174 4.59030251885392 -1.17058299412644 -6.01330433935094
2026-08-01T23:04:00.000 -692.677342341463 -6585.237130210860 -1564.513714746550 4.97914548743008 0.83872030840038 -5.75111881740880
2026-08-01T23:08:00.000 512.956806661519 -6147.665864363410 -2871.143929529260 5.00666906028950 2.78515095958708 -5.07115326976554
2026-08-01T23:12:00.000 1681.450452954360 -5264.713378943980 -3969.200628878800 4.67165396829040 4.52774421433471 -4.02373697265724
2026-08-01T23:16:00.000 2728.277395041800 -4000.751022367270 -4779.213150266750 3.99902663419235 5.94112780073750 -2.68544440846542
2026-08-01T23:20:00.000 3577.828902661370 -2447.478141039790 -5242.659289453830 3.03764568775164 6.92421855887690 -1.15316633651904
2026-08-01T23:24:00.000 4168.728523543900 -717.267003635670 -5326.017219994160 1.85654540298900 7.40673044494870 0.46286243417773
2026-08-01T23:28:00.000 4458.124476066660 1064.802675915300 -5023.079290504540 0.54019571463131 7.35363767145672 2.04653218108964
2026-08-01T23:32:00.000 4424.737837651590 2769.742952031900 -4355.433199154040 -0.81708841118691 6.76762244912716 3.48363178753602
2026-08-01T23:36:00.000 4070.488312927310 4273.787371871990 -3371.069867598960 -2.11740341048650 5.68939052563315 4.66964008636844
2026-08-01T23:40:00.000 3420.538113880080 5467.318281852020 -2141.136116807790 -3.26613438819842 4.19555291293968 5.51732431079718
2026-08-01T23:44:00.000 2521.670220770210 6262.954673539990 -754.958830020094 -4.17884858581055 2.39378913728067 5.96343435763571
2026-08-01T23:48:00.000 1439.046090643720 6602.180030815710 686.379967281498 -4.78787806588681 0.41553637528903 5.97398944417160
2026-08-01T23:52:00.000 251.476934887677 6459.917890827070 2077.508718457560 -5.04793889867248 -1.59381718427730 5.54756075262999
2026-08-01T23:56:00.000 -954.437148924398 5846.506028490250 3316.681538644930 -4.93983343952676 -3.48649238321662 4.71555518092835
2026-08-02T00:00:00.000 -2090.780664654240 4806.885847387720 4313.387974725220 -4.47183731530341 -5.12377612827714 3.53955169194944
2026-08-02T00:04:00.000 -3074.846034731150 3417.129882092360 4995.030729129770 -3.67871590745183 -6.38654739664157 2.10621537469889
2026-08-02T00:08:00.000 -3835.161322473390 1778.687196454660 5312.151298015500 -2.61869306113843 -7.18366139340132 0.52048323231333
2026-08-02T00:12:00.000 -4316.608518616780 10.894678217714 5241.905899962100 -1.36899642214497 -7.45802083052922 -1.10213183643211
2026-08-02T00:16:00.000 -4484.340144373140 -1757.695451451910 4789.616835529140 -0.02028991099972 -7.19033993665031 -2.64383682617390
2026-08-02T00:20:00.000 -4326.240608435230 -3398.572732563900 3988.324840592390 1.32974040570377 -6.40023918591301 -3.99274427133382
2026-08-02T00:24:00.000 -3853.812581009910 -4792.518566410480 2896.429601398940 2.58314744912254 -5.14512787765205 -5.05072844367880
2026-08-02T00:28:00.000 -3101.388647858930 -5838.263720736500 1593.490661918300 3.64877669275461 -3.51631629886655 -5.74066949519520
2026-08-02T00:32:00.000 -2123.680554697170 -6459.913529027690 174.456760124028 4.44905162185647 -1.63267344427423 -6.01228769800008
2026-08-02T00:36:00.000 -991.783367051578 -6612.549238226530 -1257.297945917420 4.92588963737933 0.36816727119746 -5.84612893329965
2026-08-02T00:40:00.000 212.067039087437 -6285.496085737720 -2597.608883573580 5.04512136522515 2.34031682283621 -5.25506442559253
2026-08-02T00:44:00.000 1400.564925289950 -5502.972404107300 -3749.175968887120 4.79887059979960 4.14072561706897 -4.28300884124223
2026-08-02T00:48:00.000 2487.706195678330 -4322.120533608320 -4628.614840331970 4.20571049679041 5.63972588526166 -3.00120430687768
2026-08-02T00:52:00.000 3394.951960958960 -2828.682179308520 -5172.371610156320 3.30884345361146 6.72998796224853 -1.50262295073104
2026-08-02T00:56:00.000 4056.773854510150 -1130.749971728580 -5341.147143771510 2.17281957467189 7.33360907357899 0.10479401868027
2026-08-02T01:00:00.000 4425.242974178000 648.937768422230 -5122.598830027980 0.87889845648577 7.40707431506131 1.70561170962459
2026-08-02T01:04:00.000 4473.407620510690 2381.627339349380 -4532.225995006440 -0.48031373494787 6.94409224922126 3.18453797921823
2026-08-02T01:08:00.000 4197.300695403540 3941.634466429220 -3612.400476338160 -1.80696971358073 5.97649242774986 4.43423768152643
2026-08-02T01:12:00.000 3616.398896259700 5215.361963791540 -2429.529217468870 -3.00470208729920 4.57272001472754 5.36298303893046
2026-08-02T01:16:00.000 2772.425555316860 6109.656959751440 -1069.445615368540 -3.98567681795981 2.83376716202828 5.90172006968611
2026-08-02T01:20:00.000 1726.473125733670 6558.832134563420 368.752169389421 -4.67736676537324 0.88614688385348 6.00972280202673
2026-08-02T01:24:00.000 554.617842579215 6529.734830992260 1779.969337633790 -5.02831573881539 -1.12721530066624 5.67819444013682
2026-08-02T01:28:00.000 -657.705700780648 6024.375841851820 3060.982362120720 -5.01252694682401 -3.05820717919732 4.93142100276388
2026-08-02T01:32:00.000 -1822.094212331120 5079.763845581690 4118.180852984850 -4.63138522562174 -4.76517122910560 3.82465190196082
2026-08-02T01:36:00.000 -2853.747147582150 3765.046833949460 4874.495412285810 -3.91327834273601 -6.12360805140090 2.43955629340274
2026-08-02T01:40:00.000 -3677.688210579470 2176.262415740490 5274.997908865000 -2.91110786631696 -7.03526801478829 0.87774790393393
2026-08-02T01:44:00.000 -4234.165691293330 429.188847087584 5290.773694161120 -1.69801816961002 -7.43478500546630 -0.74693020043645
2026-08-02T01:48:00.000 -4482.881983691980 -1349.089000643900 4920.894139179620 -0.36204114474370 -7.29379711488832 -2.31646052285367
2026-08-02T01:52:00.000 -4405.854988109510 -3029.336509783340 4192.430775819570 1.00000500057453 -6.62287284853122 -3.71692096395176
2026-08-02T01:56:00.000 -4008.706495839070 -4489.478924586000 3158.492408081010 2.28938037275185 -5.47076712453139 -4.84653092769585
2026-08-02T02:00:00.000 -3320.295552026690 -5623.434003255370 1894.417656097450 3.41236636116303 -3.92125899978164 -5.62298118050397
2026-08-02T02:04:00.000 -2390.672578047530 -6348.875597993810 492.325548594033 4.28719279680703 -2.08736397203131 -5.98964668018680
2026-08-02T02:08:00.000 -1287.443510980000 -6613.310077885440 -945.626805559028 4.85028974038246 -0.10309753936276 -5.92007469075430
2026-08-02T02:12:00.000 -90.782937493882 -6397.913877256970 -2314.788509140600 5.06113943303571 1.88678361170404 -5.42003805754212
2026-08-02T02:16:00.000 1112.482155124150 -5718.795162744310 -3515.714903266840 4.90511808826056 3.73776658477607 -4.52682651910910
2026-08-02T02:20:00.000 2235.222852441930 -4625.641260322070 -4461.403207293560 4.39431022190571 5.31625257258313 -3.30611038925158
2026-08-02T02:24:00.000 3196.306332370490 -3197.916693858860 -5083.503128939130 3.56618522555300 6.50914257683216 -1.84663034482686
2026-08-02T02:28:00.000 3926.332868614840 -1539.005222576550 -5337.073482493500 2.48043004304677 7.23124550392688 -0.25356101983390
2026-08-02T02:32:00.000 4372.485453066860 231.168446118887 -5203.677662687530 1.21476374790494 7.43067528856976 1.35864457694040
2026-08-02T02:36:00.000 4502.249228814590 1984.592559089490 -4692.687343172030 -0.14029817525891 7.09230115132625 2.87401568739686
2026-08-02T02:40:00.000 4305.777671760300 3594.178580616490 -3840.712906545110 -1.48740440254577 6.23899633507308 4.18281746724289
2026-08-02T02:44:00.000 3796.761601439180 4942.829755901730 -2709.182798415460 -2.72890795372516 4.93081303810361 5.18923519360999
2026-08-02T02:48:00.000 3011.657552235310 5932.004728960290 -1380.115235870960 -3.77392166971209 3.26151291391872 5.81862656569042
2026-08-02T02:52:00.000 2007.226714071910 6489.121779925320 49.720714649002 -4.54526634767387 1.35240826989350 6.02361235706957
2026-08-02T02:56:00.000 856.464450527231 6573.143372643630 1475.903801329050 -4.98574853392316 -0.65664943394044 5.78826658792824
2026-08-02T03:00:00.000 -356.773418354290 6177.759052253530 2794.135607623880 -5.06266203234238 -2.61796741608869 5.12957557069878
2026-08-02T03:04:00.000 -1544.012788522890 5331.903832724950 3908.052955386250 -4.77049548258147 -4.38747442646737 4.09622741788944
2026-08-02T03:08:00.000 -2618.768975582860 4097.517815853960 4736.400726914370 -4.13114226009100 -5.83596016134995 2.76454688402175
2026-08-02T03:12:00.000 -3502.898359966940 2564.808840279980 5218.955492542090 -3.19173110695737 -6.85843430110345 1.23233943036824
2026-08-02T03:16:00.000 -4132.246885079220 845.527479839977 5320.817118618010 -2.02095831902475 -7.38139858931183 -0.38850159824992
2026-08-02T03:20:00.000 -4461.229036557240 -935.223520259720 5034.813105667110 -0.70391016483662 -7.36766604523124 -1.98019071382233
2026-08-02T03:24:00.000 -4466.044174326310 -2648.021473662000 4381.924089855340 0.66400129858917 -6.81860064794407 -3.42724550110804
2026-08-02T03:28:00.000 -4146.382828162020 -4168.424751214130 3409.764200357120 1.98359566314762 -5.77415356110079 -4.62453915531323
2026-08-02T03:32:00.000 -3525.478035923090 -5385.975136916470 2189.168610511980 3.15903624231131 -4.31024620759635 -5.48486510271480
2026-08-02T03:36:00.000 -2648.466573153310 -6212.262038103570 809.083914057317 4.10477706265391 -2.53360184799085 -5.94549113544041
2026-08-02T03:40:00.000 -1579.121753240140 -6587.428806918130 -629.934534879177 4.75204867922269 -0.57396701008344 -5.97303719563883
2026-08-02T03:44:00.000 -395.171091911886 -6484.564980066430 -2023.128186569090 5.05408220765410 1.42560364107666 -5.56608654375842
2026-08-02T03:48:00.000 817.445335121874 -5911.601082768520 -3269.258765835950 4.98960966652614 3.31968854093449 -4.75515187040356
2026-08-02T03:52:00.000 1970.889313814360 -4910.552724683780 -4277.997365270490 4.56410368277768 4.97141759311883 -3.59998775141063
2026-08-02T03:56:00.000 2981.776228286600 -3554.262887206430 -4976.396197253470 3.80889516454308 6.26224835532498 -2.18472747363457
2026-08-02T04:00:00.000 3777.100398390720 -1941.011669127700 -5314.008826739690 2.77859512178515 7.09993576244104 -0.61160052068267
2026-08-02T04:04:00.000 4299.363215759990 -187.441689088503 -5266.365673915770 1.54703888345657 7.42448275233262 1.00639831821491
2026-08-02T04:08:00.000 4510.598740135390 1579.668738903530 -4836.664477652350 0.20226603265634 7.21191450641071 2.55296257010428
2026-08-02T04:12:00.000 4395.106182884840 3232.323368080990 -4055.634002386320 -1.15924704618668 6.47617917868287 3.91630380651706
2026-08-02T04:16:00.000 3960.710229676480 4650.403473579890 -2979.511423307700 -2.43904896920064 5.26872426825280 4.99688813076381
2026-08-02T04:20:00.000 3238.410132574590 5730.395639740580 -1686.213545092100 -3.54366441942024 3.67580290102197 5.71477926998071
2026-08-02T04:24:00.000 2280.330548404010 6393.126766399130 -269.822242631665 -4.39166295505252 1.81281302334383 6.01614350944749
2026-08-02T04:28:00.000 1156.039057152110 6589.816591045530 1166.273951627170 -4.92012145167164 -0.18393882264881 5.87784848458770
2026-08-02T04:32:00.000 -52.556317100382 6305.882915656820 2517.066160351950 -5.08984282465591 -2.16764753341621 5.30965076830404
2026-08-02T04:36:00.000 -1257.321921944150 5562.082947677360 3683.789687502240 -4.88844904492628 -3.99255940765444 4.35346525993932
2026-08-02T04:40:00.000 -2370.466389119150 4412.903064221470 4581.280905023660 -4.33112110933300 -5.52513085095839 3.07996767638632
2026-08-02T04:44:00.000 -3311.025047206200 2942.381882962060 5144.245153378890 -3.45911697034364 -6.65417501504677 1.58288174860532
2026-08-02T04:48:00.000 -4010.726321229150 1257.779986759250 5331.903764967610 -2.33626061758410 -7.29839130973999 -0.02844241368989
2026-08-02T04:52:00.000 -4418.863210366270 -518.274394998042 5130.835096702980 -1.04421944013350 -7.41174848336321 -1.63675658206194
2026-08-02T04:56:00.000 -4505.897266909570 -2256.670050230250 4555.864060862260 0.32332499274920 -6.98653749766620 -3.12532218316908
2026-08-02T05:00:00.000 -4265.558009641920 -3831.108052914880 3648.948269730150 1.66728421011045 -6.05376041516013 -4.38608741095833
2026-08-02T05:04:00.000 -3715.316207663940 -5127.202850685890 2476.168567076050 2.89008846788914 -4.68116540260482 -5.32729388427761
2026-08-02T05:08:00.000 -2895.167413332040 -6050.814621264070 1122.982626656220 3.90276023856602 -2.96875093255658 -5.88027079412184
2026-08-02T05:12:00.000 -1864.753391104010 -6534.979439759190 -312.003832995526 4.63161108231256 -1.04156958852873 -6.00484103812439
2026-08-02T05:16:00.000 -698.987478452178 -6544.833872774820 -1724.295710309550 5.02388237366860 0.95962514236805 -5.69242868927366
2026-08-02T05:20:00.000 517.479670475781 -6080.108759380330 -3011.218225773620 5.05166922525892 2.88915549274946 -4.96663441888460
2026-08-02T05:24:00.000 1696.485103482540 -5174.988344301910 -4079.431956049050 4.71373475774881 4.60736970373761 -3.88109667121003
2026-08-02T05:28:00.000 2752.759298234970 -3895.421726030020 -4851.652614137740 4.03519582798203 5.99078001053719 -2.51506393582819
2026-08-02T05:32:00.000 3610.012322704390 -2334.194956972590 -5272.091910997810 3.06525325058500 6.94046621088335 -0.96731689695037
2026-08-02T05:36:00.000 4206.292720959840 -604.227724628123 -5310.320585062460 1.87348606241171 7.38846907493657 0.65081965815182
2026-08-02T05:40:00.000 4498.330789687720 1169.426055264100 -4963.373665526880 0.54511652620932 7.30217903771217 2.22310986305900
2026-08-02T05:44:00.000 4464.624257034480 2858.368796685850 -4255.998634235430 -0.82467850509621 6.68654593149364 3.63611336296397
2026-08-02T05:48:00.000 4107.087981363380 4339.949141605230 -3239.064234503090 -2.13704739105846 5.58436529449154 4.78691008872391
2026-08-02T05:52:00.000 3451.111432542430 5506.126098327170 -1986.112854195300 -3.29638245674070 4.07399629740598 5.59064958397300
2026-08-02T05:56:00.000 2543.940475052200 6271.481081203230 -588.207596262554 -4.21734728030258 2.26457515898760 5.98720868739023
2026-08-02T06:00:00.000 1451.372095870530 6579.735346360660 852.670253309799 -4.83172741862193 0.28826151231552 5.94639810184028
2026-08-02T06:04:00.000 252.959530818815 6408.105687321530 2231.179319431290 -5.09389004778630 -1.70975214309639 5.47063340946050
2026-08-02T06:08:00.000 -963.899397225371 5769.102958871120 3446.503200602580 -4.98454345735222 -3.58250491136440 4.59497606160429
2026-08-02T06:12:00.000 -2110.500491157610 4709.551288773080 4409.889411669120 -4.51209591118869 -5.19283399393521 3.38417674488876
2026-08-02T06:16:00.000 -3103.400974043860 3306.982033140040 5051.189124691520 -3.71163989423891 -6.42362193681067 1.92747579050708
2026-08-02T06:20:00.000 -3870.497031999230 1663.766072999090 5323.907547081880 -2.64194302559387 -7.18614119736416 0.33146999837666
2026-08-02T06:24:00.000 -4356.188647609300 -100.440150239648 5208.436064261580 -1.38088820909672 -7.42584736049222 -1.28771931477181
2026-08-02T06:28:00.000 -4525.309644694060 -1857.358427385790 4713.371419835840 -0.01990371342517 -7.12583626598655 -2.81252376752447
2026-08-02T06:32:00.000 -4365.639458306810 -3479.324974764880 3874.873532849230 1.34236429162315 -6.30812466969355 -4.13221381005742
2026-08-02T06:36:00.000 -3888.795943195630 -4848.506272602350 2754.052931145950 2.60709341055132 -5.03213885693133 -5.15082860040740
2026-08-02T06:40:00.000 -3129.432700811550 -5865.445744995900 1432.577556898200 3.68230508098109 -3.39073803398240 -5.79409384718016
2026-08-02T06:44:00.000 -2142.766538552150 -6456.364349182690 6.746575700931 4.48971773662319 -1.50374094902692 -6.01517256573419
2026-08-02T06:48:00.000 -1000.543277797380 -6578.602186356430 -1419.587299720400 4.97075547769930 0.49099310034241 -5.79836642071391
2026-08-02T06:52:00.000 214.259644117853 -6223.708044376510 -2742.684267006330 5.09098039914455 2.44809152944620 -5.16027957272345
2026-08-02T06:56:00.000 1413.555897032920 -5417.913599435620 -3866.532068358150 4.84245913640047 4.22571657299142 -4.14822231563787
2026-08-02T07:00:00.000 2510.570768690760 -4220.019501831130 -4709.781063840890 4.24390705292274 5.69591559162998 -2.83624681347341
2026-08-02T07:04:00.000 3426.056778628470 -2716.965030681760 -5211.503366518820 3.33889477437019 6.75347393539362 -1.31940549483522
2026-08-02T07:08:00.000 4093.881738664130 -1017.502397276120 -5335.421417148790 2.19246618769248 7.32280620211597 0.29314268505866
2026-08-02T07:12:00.000 4465.652349480210 755.528443104612 -5072.407611797470 0.88657669345228 7.36272353090173 1.88556490040736
2026-08-02T07:16:00.000 4514.147583921170 2473.836698464210 -4441.165115483200 -0.48527529653811 6.86930756803556 3.34310018444153
2026-08-02T07:20:00.000 4235.347969233680 4012.748152795890 -3487.022655611740 -1.82432078096182 5.87651635319540 4.55989067439211
2026-08-02T07:24:00.000 3648.910300378820 5260.151555989850 -2278.897811659060 -3.03319771875926 4.45464023097433 5.44646404043729
2026-08-02T07:28:00.000 2796.968757234160 6124.771872838680 -904.501852380296 -4.02314823573146 2.70606575640261 5.93673651790668
2026-08-02T07:32:00.000 1741.232203494310 6543.080804283200 535.971193357101 -4.72090786317737 0.75823670951148 5.99353885263491
2026-08-02T07:36:00.000 558.522254514664 6484.214096794590 1937.238776570770 -5.07467033768387 -1.24583566959120 5.61197679524185
2026-08-02T07:40:00.000 -664.925291946262 5952.392452782940 3196.808111327170 -5.05831015223761 -3.15873537117494 4.82004684854379
2026-08-02T07:44:00.000 -1839.902101610560 4986.584454132700 4222.650271686730 -4.67330349298947 -4.84019093871878 3.67634185509071
2026-08-02T07:48:00.000 -2880.849526032490 3657.495043579080 4940.008084801100 -3.94835861241511 -6.16763363988695 2.26523229438440
2026-08-02T07:52:00.000 -3712.134647936730 2062.200238276350 5296.815969367970 -2.93685903010358 -7.04518168769488 0.69018092243235
2026-08-02T07:56:00.000 -4273.479844570230 316.928476348187 5267.350332889950 -1.71258983121595 -7.40996539879923 -0.93407138042890
2026-08-02T08:00:00.000 -4524.237438304740 -1451.393476079060 4853.971186065450 -0.36436089475634 -7.23616754250772 -2.48962522700296
2026-08-02T08:04:00.000 -4446.263032103410 -3114.266674606740 4086.892512806730 1.01017121580028 -6.53658555644768 -3.86358563543567
2026-08-02T08:08:00.000 -4045.245493537920 -4550.867747255320 3022.028749051690 2.31125404684935 -5.36207886532748 -4.95600085876820
2026-08-02T08:12:00.000 -3350.334266089530 -5656.831507075610 1736.974755998220 3.44432749043655 -3.79812395325597 -5.68726671249680
2026-08-02T08:16:00.000 -2412.057168523810 -6351.884988641120 325.378913818056 4.32690871494782 -1.95882495300000 -6.00408389239101
2026-08-02T08:20:00.000 -1298.649414969110 -6585.763906252870 -1109.922442533580 4.89488143236681 0.02143322724816 -5.88369909706076
2026-08-02T08:24:00.000 -91.022213702869 -6341.875494753100 -2464.495311236900 5.10738473979974 1.99823430367479 -5.33560077073782
2026-08-02T08:28:00.000 1123.212381841430 -5638.401331940670 -3639.982487226000 4.94975226589055 3.82805641190185 -4.40058077404472
2026-08-02T08:32:00.000 2256.155283474470 -4526.775450046960 -4551.249433176000 4.43418281438346 5.37899086500442 -3.14725452342101
2026-08-02T08:36:00.000 3225.942213891860 -3087.760310137600 -5132.437379880380 3.59839190441376 6.53994008500550 -1.66661121004813
2026-08-02T08:40:00.000 3962.531514586210 -1425.528521769240 -5341.548627865420 2.50256599022116 7.22795905414688 -0.06532172830503
2026-08-02T08:44:00.000 4412.608210653980 339.767158426420 -5163.339028773310 1.22510283350552 7.39354608140193 1.54160677280563
2026-08-02T08:48:00.000 4543.339221940280 2080.449888946500 -4610.396677866510 -0.14264067707969 7.02386250227398 3.03852704308164
2026-08-02T08:52:00.000 4344.786158188350 3670.309984175630 -3722.370120268130 -1.50230951558774 6.14402747622206 4.31689181330139
2026-08-02T08:56:00.000 3830.780295613950 4993.643495409370 -2563.328691634460 -2.75533144589087 4.81606494934284 5.28299213000324
2026-08-02T09:00:00.000 3038.140088314090 5953.720428629790 -1217.331271529440 -3.80990987767529 3.13525391586213 5.86506120925887
2026-08-02T09:04:00.000 2024.185897541890 6480.065232077350 217.578236745493 -4.58813284974585 1.22379851511057 6.01916578204131
2026-08-02T09:08:00.000 862.634993040276 6533.885404753800 1636.567051806340 -5.03221014579402 -0.77814458776301 5.73311309222580
2026-08-02T09:12:00.000 -361.838776475668 6111.113018496340 2935.842734124610 -5.10925862251650 -2.72328108990483 5.02773989997281
2026-08-02T09:16:00.000 -1559.936569420300 5242.720178104250 4020.439181969510 -4.81382838967034 -4.46882006952132 3.95523659971437
2026-08-02T09:20:00.000 -2644.379952605520 3992.304343642510 4811.264274771180 -4.16804948501077 -5.88737206346549 2.59477457696120
2026-08-02T09:24:00.000 -3536.328036327540 2451.247497227150 5250.851092433830 -3.21959097592194 -6.87617685876555 1.04624745729854
2026-08-02T09:28:00.000 -4171.070715322550 731.893643966951 5307.443691160960 -2.03777664826866 -7.36426997535999 -0.57735331546989
2026-08-02T09:32:00.000 -4502.631996783890 -1040.666822685510 4977.159599220920 -0.70845125694921 -7.31696293144049 -2.15808768164832
2026-08-02T09:36:00.000 -4507.019263927550 -2737.618586890340 4284.195098785050 0.67210265947556 -6.73806164993281 -3.58128373028604
2026-08-02T09:40:00.000 -4183.937781929350 -4235.674562886920 3279.069102797780 2.00382351206685 -5.66958839540343 -4.74353681537304
2026-08-02T09:44:00.000 -3556.864372617840 -5425.988031124010 2035.017680725330 3.18989329148646 -4.18921851741485 -5.56013485413987
2026-08-02T09:48:00.000 -2671.395785385800 -6222.125202116060 642.701226788944 4.14395384837074 -2.40492566937228 -5.97152840870406
2026-08-02T09:52:00.000 -1591.935777519930 -6566.433796078380 -796.432929629447 4.79664733800556 -0.44707445062225 -5.94796653869053
2026-08-02T09:56:00.000 -396.951308827012 -6434.264367027900 -2177.628725580710 5.10087955432720 1.54143023274694 -5.49179907154967
2026-08-02T10:00:00.000 826.824359698083 -5835.682610069460 -3400.538281225910 5.03524271107609 3.41605165836200 -4.63712509696250
2026-08-02T10:04:00.000 1990.748152848180 -4814.552909257260 -4376.536940217180 4.60527523513711 5.04139271798586 -3.44685065816418
2026-08-02T10:08:00.000 3010.681850823230 -3445.154213207290 -5035.061202175820 3.84265761179551 6.30087715238292 -2.00758681001310
2026-08-02T10:12:00.000 3812.964317498050 -1826.685083732450 -5328.539569556690 2.80244902730038 7.10453244485911 -0.42316821699997
2026-08-02T10:16:00.000 4339.569675656950 -76.154247242121 -5235.667983302230 1.55912866873819 7.39470200007672 1.19259201950437
2026-08-02T10:20:00.000 4552.184925734910 1679.865295210100 -4762.898171888140 0.20158013478772 7.14980528843831 2.72350023086895
2026-08-02T10:24:00.000 4434.978442507620 3314.142699343120 -3944.071891929720 -1.17276886533647 6.38604109447161 4.05879985613935
2026-08-02T10:28:00.000 3995.883938355990 4707.842113272660 -2838.187445963680 -2.46443582675359 5.15690244646100 5.10086417782686
2026-08-02T10:32:00.000 3266.250442097850 5759.183572517500 -1525.367013827470 -3.57899992037974 3.55032441578902 5.77245707465559
2026-08-02T10:36:00.000 2298.755293953910 6391.072906345830 -101.166872581539 -4.43430076315680 1.68286434818802 6.02311202580839
2026-08-02T10:40:00.000 1163.666543189290 6556.997956804420 1330.413892898350 -4.96690126065082 -0.30877047547380 5.83346583957796
2026-08-02T10:44:00.000 -56.307412300566 6244.650067984220 2664.674985499810 -5.13728977954345 -2.27812544122579 5.21711892647360
2026-08-02T10:48:00.000 -1272.187994894160 5476.891772007580 3804.063352271870 -4.93305606862697 -4.08049466217628 4.21962095071099
2026-08-02T10:52:00.000 -2395.367881965020 4309.973047976240 4665.438485758030 -4.36962533676263 -5.58412219733007 2.91468792864243
2026-08-02T10:56:00.000 -3344.148283109540 2829.221123255570 5186.153234647330 -3.48871021416808 -6.67991395285146 1.39824838098664
2026-08-02T11:00:00.000 -4049.663491425390 1142.644113289780 5328.523353552330 -2.35482835719909 -7.28902518390104 -0.21889590572031
2026-08-02T11:04:00.000 -4460.792283065790 -627.001181443358 5082.437367212070 -1.05043347253655 -7.36804480480541 -1.81916373857625
2026-08-02T11:08:00.000 -4547.779555824750 -2351.085356933970 4465.987986829860 0.32992662000831 -6.91170803138634 -3.28645857822540
2026-08-02T11:12:00.000 -4304.354469032180 -3904.354525152060 3524.142770813960 1.68625143942224 -5.95325604543326 -4.51424976447691
2026-08-02T11:16:00.000 -3748.202788347660 -5173.965076331060 2325.526660070960 2.92007398704831 -4.56232522133266 -5.41312037920783
2026-08-02T11:20:00.000 -2919.744345077270 -6067.710056958590 957.478490960681 3.94159541744992 -2.84021358836065 -5.91753955869281
2026-08-02T11:24:00.000 -1879.228943861770 -6520.795926072610 -480.315535685084 4.67643652776440 -0.91271079420733 -5.99082747980526
2026-08-02T11:28:00.000 -702.309866962836 -6500.633427171810 -1883.160470729390 5.07143201194632 1.07937694366336 -5.62821181942748
2026-08-02T11:32:00.000 525.552413468697 -6009.142989249450 -3149.088173284520 5.09850623969477 2.99109323231208 -4.85697950778875
2026-08-02T11:36:00.000 1715.374975426430 -5082.445798035020 -4186.307879510930 4.75649995005060 4.68416100175280 -3.73404940446396
2026-08-02T11:40:00.000 2781.111551172010 -3788.032526687260 -4919.794794241830 4.07079898889178 6.03697538395037 -2.34128748119399
2026-08-02T11:44:00.000 3645.782282970410 -2219.740110674930 -5296.561636239240 3.09108144767689 6.95281137245781 -0.77935685405551
2026-08-02T11:48:00.000 4246.885545423910 -490.979509718743 -5289.322403183050 1.88758186083116 7.36612631429799 0.83948052368299
2026-08-02T11:52:00.000 4540.773010465380 1273.278406444220 -4898.374291288840 0.54631533537330 7.24667218845802 2.39889935452041
2026-08-02T11:56:00.000 4505.777595877170 2945.283806162110 -4151.645708622960 -0.83656809852093 6.60173937452927 3.78626563988172
2026-08-02T12:00:00.000 4143.888263057920 4403.572281221710 -3102.875038322330 -2.16121098819623 5.47623063072751 4.90041184903675
2026-08-02T12:04:00.000 3480.809787716780 5541.759656812920 -1827.956414288460 -3.33103683735590 3.95030374531947 5.65906062547856
2026-08-02T12:08:00.000 2564.313849426140 6276.448543371010 -419.596794991585 -4.25989512983797 2.13428616784325 6.00534762814494
2026-08-02T12:12:00.000 1460.908019437420 6553.605296805450 1019.413719901930 -4.87892625760075 0.16103325301248 5.91277660861387
2026-08-02T12:16:00.000 250.953478351571 6352.767630912120 2383.850684339240 -5.14229587060896 -1.82441252695296 5.38772427699316
2026-08-02T12:20:00.000 -977.318053872840 5688.608428810890 3573.942271691770 -5.03065749398661 -3.67619159164690 4.46891834757704
2026-08-02T12:24:00.000 -2134.371819522590 4609.789568128170 4502.800283494110 -4.55254752014934 -5.25873618343141 3.22427136817198
2026-08-02T12:28:00.000 -3136.000552897590 3195.237432329080 5102.811837927390 -3.74348379612960 -6.45697165150963 1.74541932576582
2026-08-02T12:32:00.000 -3909.467998990360 1548.188847082520 5330.495718649820 -2.66286664533291 -7.18453878340540 0.14053239619395
2026-08-02T12:36:00.000 -4398.709651170750 -211.425943503111 5169.526593604380 -1.38937101993779 -7.38943090734515 -1.47360361719381
2026-08-02T12:40:00.000 -4568.303871038130 -1955.674339142370 4631.820400558880 -0.01533749085587 -7.05732680314360 -2.97982443567621
2026-08-02T12:44:00.000 -4405.990942390920 -3557.827749586220 3756.631002897550 1.35970181554942 -6.21252567184240 -4.26881329235984
2026-08-02T12:48:00.000 -3923.566659037240 -4901.490066954500 2607.736499292340 2.63597022096901 -4.91638681957665 -5.24673637354150
2026-08-02T12:52:00.000 -3156.094582014860 -5889.069711364590 1268.858922154470 3.72059146150798 -3.26333285548389 -5.84232829234031
2026-08-02T12:56:00.000 -2159.381028278900 -6448.938340180340 -162.445878514152 4.53465135355218 -1.37397547875823 -6.01227954795947
2026-08-02T13:00:00.000 -1005.898761852630 -6540.697670097830 -1581.935293682550 5.01907330493306 0.61365250836327 -5.74458060133746
2026-08-02T13:04:00.000 220.558619955340 -6158.122152729250 -2886.382126957800 5.13919477370942 2.55470958712086 -5.05961188853097
2026-08-02T13:08:00.000 1431.065650990680 -5329.449592063610 -3981.153868299890 4.88710769264546 4.30860600586421 -4.00807936316473
2026-08-02T13:12:00.000 2538.042424570980 -4115.118213945480 -4787.027933587500 4.28176573687958 5.74919014416102 -2.66682551455192
2026-08-02T13:16:00.000 3461.516500807890 -2603.229977372350 -5245.783940875160 3.36718904939172 6.77337940168379 -1.13293473822146
2026-08-02T13:20:00.000 4134.765269589950 -903.160336406978 -5324.238912214890 2.20908267330320 7.30793142121698 0.48323890154933
2026-08-02T13:24:00.000 4508.983206970160 862.209064028404 -5016.538914457260 0.89020844335016 7.31412802260264 2.06560448034616
2026-08-02T13:28:00.000 4556.743589809120 2565.123331857940 -4344.608076749690 -0.49500658284710 6.79036879716931 3.50005640791987
2026-08-02T13:32:00.000 4274.062876788450 4081.985422008330 -3356.737922216020 -1.84673606859926 5.77281234342572 4.68226271616661
2026-08-02T13:36:00.000 3680.878092384300 5302.256526153110 -2124.328998493130 -3.06665735250681 4.33361273680493 5.52518792509053
2026-08-02T13:40:00.000 2819.823916473510 6136.624683601670 -736.905427919035 -4.06515199564853 2.57654988079064 5.96588524813481
2026-08-02T13:44:00.000 1753.287452762640 6523.784696834820 704.352164701901 -4.76834537087828 0.62978733691494 5.97087365952943
2026-08-02T13:48:00.000 558.890918270748 6435.174898836150 2094.084299129830 -5.12401100284290 -1.36369134129466 5.53910919149849
2026-08-02T13:52:00.000 -676.266561896761 5877.230887074420 3330.651477598150 -5.10597279955641 -3.25722221655322 4.70243834888528
2026-08-02T13:56:00.000 -1862.142031099350 4890.846313158540 4323.744332930110 -4.71593191081263 -4.91213996263886 3.52273209340775
2026-08-02T14:00:00.000 -2912.407446359990 3548.201985612850 5001.020792329210 -3.98289761760970 -6.20797834696937 2.08686350096417
2026-08-02T14:04:00.000 -3750.747797844130 1947.326067767000 5313.331636332410 -2.96074704764474 -7.05107147990125 0.50000628847495
2026-08-02T14:08:00.000 -4316.362176563380 204.839471432884 5238.187459261760 -1.72405533597704 -7.38101201902720 -1.12223581871704
2026-08-02T14:12:00.000 -4568.284346496980 -1552.536962579940 4781.263543789950 -0.36254188630239 -7.17446479113394 -2.66211211526573
2026-08-02T14:16:00.000 -4488.281380786270 -3197.100727362390 3975.941808506390 1.02516284621717 -6.44664428286439 -4.00784518542510
2026-08-02T14:20:00.000 -4082.177959788700 -4609.363714401270 2880.919152934620 2.33838954347202 -5.25043646954514 -5.06151925728569
2026-08-02T14:24:00.000 -3379.489779670060 -5686.730746559700 1575.996338985970 3.48159206470212 -3.67293096950393 -5.74630478759210
2026-08-02T14:28:00.000 -2431.322931589130 -6351.028148291130 156.273053790858 4.37155614913232 -1.82930180819922 -6.01237486043607
2026-08-02T14:32:00.000 -1306.630995445360 -6554.252147985180 -1274.840051168670 4.94370093527932 0.14580580054406 -5.84073192263111
2026-08-02T14:36:00.000 -87.136736158988 -6282.047217160010 -2613.235731984760 5.15686068753931 2.10839677097912 -5.24460432428024
2026-08-02T14:40:00.000 1138.693549377280 -5554.648513215680 -3761.761158353170 4.99632510761650 3.91606037641546 -4.26828165702714
2026-08-02T14:44:00.000 2282.127966978950 -4425.209362342970 -4637.262217668860 4.47451085711546 5.43854983004548 -2.98332501457374
2026-08-02T14:48:00.000 3260.546744168310 -2975.755515821270 -5176.480719469710 3.62955653267987 6.56685494855262 -1.48291285033238
2026-08-02T14:52:00.000 4003.280644633710 -1311.194929662100 -5340.448026850250 2.52228860100585 7.22033852034163 0.12490820479615
2026-08-02T14:56:00.000 4456.561162270950 448.156750340245 -5117.170851089740 1.23190635980410 7.35192790832414 1.72466083210982
2026-08-02T15:00:00.000 4587.307785976730 2175.045334771830 -4522.493550864710 -0.14933302089476 6.95121744655528 3.20114673117101
2026-08-02T15:04:00.000 4385.559075231200 3744.244379151730 -3599.095136121020 -1.52209124725392 6.04552804608764 4.44722591677109
2026-08-02T15:08:00.000 3865.369904650830 5041.526448670060 -2413.634549904570 -2.78675807778618 4.69878868674846 5.37144963549538
2026-08-02T15:12:00.000 3064.013978399510 5972.046804004460 -1052.125499466050 -3.85066009345878 3.00773797820368 5.90504981824611
2026-08-02T15:16:00.000 2039.459042153200 6467.495704928390 386.223392029201 -4.63517615909916 1.09545388973884 6.00765611392459
2026-08-02T15:20:00.000 866.202301948264 6491.369504064990 1796.316756271120 -5.08212505513107 -0.89780761607239 5.67096029564117
2026-08-02T15:24:00.000 -370.234127506282 6041.811571879310 3075.023708394860 -5.15842833157787 -2.82544863924722 4.91955797021494
2026-08-02T15:28:00.000 -1579.687985222600 5151.761155606790 4128.905846375720 -4.85872740260824 -4.54603415029172 3.80905668341479
2026-08-02T15:32:00.000 -2674.072644268320 3886.382398701580 4881.143582474890 -4.20550228321903 -5.93412189412696 2.42137517268775
2026-08-02T15:36:00.000 -3573.838733528820 2338.100929763490 5277.094390623370 -3.24687741573724 -6.88929339467015 0.85821051254064
2026-08-02T15:40:00.000 -4213.692868471000 619.747018231848 5288.151950101030 -2.05280632887495 -7.34287139784353 -0.76647373904785
2026-08-02T15:44:00.000 -4547.261390440060 -1143.664010298940 4913.722405729740 -0.71003428615905 -7.26257182045916 -2.33461214364709
2026-08-02T15:48:00.000 -4550.385602321940 -2823.965477973310 4181.199177487880 0.68415013766327 -6.65452785987599 -3.73239031160363
2026-08-02T15:52:00.000 -4222.856625238580 -4299.059216740860 3143.989045337830 2.02860972165597 -5.56293609943021 -4.85815758302822
2026-08-02T15:56:00.000 -3588.480158343610 -5461.761250761030 1877.677314125060 3.22558123556972 -4.06718457089879 -5.62987015426168
2026-08-02T16:00:00.000 -2693.397312084630 -6227.651535747050 474.560483279443 4.18788448018089 -2.27646386539044 -5.99124103615242
2026-08-02T16:04:00.000 -1602.725117224780 -6541.304071500780 -963.125491553061 4.84557568999998 -0.32164530091849 -5.91627784970750
2026-08-02T16:08:00.000 -395.752913250420 -6380.320677037640 -2330.753983074450 5.15123919785151 1.65464918397286 -5.41113821775405
2026-08-02T16:12:00.000 839.916505930390 -5756.868086882490 -3528.993410511690 5.08340327824800 3.50882950728148 -4.51347192678427
2026-08-02T16:16:00.000 2014.788457446860 -4716.610900104690 -4471.034946542190 4.64779961368774 5.10705505159813 -3.28925891402457
2026-08-02T16:20:00.000 3043.940312578330 -3335.196867424240 -5088.790099403050 3.87648897661771 6.33474508070470 -1.82750031964856
2026-08-02T16:24:00.000 3853.049384949600 -1712.678310424990 -5337.638615273010 2.82516070623432 7.10421247609258 -0.23358904641632
2026-08-02T16:28:00.000 4383.596310433540 33.652761505869 -5199.495416914340 1.56905829376738 7.36023714890257 1.37799209894609
2026-08-02T16:32:00.000 4596.974555300370 1777.525971239710 -4684.077839077250 0.19796207784406 7.08365271287628 2.89133852830442
2026-08-02T16:36:00.000 4477.286370800030 3392.574023068550 -3828.317278715930 -1.18970996418266 6.29291479002570 4.19685148699044
2026-08-02T16:40:00.000 4032.638428768620 4761.343875580480 -2693.918199230640 -2.49349530045922 5.04355387251261 5.19896580773825
2026-08-02T16:44:00.000 3294.778772810270 5783.869753217830 -1363.102611777810 -3.61806938237534 3.42501228301502 5.82338440356293
2026-08-02T16:48:00.000 2316.988624033600 6385.159766437210 67.243312209408 -4.48048712649574 1.55475783212708 6.02307148712188
2026-08-02T16:52:00.000 1170.298869441240 6520.954724382760 1492.656204935160 -5.01679875552879 -0.43018090861345 5.78243003749721
2026-08-02T16:56:00.000 -61.737936810828 6181.181288502980 2808.894701045490 -5.18731959471032 -2.38385305102799 5.11891161730043
2026-08-02T17:00:00.000 -1289.285170154220 5390.714701006970 3919.750558482560 -4.97966359790284 -4.16285689501797 4.08153081393785
2026-08-02T17:04:00.000 -2422.902522694180 4207.444715195620 4744.190743433660 -4.40947752441021 -5.63721077940706 2.74688177572259
2026-08-02T17:08:00.000 -3380.146256993510 2717.857298405820 5222.276444921150 -3.51895800212648 -6.70004535764660 1.21298104628312
2026-08-02T17:12:00.000 -4091.534923713500 1030.551736713080 5319.419605339510 -2.37320330987432 -7.27495162883392 -0.40825168595453
2026-08-02T17:16:00.000 -4505.490050547430 -731.692373073907 5028.759292954690 -1.05544214018036 -7.32080205282253 -1.99901556557663
2026-08-02T17:20:00.000 -4592.016321766500 -2440.766552252960 4371.599798893430 0.33877102361901 -6.83460845114558 -3.44379334325263
2026-08-02T17:24:00.000 -4344.854827540400 -3972.474259725020 3395.866496980310 1.70834611358184 -5.85175857283595 -4.63757463229921
2026-08-02T17:28:00.000 -3781.967252279960 -5215.510703093910 2172.667168860970 2.95375119597905 -4.44371117296780 -5.49338204273806
2026-08-02T17:32:00.000 -2944.285463425680 -6079.590967185710 791.155782228913 3.98429290900144 -2.71315597250638 -5.94877270596070
2026-08-02T17:36:00.000 -1892.753183638420 -6502.104593686340 -647.986599031313 4.72497118148473 -0.78656855385224 -5.97077400438186
2026-08-02T17:40:00.000 -703.841117436839 -6452.709269660650 -2039.982283495040 5.12223353867655 1.19534653483613 -5.55842712188738
2026-08-02T17:44:00.000 536.117601206233 -5935.462982102350 -3283.676865038930 5.14789891092501 3.08844757326605 -4.74263348725067
2026-08-02T17:48:00.000 1737.266518390820 -4988.354933462650 -4288.913895915400 4.80091895141681 4.75586702724510 -3.58350386764039
2026-08-02T17:52:00.000 2812.741055991730 -3680.347807975450 -4983.000683940870 4.10704022088964 6.07787218598528 -2.16549900483059
2026-08-02T17:56:00.000 3684.859198322800 -2106.252898986570 -5315.808464320020 3.11652495304252 6.95997459954433 -0.59104131680497
2026-08-02T18:00:00.000 4290.581432412760 -379.897901388546 -5263.227963489220 1.90039577143725 7.33903924873151 1.02672029924164
2026-08-02T18:04:00.000 4585.923981216340 1373.918823561130 -4828.830333526350 0.54554844170388 7.18727032041912 2.57153893987393
2026-08-02T18:08:00.000 4549.105775311360 3028.192737433670 -4043.688052621610 -0.85090989958262 6.51426247829830 3.93178649885990
2026-08-02T18:12:00.000 4182.235709680660 4462.723578361820 -2964.334902600410 -2.18811818726037 5.36691862118870 5.00816559430070
2026-08-02T18:16:00.000 3511.384726914270 5572.834777082980 -1668.919217791080 -3.36849053381822 3.82708947347262 5.72104103887426
2026-08-02T18:20:00.000 2584.903861590310 6277.190262550910 -251.675284497196 -4.30515310361615 2.00628392437610 6.01694716227309
2026-08-02T18:24:00.000 1470.021339889900 6523.991644897990 1183.948648586220 -4.92871834710480 0.03763142958429 5.87312809724112
2026-08-02T18:28:00.000 247.937797722537 6295.003459943810 2532.973978868050 -5.19295434184277 -1.93414193668754 5.29973852930893
2026-08-02T18:32:00.000 -992.227403541580 5606.974505056870 3696.768134940440 -5.07852263210244 -3.76415111310912 4.33912566195347
2026-08-02T18:36:00.000 -2160.093376461270 4510.313749703270 4590.393559742090 -4.59424934992757 -5.31858105554288 3.06226550400970
2026-08-02T18:40:00.000 -3170.684331636000 3085.213527619650 5148.820701272270 -3.77600849191887 -6.48451202232267 1.56300480731398
2026-08-02T18:44:00.000 -3950.610773863100 1435.642851146890 5331.593786625010 -2.68383031558326 -7.17791832044584 -0.04903094545921
2026-08-02T18:48:00.000 -4443.323280386570 -318.321990963300 5125.640955383720 -1.39712442136103 -7.34926459771259 -1.65664485338279
2026-08-02T18:52:00.000 -4613.108304501200 -2049.169403866320 4546.113758070810 -0.00914007418810 -6.98647290812106 -3.14317990027673
2026-08-02T18:56:00.000 -4447.660574336180 -3631.110490408710 3635.288504971960 1.37945944748490 -6.11595032516517 -4.40059511666011
2026-08-02T19:00:00.000 -3959.007142977700 -4949.183513645800 2459.545706643280 2.66779741534018 -4.80099857730279 -5.33731383515784
2026-08-02T19:04:00.000 -3182.679057040100 -5907.632816315480 1104.576807487920 3.76209108732167 -3.13744742975877 -5.88500280504540
2026-08-02T19:08:00.000 -2175.155343508860 -6436.948501784880 -330.862651186683 4.58266227966556 -1.24683753697689 -6.00384965422745
2026-08-02T19:12:00.000 -1009.723265441640 -6498.985762250730 -1742.229901760400 5.07003566810418 0.73268430323911 -5.68575409849267
2026-08-02T19:16:00.000 228.948542983672 -6089.694012392920 -3026.909704993790 5.18940197874481 2.65695192993608 -4.95473191223575
2026-08-02T19:20:00.000 1451.050245778600 -5239.255664551380 -4091.721422085440 4.93293865920243 4.38664539030164 -3.86482038524968
2026-08-02T19:24:00.000 2568.165635631300 -4009.682014374030 -4859.625433791800 4.31991172085857 5.79740242350584 -2.49559291580749
2026-08-02T19:28:00.000 3499.588969872770 -2490.170977679150 -5275.152696829130 3.39487708157437 6.78830857935671 -0.94611262538479
2026-08-02T19:32:00.000 4178.013533741560 -790.645155307888 -5308.242686105610 2.22425607980677 7.28848784404197 0.67216878909844
2026-08-02T19:36:00.000 4554.248646077640 966.043078879062 -4956.316955797110 0.89173726498311 7.26165962861882 2.24298419137283
2026-08-02T19:40:00.000 4600.712666497730 2652.752206279310 -4244.500003151800 -0.50728011443410 6.70859992164512 3.65303582296321
2026-08-02T19:44:00.000 4313.504706413290 4147.035220839080 -3223.979549542740 -1.87196237625633 5.66754583632384 4.79968948505176
2026-08-02T19:48:00.000 3712.886045178500 5339.963789706590 -1968.553827526830 -3.10299810078252 4.21240635642017 5.59836645031001
2026-08-02T19:52:00.000 2842.039675331590 6144.201908049030 -569.464418633945 -4.10989314865390 2.44822280798925 5.98929765178326
2026-08-02T19:56:00.000 1764.088625086990 6500.657242502400 871.220853324404 -4.81813520566660 0.50384013526415 5.94271816990106
2026-08-02T20:00:00.000 557.495986325377 6383.045177250420 2248.180414187670 -5.17524403208377 -1.47794731330727 5.46148745365014
2026-08-02T20:04:00.000 -689.757783097649 5799.928566864730 3460.717113601460 -5.15491810449375 -3.35144203926957 4.58103732499213
2026-08-02T20:08:00.000 -1886.743984917740 4794.046129524740 4420.286885026510 -4.75901122898920 -4.97940799611918 3.36650679002822
2026-08-02T20:12:00.000 -2946.329491900180 3438.999865205270 5057.020809730170 -4.01702332301569 -6.24344869641335 1.90731100208281
2026-08-02T20:16:00.000 -3791.534197295580 1833.695892406930 5324.735384146630 -2.98347389432141 -7.05229383918655 0.31018093355860
2026-08-02T20:20:00.000 -4361.057431662790 95.050733173124 5204.174769092710 -1.73369102486690 -7.34798761082049 -1.30857470862054
2026-08-02T20:24:00.000 -4613.630510452640 -1650.512492503420 4704.307070973460 -0.35827384931809 -7.10964449240014 -2.83146205968003
2026-08-02T20:28:00.000 -4530.944413304430 -3276.149735843380 3861.627849675310 1.04312777082608 -6.35469394917041 -4.14791113676940
2026-08-02T20:32:00.000 -4119.005525257950 -4663.729494042960 2737.548777065200 2.36874722628418 -5.13793763024404 -5.16210551675459
2026-08-02T20:36:00.000 -3407.760509783630 -5712.432020755600 1413.989168628380 3.52209970324864 -3.54800768063261 -5.80006861218132
2026-08-02T20:40:00.000 -2448.949051020270 -6346.157634639360 -12.584808288935 4.41919463116612 -1.70101788853738 -6.01534069540845
2026-08-02T20:44:00.000 -1312.322585784520 -6519.131728179250 -1438.251868968220 4.99489824245110 0.26804252123557 -5.79266848997553
2026-08-02T20:48:00.000 -80.486566907739 -6219.222212608530 -2759.311544761570 5.20789068270189 2.21562226637573 -5.14909822598728
2026-08-02T20:52:00.000 1157.201969101970 -5468.682530564370 -3879.891878025610 5.04351646033478 4.00051299861364 -4.13233898950748
2026-08-02T20:56:00.000 2311.156010224870 -4322.331753251150 -4718.878558378730 4.51444892261919 5.49418651970941 -2.81683085398597
2026-08-02T21:00:00.000 3297.990012603190 -2863.400161338790 -5215.657621250640 3.65930576156424 6.58972875795376 -1.29788261186618
2026-08-02T21:04:00.000 4046.407603246860 -1197.468999475670 -5334.317133233390 2.53959286715826 7.20881283156219 0.31516397948798
2026-08-02T21:08:00.000 4502.198781207740 555.039297690807 -5066.124193809340 1.23537865701531 7.30674710549069 1.90643426401637
2026-08-02T21:12:00.000 4632.076163035190 2267.334199558650 -4430.169183323780 -0.16001100741722 6.87550190341704 3.36125117418329
2026-08-02T21:16:00.000 4426.131023082840 3815.213110873330 -3472.134550851000 -1.54617476562904 5.94463430754194 4.57398445671385
2026-08-02T21:20:00.000 3898.716478008230 5085.961358577840 -2261.214342358140 -2.82251535676313 4.57988988929119 5.45552931030896
2026-08-02T21:24:00.000 3087.637199091600 5986.630391684130 -885.315115894199 -3.89541516252792 2.87939342004872 5.94011856934437
2026-08-02T21:28:00.000 2051.595879036810 6451.080422100280 555.255108388502 -4.68553183133202 0.96708076529104 5.99096016083309
2026-08-02T21:32:00.000 865.958750843065 6445.100740446100 1955.204828708530 -5.13429643923170 -1.01665204207135 5.60364557311670
2026-08-02T21:36:00.000 -382.834949366175 5969.060255885490 3212.145001672160 -5.20861039452684 -2.92592601013857 4.80661142983850
2026-08-02T21:40:00.000 -1603.729643529090 5057.855822206710 4234.248588446630 -4.90331083551318 -4.62076066070094 3.65882019136603
2026-08-02T21:44:00.000 -2707.813256504730 3778.196920512220 4947.036790591660 -4.24124604744438 -5.97767357723609 2.24489098417391
2026-08-02T21:48:00.000 -3614.829896551410 2223.543989964090 5298.763384915560 -3.27119942874857 -6.89852290139312 0.66842726498325
2026-08-02T21:52:00.000 -4258.972088831820 507.176064902944 5264.058363457310 -2.06400610505950 -7.31721248179537 -0.95572455045102
2026-08-02T21:56:00.000 -4593.562220761150 -1246.060296091260 4845.651343431470 -0.70728993190387 -7.20396766509121 -2.50960382627760
2026-08-02T22:00:00.000 -4594.361444614330 -2908.752191906510 4074.129901728050 0.70066758419481 -6.56728535245811 -3.88040088559080
2026-08-02T22:04:00.000 -4261.323352558560 -4360.089404539800 3005.735971986420 2.05772218612681 -5.45342191064368 -4.96841830550127
2026-08-02T22:08:00.000 -3618.651054223000 -5494.625705946010 1718.327082404740 3.26518230942407 -3.94342576868612 -5.69434713242544
2026-08-02T22:12:00.000 -2713.086177982420 -6230.002785449200 305.730632844899 4.23510242669835 -2.14749838316241 -6.00528828311165
2026-08-02T22:16:00.000 -1610.507302294300 -6513.020392179830 -1129.138121827360 4.89697315286384 -0.19689144617776 -5.87890484011202
2026-08-02T22:20:00.000 -391.068764770793 -6323.523414074760 -2481.870998529590 5.20310442089943 1.76605381109314 -5.32516265258721
2026-08-02T22:24:00.000 856.733007310945 -5675.754994807510 -3654.250500824320 5.13203536956052 3.59883925255803 -4.38528132549060
2026-08-02T22:28:00.000 2042.537939714090 -4617.121698682070 -4561.372549266460 4.68972963454437 5.16927642778274 -3.12822896962129
2026-08-02T22:32:00.000 3080.639610486020 -3224.564083766610 -5137.685535498540 3.90867648220908 6.36485094708276 -1.64526413726550
2026-08-02T22:36:00.000 3896.053018487030 -1598.903678014190 -5341.551047050770 2.84516472093906 7.10013614015419 -0.04322118697111
2026-08-02T22:40:00.000 4429.768717813550 142.350057159228 -5158.109905359880 1.57527093290064 7.32224456515733 1.56282896714036
2026-08-02T22:44:00.000 4642.911347016450 1873.272072633580 -4600.339722846920 0.18977921890910 7.01434462542570 3.05728684076918
2026-08-02T22:48:00.000 4519.573782504910 3468.392748678080 -3708.247477184820 -1.21175608111840 6.19714920719701 4.33180708522704
2026-08-02T22:52:00.000 4068.119513604600 4811.670508007450 -2546.194844746740 -2.52782944038247 4.92815829946369 5.29303018559211
2026-08-02T22:56:00.000 3320.786265294990 5804.961334914180 -1198.443984485090 -3.66218950738057 3.29825373131981 5.86955128350765
2026-08-02T23:00:00.000 2331.558428781670 6375.380520498300 236.840658729451 -4.53108123045971 1.42583679003516 6.01777916426969
2026-08-02T23:04:00.000 1172.327230781270 6480.924681962240 1654.793373943590 -5.07005650550223 -0.55178447693160 5.72592268778485
2026-08-02T23:08:00.000 -72.411174766608 6113.754478837190 2951.696657232970 -5.23924424579390 -2.48912829078854 5.01528094063056
2026-08-02T23:12:00.000 -1311.874109272000 5300.782949685920 4032.758727032840 -5.02643833126910 -4.24395580792726 3.93842502758685
2026-08-02T23:16:00.000 -2455.759240868730 4101.564713069520 4819.147801532230 -4.44774797673624 -5.68821052564174 2.57484789869119
2026-08-02T23:20:00.000 -3420.879789466660 2603.739155646380 5253.715724470640 -3.54591841642258 -6.71727730078550 1.02458523711598
2026-08-02T23:24:00.000 -4137.174811425410 916.504858314672 5305.050030602310 -2.38689093556126 -7.25712478056462 -0.59924701616923
2026-08-02T23:28:00.000 -4552.719710012010 -837.362718382160 4969.640290799890 -1.05492652005172 -7.26926698362770 -2.17865645842877
2026-08-02T23:32:00.000 -4637.411135361750 -2530.379846057040 4272.048410104620 0.35344887880678 -6.75315145866789 -3.59902392413040
2026-08-02T23:36:00.000 -4385.127052811360 -4039.524485202120 3263.143972657740 1.73609359403114 -5.74634101009460 -4.75708269062199
2026-08-02T23:40:00.000 -3814.209742296350 -5255.142636840510 2016.451191394100 2.99249933191293 -4.32205444745642 -5.56845871552001
2026-08-02T23:44:00.000 -2966.187215616690 -6088.963832344650 622.831525451315 4.03119141441175 -2.58420703571169 -5.97399180274648
2026-08-02T23:48:00.000 -1902.757348591410 -6480.601598861040 -816.164228478900 4.77662117989018 -0.65981143238904 -5.94435540269580
2026-08-02T23:52:00.000 -701.247604870099 -6401.983340791340 -2195.788099473500 5.17493276017520 1.31061626817546 -5.48239657818211
2026-08-02T23:56:00.000 551.110139588635 -5859.303852611380 -3415.815539540650 5.19791608251144 3.18383748078657 -4.62266721127197
2026-08-03T00:00:00.000 1763.587827491380 -4892.386441191040 -4387.844503447570 4.84475022897782 4.82458394439356 -3.42843328975139
2026-08-03T00:04:00.000 2848.521597823490 -3571.587089030610 -5041.607368262880 4.14155764850070 6.11514291478676 -1.98657413296803
2026-08-03T00:08:00.000 3727.545521913320 -1992.595264157150 -5329.886374486710 3.13918974331613 6.96328999560767 -0.40111992583239
2026-08-03T00:12:00.000 4337.096251489320 -269.559678977256 -5231.760477126270 1.90940795955768 7.30822440019155 1.21406417782116
2026-08-03T00:16:00.000 4632.868594764980 1472.954833091530 -4754.062832718220 0.54006660520134 7.12444398258642 2.74284043891518
2026-08-03T00:20:00.000 4593.010735611600 3108.723323628550 -3930.994575178320 -0.87061461498268 6.42378152221330 4.07459202115038
2026-08-03T00:24:00.000 4219.835347481670 4518.843901206920 -2821.864623316170 -2.22063819800486 5.25520767270866 5.11195925046850
2026-08-03T00:28:00.000 3539.869326017500 5600.391404228690 -1507.021031627530 -3.41146665204132 3.70221363130744 5.77814015430725
2026-08-03T00:32:00.000 2602.127197851700 6274.092393430530 -82.141505783638 -4.35543799800626 1.87725629480426 6.02305652582066
2026-08-03T00:36:00.000 1474.670833036850 6490.372739404950 1348.728412739440 -4.98255919306932 -0.08610878365336 5.82762673727139
2026-08-03T00:40:00.000 239.639764302560 6233.241710456370 2680.928778096010 -5.24633431498208 -2.04347149602864 5.20589129300981
2026-08-03T00:44:00.000 -1012.882850383300 5521.522772323040 3817.053040823980 -5.12747794577593 -3.85102305706367 4.20380663655324
2026-08-03T00:48:00.000 -2191.596752690070 4407.368456253890 4674.191053878320 -4.63513913942709 -5.37657902834804 2.89540583413399
2026-08-03T00:52:00.000 -3210.730567846070 2972.261351077540 5189.997562807800 -3.80587694929944 -6.50940638564202 1.37687102358130
2026-08-03T00:56:00.000 -3996.274156314800 1320.890267634490 5327.132320716370 -2.70047544766765 -7.16793010492251 -0.24089870650556
2026-08-03T01:00:00.000 -4491.261452495830 -426.530731181705 5075.843086447500 -1.39933235613486 -7.30504016062256 -1.84025579423541
2026-08-03T01:04:00.000 -4659.826028498910 -2142.953636298520 4454.598412477390 0.00316739320696 -6.91123928065365 -3.30507999821830
2026-08-03T01:08:00.000 -4489.764149120420 -3703.651807108110 3508.725842399160 1.40536584639999 -6.01524436467176 -4.52896854569244
2026-08-03T01:12:00.000 -3993.444746164450 -4995.220504601410 2307.162438737760 2.70537762114252 -4.68219563431412 -5.42279724193175
2026-08-03T01:16:00.000 -3206.966866915190 -5923.849779834300 937.482472406596 3.80857140078941 -3.00929099752885 -5.92136225019423
2026-08-03T01:20:00.000 -2187.554740200940 -6422.230287156750 -500.490372767276 4.63465330878582 -1.11879624639801 -5.98848882072464
2026-08-03T01:24:00.000 -1009.354698114510 -6454.497229387490 -1902.049325764810 5.12380634423067 0.85120797478646 -5.61990327469994
2026-08-03T01:28:00.000 242.049960260897 -6018.775619297860 -3165.325207299050 5.24109973273389 2.75733285794738 -4.84333373976277
2026-08-03T01:32:00.000 1475.940543402600 -5147.164282842400 -4198.731960515230 4.97889868690400 4.46164726645642 -3.71612732418361
2026-08-03T01:36:00.000 2603.071600253040 -3903.185077273360 -4927.541993145570 4.35692422019770 5.84176232629413 -2.32048512193778
2026-08-03T01:40:00.000 3542.030484269180 -2377.024988866590 -5299.121420773500 3.42026988251821 6.79905306914793 -0.75719150499393
2026-08-03T01:44:00.000 4224.951602459420 -679.042134541502 -5286.560776271010 2.23608254309695 7.26497499536673 0.86138750245898
2026-08-03T01:48:00.000 4602.282681142220 1068.037427541510 -4890.545613371370 0.88895350881820 7.20556516132117 2.41896373680393
2026-08-03T01:52:00.000 4646.315999165360 2737.739759454900 -4139.367110372390 -0.52465204910481 6.62379273184919 3.80306194714484
2026-08-03T01:56:00.000 4353.296236879380 4208.800406576000 -3087.081009486570 -1.90273059501822 5.55998987140925 4.91273519356529
2026-08-03T02:00:00.000 3743.902956354650 5373.942455480390 -1809.832715613270 -3.14488819154270 4.08981737472594 5.66603075409986
2026-08-03T02:04:00.000 2861.974711082820 6147.845524775340 -400.493619332165 -4.15978618270400 2.31957682385924 6.00650924869751
2026-08-03T02:08:00.000 1771.449035472740 6473.641962552210 1038.095558409870 -4.87238320800097 0.37856473276905 5.90813317130234
2026-08-03T02:12:00.000 551.715536506880 6327.295175024260 2400.748815290780 -5.22982060956431 -1.59064424005786 5.37758433059529
2026-08-03T02:16:00.000 -708.272005598632 5719.485980639530 3587.813568819840 -5.20580972656154 -3.44324796458551 4.45398684781592
2026-08-03T02:20:00.000 -1916.656843476560 4694.765432560250 4512.617528710380 -4.80252649070101 -5.04363038322417 3.20561697341870
2026-08-03T02:24:00.000 -2985.474102758330 3328.106302989120 5107.832853516400 -4.04996283696633 -6.27540456563960 1.72434125477922
2026-08-03T02:28:00.000 -3837.064521478850 1719.261181557600 5330.317398283220 -3.00342179510520 -7.04967642916691 0.11854938352262
2026-08-03T02:32:00.000 -4409.659735746340 -14.605421322690 5164.122540480630 -1.73918123194887 -7.31102541186429 -1.49491089978660
2026-08-03T02:36:00.000 -4661.765199230990 -1747.416351066330 4621.536132982910 -0.34892499136921 -7.04097952042375 -2.99893299487673
2026-08-03T02:40:00.000 -4575.122343839770 -3353.247796787150 3742.170830570270 1.06653539903559 -6.25932906486608 -4.28428013402113
2026-08-03T02:44:00.000 -4156.045917269970 -4715.422854511750 2590.119838649000 2.40445234294883 -5.02290777666183 -5.25740766048721
2026-08-03T02:48:00.000 -3435.010569468760 -5734.997513695960 1249.344941330580 3.56747969485969 -3.42181331576977 -5.84735658853027
2026-08-03T02:52:00.000 -2464.471664457240 -6338.024447064250 -182.441630867996 4.47094913135939 -1.57297303535351 -6.01124202852448
2026-08-03T02:56:00.000 -1315.029551587540 -6480.991867528930 -1600.962980465490 5.04929996247309 0.38851366854085 -5.73761068977358
2026-08-03T03:00:00.000 -70.205919555339 -6153.968071153400 -2903.074873759390 5.26107788368681 2.31972594034086 -5.04725002488624
2026-08-03T03:04:00.000 1179.725704385960 -5381.173406699390 -3994.322373681370 5.09175521942371 4.08076271976270 -3.99125868360819
2026-08-03T03:08:00.000 2344.317722837570 -4219.009531891820 -4795.748486740110 4.55432773659552 5.54493740565753 -2.64681646514076
2026-08-03T03:12:00.000 3339.427525497900 -2751.810436984640 -5249.470951808470 3.68797588113180 6.60749532376514 -1.11126454853722
2026-08-03T03:16:00.000 4093.160402189410 -1085.706429398940 -5322.682067481600 2.55493141977072 7.19249597284116 0.50501234405299
2026-08-03T03:20:00.000 4550.897779221500 658.895022637282 -5009.898383069280 1.23613024834228 7.25756788265199 2.08594080213392
2026-08-03T03:24:00.000 4679.170433055660 2355.767559457260 -4333.404120046080 -0.17408560903028 6.79690819786218 3.51752619513400
2026-08-03T03:28:00.000 4468.145118729360 3881.780902519020 -3341.810572536190 -1.57418687537593 5.84208466175706 4.69563324391383
2026-08-03T03:32:00.000 3932.529762529600 5125.757237299490 -2106.785059999330 -2.86241629871526 4.46069394153638 5.53349494386120
2026-08-03T03:36:00.000 3110.738484909740 5996.681462487180 -718.037114529920 -3.94422157255179 2.75224299462260 5.96854856550261
2026-08-03T03:40:00.000 2062.274198398590 6430.593809766220 723.159130237594 -4.73960341002799 0.84132242696016 5.96770980504454
2026-08-03T03:44:00.000 863.425646232015 6395.531253628150 2111.458828784850 -5.18964475459900 -1.13175525611272 5.53041291957412
2026-08-03T03:48:00.000 -398.399414963143 5893.999765614550 3345.327832292490 -5.26118979790318 -3.02194312807611 4.68876629358778
2026-08-03T03:52:00.000 -1631.192570207290 4962.763888777630 4334.625845726530 -4.94928740834939 -4.69063092546990 3.50497171221900
2026-08-03T03:56:00.000 -2745.184105642850 3670.007094790180 5007.279675538890 -4.27734159812526 -6.01629858762265 2.06633671794669
2026-08-03T04:00:00.000 -3659.407996090850 2110.131411682680 5314.476051981610 -3.29478722103929 -6.90316047021648 0.47816149578509
2026-08-03T04:04:00.000 -4307.522491199100 396.786571057978 5234.087227419950 -2.07330812785073 -7.28753807314267 -1.14382123263246
2026-08-03T04:08:00.000 -4642.549979253500 -1345.403516428990 4772.178634579780 -0.70160891890590 -7.14215257623318 -2.68180612424196
2026-08-03T04:12:00.000 -4640.219915839200 -2989.829193761650 3962.507481505600 0.72089392231912 -6.47781087337627 -4.02417084156331
2026-08-03T04:16:00.000 -4300.725226217730 -4417.006512437800 2864.093183858120 2.09096288529116 -5.34279569670210 -5.07328544310719
2026-08-03T04:20:00.000 -3648.753667242180 -5523.251982318290 1556.983988412700 3.30895073216623 -3.81975360564646 -5.75264410231569
2026-08-03T04:24:00.000 -2731.738236497500 -6228.288721210420 136.444492499051 4.28616831996427 -2.01990265858142 -6.01278658281726
2026-08-03T04:28:00.000 -1616.394169997260 -6481.156183100430 -1294.044147479760 4.95164704259457 -0.07478527644960 -5.83515085821872
2026-08-03T04:32:00.000 -383.789697625124 -6263.912885336690 -2630.421025970410 5.25749037801841 1.87375691502955 -5.23346997084349
2026-08-03T04:36:00.000 876.642320166897 -5592.818450710580 -3775.688966555740 5.18228003448924 3.68435091596303 -4.25244297863416
2026-08-03T04:40:00.000 2073.649889446030 -4516.949876340350 -4646.939288916590 4.73228197412504 5.22655090114883 -2.96395790396894
2026-08-03T04:44:00.000 3120.728436416680 -3114.453500455620 -5181.225031288290 3.94047133910008 6.38992278679163 -1.46142149697433
2026-08-03T04:48:00.000 3942.235486836190 -1486.833714885400 -5339.934091783280 2.86382584826989 7.09130896846352 0.14696798280949
2026-08-03T04:52:00.000 4478.696938232660 248.279109597544 -5111.451468232130 1.57932868133675 7.28020340504768 1.74573133874489
2026-08-03T04:56:00.000 4691.005409503390 1965.398172325020 -4511.982329213750 0.17878585593056 6.94203234419705 3.21976987832469
2026-08-03T05:00:00.000 4563.277956913160 3540.017127217360 -3584.542527744150 -1.23714383064002 6.09961315878864 4.46208216527592
2026-08-03T05:04:00.000 4104.171487811260 4857.526097704980 -2396.078504848040 -2.56580631865266 4.81223165349116 5.38145954143546
2026-08-03T05:08:00.000 3346.494767629470 5821.613929826600 -1032.831503679170 -3.70985742611284 3.17232402018884 5.90942979756788
2026-08-03T05:12:00.000 2345.017164911850 6361.535892033070 405.854872342610 -4.58484950131711 1.29920506143732 6.00606504584633
2026-08-03T05:16:00.000 1172.546551298390 6437.544922612120 1814.852359300570 -5.12593449217532 -0.66975617096254 5.66346418526039
2026-08-03T05:20:00.000 -85.445856676217 6043.985379049220 3091.098081516980 -5.29314410868946 -2.58970909026742 4.90666523670474
2026-08-03T05:24:00.000 -1337.212277075040 5209.714697787950 4141.322083004750 -5.07444612621574 -4.31977056717949 3.79163861692198
2026-08-03T05:28:00.000 -2491.560058443870 3995.851464644060 4888.957149759130 -4.48640388509632 -5.73368960985401 2.40068501630798
2026-08-03T05:32:00.000 -3464.552721721030 2491.101311678580 5279.705825548000 -3.57247687082573 -6.72916658673555 0.83582586174852
2026-08-03T05:36:00.000 -4185.571870017980 805.143752533984 5285.353590619360 -2.39945071703681 -7.23467454556469 -0.78889919394299
2026-08-03T05:40:00.000 -4602.342641841930 -939.354633856059 4905.701447381360 -1.05251294790153 -7.21411250098782 -2.35542870029579
2026-08-03T05:44:00.000 -4684.664872767160 -2615.590184202430 4168.537826587290 0.37065583768311 -6.66932226169815 -3.75000183408697
2026-08-03T05:48:00.000 -4426.591303191530 -4101.769321419060 3127.616865785250 1.76683537666616 -5.63996672565710 -4.87127678290864
2026-08-03T05:52:00.000 -3846.885793878780 -5289.917840308600 1858.795371640980 3.03454447152135 -4.20092116949898 -5.63753889390393
2026-08-03T05:56:00.000 -2987.718176908820 -6093.777570067240 454.549082471017 4.08144925548135 -2.45720466159568 -5.99293268626258
2026-08-03T06:00:00.000 -1911.603377660220 -6455.164310903380 -982.807891205403 4.83142791505843 -0.53627285356629 -5.91185865358339
2026-08-03T06:04:00.000 -696.788446593131 -6348.223859634220 -2348.672699301160 5.23033502390675 1.42165351691817 -5.40096248760342
2026-08-03T06:08:00.000 568.540990549398 -5781.211958611320 -3543.857973877460 5.24996571441113 3.27435298734024 -4.49836452250040
2026-08-03T06:12:00.000 1792.733296414220 -4795.696171912640 -4481.793637974500 4.88973916178045 4.88813678556394 -3.27036203115719
2026-08-03T06:16:00.000 2887.289604536090 -3463.344808318610 -5094.693221656140 4.17627121312997 6.14730324637549 -1.80617478311309
2026-08-03T06:20:00.000 3773.147692411970 -1880.642536933000 -5338.280992996780 3.16106203265162 6.96187742711222 -0.21133101388148
2026-08-03T06:24:00.000 4386.224332985310 -161.986764772585 -5194.839410126170 1.91671593117503 7.27335024959301 1.39962331064807
2026-08-03T06:28:00.000 4681.926137614730 1568.365235467950 -4674.461889774660 0.53215110402298 7.05856409535176 2.91079575656568
2026-08-03T06:32:00.000 4638.373861227170 3185.043025517530 -3814.428938813770 -0.89331621972131 6.33150488837614 4.21278914924260
2026-08-03T06:36:00.000 4258.124029147280 4570.483483478010 -2676.743316733330 -2.25653401084163 5.14304032992242 5.21024739014442
2026-08-03T06:40:00.000 3568.215456135720 5623.512023392740 -1343.868661615250 -3.45789560277756 3.57816102133754 5.82914511745066
2026-08-03T06:44:00.000 2618.417144218080 6266.916876511050 87.144225976367 -4.40882615557958 1.75041813669624 6.02282919565132
2026-08-03T06:48:00.000 1477.713205101310 6453.367660818930 1511.772714298210 -5.03888380796800 -0.20630171124412 5.77616304541228
2026-08-03T06:52:00.000 229.224514452922 6169.088570851100 2825.815523383540 -5.30147235482958 -2.14810468770890 5.10697658361810
2026-08-03T06:56:00.000 -1035.985665032210 5434.914833780540 3933.203697666990 -5.17742791058459 -3.93235243255166 4.06474465510489
2026-08-03T07:00:00.000 -2225.703270413440 4304.656326631000 4753.149960653110 -4.67634305197515 -5.42862956174366 2.72645316827991
2026-08-03T07:04:00.000 -3253.377297804250 2860.967990604270 5226.046653586630 -3.83541604744511 -6.52844581390381 1.19043877503813
2026-08-03T07:08:00.000 -4044.390370882060 1209.141807759890 5317.695624174140 -2.71624661622520 -7.15267847507171 -0.43119543924443
2026-08-03T07:12:00.000 -4541.389085719700 -530.604649450332 5021.656696196640 -1.40021054250392 -7.25674674919064 -2.02061825728830
2026-08-03T07:16:00.000 -4708.352005032320 -2231.802100103160 4359.632547565730 0.01731420821664 -6.83341606137408 -3.46247243533535
2026-08-03T07:20:00.000 -4533.187158495050 -3770.824058194780 3379.912003360090 1.43347938479351 -5.91354295571656 -4.65191761955020
2026-08-03T07:24:00.000 -4028.641057686950 -5035.850185632530 2153.900023367140 2.74540158748181 -4.56407188941956 -5.50233930304656
2026-08-03T07:25:00.000 -3854.843655023840 -5297.987303990040 1819.079358641050 3.04563609220161 -4.17050987956050 -5.65408622936003
2026-08-03T07:29:00.000 -2992.758831216900 -6094.344620047280 412.356009916542 4.09451753645564 -2.42548290927556 -5.99690009064494
2026-08-03T07:33:00.000 -1913.364994790220 -6448.194601317510 -1024.407125345860 4.84551932331182 -0.50557167914513 -5.90297997969546
2026-08-03T07:37:00.000 -695.147414594394 -6334.231868835130 -2386.656912912660 5.24442609218300 1.44911341542611 -5.37990030340183
2026-08-03T07:41:00.000 573.461448071234 -5761.221869352640 -3575.471156039220 5.26303865703853 3.29657220893203 -4.46666254331223
2026-08-03T07:45:00.000 1800.574878289140 -4771.167565377130 -4504.747159655790 4.90086455461963 4.90351197648035 -3.23034129325196
2026-08-03T07:49:00.000 2897.486888253810 -3436.061451495090 -5107.329300276790 4.18465621791427 6.15475184134715 -1.76073746625087
2026-08-03T07:53:00.000 3784.964045060160 -1852.580484587810 -5339.687164484640 3.16608719286849 6.96087991796800 -0.16375313478239
2026-08-03T07:57:00.000 4398.804488000690 -135.173956891789 -5184.911402711170 1.91801043585924 7.26400373522801 1.44593700667740
2026-08-03T08:01:00.000 4694.351706268020 1591.989982776760 -4653.902780486130 0.52957406001309 7.04148926489940 2.95252972287977
2026-08-03T08:05:00.000 4649.733186070300 3203.756713200850 -3784.716026793220 -0.89957322126794 6.30790645501129 4.24686673745948
2026-08-03T08:09:00.000 4267.579017205690 4582.916753744840 -2640.027614729000 -2.26604997544972 5.11461452570633 5.23416128638451
2026-08-03T08:13:00.000 3575.063710769390 5628.746978830580 -1302.819543860130 -3.46997169656446 3.54696686453738 5.84111933108051
2026-08-03T08:17:00.000 2622.145800343640 6264.557727621960 129.535493321397 -4.42258860131638 1.71871562022797 6.02196205533347
2026-08-03T08:21:00.000 1478.037458337220 6443.571606401940 1552.406927409950 -5.05330809169476 -0.23618871240805 5.76247206238371
2026-08-03T08:25:00.000 226.116356018776 6152.562611151290 2861.716466712050 -5.31547561224546 -2.17395448007097 5.08146852636562
2026-08-03T08:29:00.000 -1042.301670355090 5412.864561929550 3961.744870948500 -5.18999704559854 -3.95225421729726 4.02930146310021
2026-08-03T08:33:00.000 -2234.771590299480 4278.688804628050 4772.247046699370 -4.68656253796309 -5.44117630228327 2.68366437202463
2026-08-03T08:37:00.000 -3264.536895668910 2832.971453307190 5234.298874821210 -3.84251503187499 -6.53270377015937 1.14341381447321
2026-08-03T08:41:00.000 -4056.823867955900 1181.155858814320 5314.496530484550 -2.71969829719753 -7.14833033063599 -0.47901238738667
2026-08-03T08:45:00.000 -4554.185523578100 -556.538199212290 5007.238374456080 -1.39977141275304 -7.24409973079423 -2.06571254950354
2026-08-03T08:49:00.000 -4720.578415114310 -2253.798264841520 4335.051566859310 0.02160718975604 -6.81346244912272 -3.50156113653276
2026-08-03T08:53:00.000 -4543.941927269730 -3787.293420598560 3346.954169322820 1.44138037292938 -5.88770702568878 -4.68220971622128
2026-08-03T08:57:00.000 -4037.122453784880 -5045.590798246040 2114.957150260110 2.75632068831274 -4.53417219463466 -5.52161294558010
2026-08-03T09:01:00.000 -3236.993877502000 -5937.310442652230 728.856386750568 3.87068150508365 -2.85162821844648 -5.95856071423022
2026-08-03T09:05:00.000 -2201.783586162830 -6397.848605331860 -710.340468337712 4.70338938354179 -0.96304408862414 -5.96144571886037
2026-08-03T09:09:00.000 -1006.786259445220 -6394.110153685710 -2097.861842146950 5.19420571838394 0.99366274331107 -5.53070240210866
2026-08-03T09:13:00.000 261.210677906554 -5926.844878412320 -3332.889354181710 5.30814690412499 2.87615476533049 -4.69858635298561
2026-08-03T09:17:00.000 1510.308153060820 -5030.422941151300 -4325.914857827700 5.03781653188870 4.54835337413938 -3.52641953324687
2026-08-03T09:21:00.000 2650.171518063720 -3770.124201256930 -5005.146421197650 4.40345914695098 5.89025125412085 -2.09954099780249
2026-08-03T09:25:00.000 3598.460816994520 -2237.279411424290 -5321.527801032510 3.45100219943379 6.80595293871737 -0.52092530668598
2026-08-03T09:29:00.000 4286.613261976890 -542.705250339075 -5252.114959463610 2.24864872787896 7.22983395593625 1.09603753027320
2026-08-03T09:33:00.000 4664.657186166660 1191.109913901080 -4801.673543495190 0.88226115206175 7.13081186661876 2.63511866462166
2026-08-03T09:37:00.000 4704.791953965520 2838.611738464670 -4002.423615900310 -0.55026746929283 6.51462464391388 3.98505221010056
2026-08-03T09:41:00.000 4403.519849839220 4280.087228399670 -2911.924918817900 -1.94546549179980 5.42408043612583 5.04720088490262
2026-08-03T09:45:00.000 3782.118969298600 5410.360967794300 -1609.151794730720 -3.20159791407922 3.93692362485301 5.74293133809088
2026-08-03T09:49:00.000 2885.315288866070 6146.632166951500 -188.893388503232 -4.22625527213299 2.16078914997098 6.02000580183020
2026-08-03T09:53:00.000 1778.163704321810 6434.779143626080 1245.159704889210 -4.94358482601919 0.22556599297183 5.85704722654313
2026-08-03T09:57:00.000 541.304217408937 6253.554940043820 2588.125792806860 -5.30045239909649 -1.72647751498362 5.26562187120425
2026-08-03T10:01:00.000 -735.045322325984 5616.229107239710 3741.798448550450 -5.27068928749842 -3.55186727729684 4.28940557653158
2026-08-03T10:05:00.000 -1957.830727092980 4569.529971503950 4621.968526834620 -4.85692854977994 -5.11703631794628 3.00055101529862
2026-08-03T10:09:00.000 -3038.049449967210 3190.041329052160 5164.592905602100 -4.09000543964861 -6.30826762981284 1.49383859514643
2026-08-03T10:13:00.000 -3897.229196252130 1578.436981844360 5330.375892604960 -3.02623883170263 -7.03968331019573 -0.12057279675110
2026-08-03T10:17:00.000 -4473.052581459820 -147.936962697801 5107.498610700480 -1.74310276323207 -7.25896674059098 -1.72525769116256
2026-08-03T10:21:00.000 -4723.790319319390 -1863.560973719370 4512.371380807650 -0.33367084938688 -6.95070054570582 -3.20375718727925
2026-08-03T10:25:00.000 -4631.277611201870 -3443.774002897270 3588.422675043880 1.09990935377716 -6.13742168624077 -4.44871408307483
2026-08-03T10:29:00.000 -4202.243309339160 -4773.763327053290 2402.987261931810 2.45355622614517 -4.87823424427458 -5.36948030675549
2026-08-03T10:33:00.000 -3467.885436117050 -5756.921424731860 1042.456047493990 3.62870557583565 -3.26486852614336 -5.89890979531099
2026-08-03T10:37:00.000 -2481.642561281450 -6321.952394883960 -394.018096456256 4.53978658643054 -1.41523498342547 -5.99851807345394
2026-08-03T10:41:00.000 -1315.263039134530 -6428.128320683670 -1801.824261578150 5.12074925447155 0.53549049837283 -5.66160327345945
2026-08-03T10:45:00.000 -53.495059026164 -6068.205005485380 -3078.620991901050 5.32997891175936 2.44524355714916 -4.91360676423361
2026-08-03T10:49:00.000 1212.169080210540 -5268.785477477170 -4131.822305883740 5.15317056890676 4.17579138909917 -3.80979188743284
2026-08-03T10:53:00.000 2390.154365055260 -4088.172649617370 -4885.246875771060 4.60384771466402 5.60274491464972 -2.43069463526561
2026-08-03T10:57:00.000 3395.350442260670 -2611.998143114940 -5284.478819402650 3.72198161821208 6.62404706498218 -0.87603351962551
2026-08-03T11:01:00.000 4155.110720425730 -947.016919059266 -5300.624190824330 2.57081865171366 7.16664308275122 0.74245919099497
2026-08-03T11:05:00.000 4614.339483797430 786.441620469655 -4932.300956776600 1.23256357225000 7.19109893453914 2.30852509920321
2026-08-03T11:09:00.000 4739.416461071330 2462.920131362950 -4205.799150569170 -0.19700806928204 6.69442109518537 3.70912160016209
2026-08-03T11:13:00.000 4520.710806489930 3960.711866866620 -3173.373511983460 -1.61488454173167 5.71079119356412 4.84220053637077
2026-08-03T11:17:00.000 3973.478340593860 5170.639143568860 -1909.699985230910 -2.91792798874055 4.30995011332054 5.62415975168048
2026-08-03T11:21:00.000 3136.994939346860 6004.129057998180 -506.635465099424 -4.01036373936447 2.59295971383249 5.99641060384839
2026-08-03T11:25:00.000 2071.871338395280 6399.964465227350 933.438705468576 -4.81142391666890 0.68527502456162 5.93052884088004
2026-08-03T11:29:00.000 855.633743844936 6329.004870953320 2305.227188860320 -5.26183259904909 -1.27298907888201 5.43084548797472
2026-08-03T11:33:00.000 -423.025722874616 5796.417441879030 3508.405356666820 -5.32842400521989 -3.13790596484322 4.53416513531214
2026-08-03T11:37:00.000 -1670.863613777150 4841.256825266060 4455.104941163450 -5.00665633800798 -4.77283199871342 3.30677586280939
2026-08-03T11:41:00.000 -2797.012526935520 3533.449306340510 5076.386437986660 -4.32067048866497 -6.05875050886637 1.83906674382124
2026-08-03T11:45:00.000 -3719.629196639610 1968.491967697970 5327.200193297140 -3.32098334229861 -6.90281104283229 0.23845464645698
2026-08-03T11:49:00.000 -4371.775214249540 260.386518322520 5189.533772285120 -2.08050384374425 -7.24450663175002 -1.37851655477058
2026-08-03T11:53:00.000 -4706.181226254780 -1466.642456471910 4673.615311293100 -0.68926380668326 -7.05961495818119 -2.89444834758608
2026-08-03T11:57:00.000 -4698.616971211870 -3087.094708753130 3817.123467227430 0.75191207738292 -6.36178868829939 -4.19932324831366
2026-08-03T12:01:00.000 -4349.643828175790 -4483.231558535910 2682.484087729560 2.13844398408933 -5.20173971092984 -5.19814853341027
2026-08-03T12:05:00.000 -3684.638206562750 -5553.640950637100 1352.393567436390 3.36942519425907 -3.66400805028335 -5.81812985192125
2026-08-03T12:09:00.000 -2751.980534444670 -6220.666396953430 -76.219353659475 4.35525119578259 -1.86082088652879 -6.01417286504906
2026-08-03T12:13:00.000 -1619.524194115960 -6436.116682162170 -1499.293598531910 5.02429070022270 0.07602273796052 -5.77236956610322
2026-08-03T12:17:00.000 -369.585179314200 -6184.785493622510 -2813.327745371800 5.32842761818597 2.00528149717058 -5.11122321483087
2026-08-03T12:21:00.000 907.155516456154 -5485.407147026560 -3922.983428695550 5.24643192176456 3.78711596151202 -4.07974377088078
2026-08-03T12:25:00.000 2118.276611593720 -4389.080526253920 -4747.957605797660 4.78502865792314 5.29325713241170 -2.75337039610178
2026-08-03T12:29:00.000 3176.252483783970 -2975.398701350970 -5228.656803938330 3.97797679839119 6.41588103136620 -1.22815132004311
2026-08-03T12:33:00.000 4004.642458179140 -1346.648212252920 -5330.326288492080 2.88330831188028 7.07472393162532 0.38616700639917
2026-08-03T12:37:00.000 4543.445255699320 379.465398776107 -5045.446327342630 1.57920718638321 7.22222936461136 1.97366166636288
2026-08-03T12:41:00.000 4753.342200443830 2078.080717404540 -4394.292406768450 0.15890977844892 6.84671532840965 3.41992006786377
2026-08-03T12:45:00.000 4618.593647134920 3625.987808331800 -3423.637952223750 -1.27542583036466 5.97365351393035 4.61982779430406
2026-08-03T12:49:00.000 4148.357634659600 4910.470849376940 -2203.608306856360 -2.61969779417410 4.66464454163191 5.48511384813383
2026-08-03T12:53:00.000 3376.261915972180 5837.602746304450 -822.796920219643 -3.77537439618285 3.01383459767609 5.95121295655547
2026-08-03T12:57:00.000 2358.145603139280 6339.338373082500 618.121058083660 -4.65712104558776 1.14144122170624 5.98273492906913
2026-08-03T13:01:00.000 1168.058470184290 6378.748682839280 2013.816046894150 -5.19955239784291 -0.81505903267432 5.57663051260909
2026-08-03T13:05:00.000 -107.224334344442 5952.909025748660 3262.205885755830 -5.36274170600687 -2.71174116889255 4.76281673122743
2026-08-03T13:09:00.000 -1374.708738167810 5093.058262980500 4272.094602193510 -5.13504087449019 -4.40962069206383 3.60144092128110
2026-08-03T13:13:00.000 -2542.072017958280 3862.160791736120 4969.887214327470 -4.53360649803087 -5.78494275363285 2.17806529940689
2026-08-03T13:17:00.000 -3524.428513214780 2350.139099501700 5304.923770328460 -3.60282656534656 -6.73814909877246 0.59702484558821
2026-08-03T13:21:00.000 -4250.475349600170 667.189729689343 5253.055949244610 -2.41074806033537 -7.20079102844458 -1.02646690499870
2026-08-03T13:25:00.000 -4667.575034845550 -1064.257715092060 4818.269777147060 -1.04393535966022 -7.13991282299738 -2.57451807554010
2026-08-03T13:29:00.000 -4745.496281784330 -2718.361045451720 4032.348610166390 0.39854023207260 -6.56020492189894 -3.93474737501403
2026-08-03T13:33:00.000 -4478.598092037750 -4174.929430429930 2952.588043873590 1.81204003772569 -5.50383125457712 -5.00820148850175
2026-08-03T13:37:00.000 -3886.287166975470 -5328.142534034490 1657.688158216270 3.09373319127020 -4.04772686073276 -5.71660091480423
2026-08-03T13:41:00.000 -3011.661758323890 -6094.309286011930 242.029242681640 4.15029383980843 -2.29823051125740 -6.00840859323070
2026-08-03T13:45:00.000 -1918.357769927370 -6418.013237804200 -1191.262092586980 4.90495599672726 -0.38314331535524 -5.86272813088424
2026-08-03T13:49:00.000 -685.865924937426 -6276.146496707280 -2537.905561362890 5.30321984965471 1.55780086652233 -5.29091611989540
2026-08-03T13:53:00.000 596.350541075921 -5679.499928219450 -3700.141780639860 5.31695949715841 3.38366801567757 -4.33552807448697
2026-08-03T13:57:00.000 1835.427764891790 -4671.774680316340 -4593.820664058240 4.94604032185013 4.96280157016414 -3.06664586533752
2026-08-03T14:01:00.000 2941.798350319880 -3326.214763638240 -5154.375159541990 4.21782062908783 6.18206194112683 -1.57632220746290
2026-08-03T14:05:00.000 3835.541146955030 -1740.231881600460 -5341.306153387320 3.18481052009786 6.95429668368550 0.02810559540468
2026-08-03T14:09:00.000 4451.989526002230 -28.450431523573 -5140.973805161130 1.92087438473706 7.22399216016366 1.63141366265843
2026-08-03T14:13:00.000 4746.278483716630 1685.362314451390 -4567.568498463100 0.51626729618516 6.97090283177248 3.11821033624260
2026-08-03T14:17:00.000 4696.601032198470 3276.999097962810 -3662.219648653580 -0.92817346516221 6.21174227215223 4.38068254763336
2026-08-03T14:21:00.000 4305.945312508100 4630.683061834280 -2490.252799728120 -2.30786160466105 4.99976566755004 5.32625383304530
2026-08-03T14:25:00.000 3602.108598521420 5647.529734422390 -1136.670317938660 -3.52191420394913 3.42176953170683 5.88461339639559
2026-08-03T14:29:00.000 2635.889999781390 6252.971391478390 299.922240706925 -4.48079917664421 1.59241378719321 6.01355549093630
2026-08-03T14:33:00.000 1477.482683919090 6402.479777982150 1714.569637298320 -5.11352563200789 -0.35424138925460 5.70277118181080
2026-08-03T14:37:00.000 211.308758238838 6085.010867185070 3003.799943870080 -5.37330591592873 -2.27502953871236 4.97488983617445
2026-08-03T14:41:00.000 -1070.280455101060 5323.851229447100 4073.387366252120 -5.24127378929086 -4.02893531387383 3.88378687229779
2026-08-03T14:45:00.000 -2273.902307192470 4174.770541379840 4845.344315173810 -4.72766815969139 -5.48798016348818 2.50994969039779
2026-08-03T14:49:00.000 -3312.008128399550 2721.746244712840 5263.568142521780 -3.87047915179766 -6.54644331972073 0.95410534619369
2026-08-03T14:53:00.000 -4109.207319112220 1070.717676587830 5297.822857106200 -2.73240324089169 -7.12807641121483 -0.67023491114240
2026-08-03T14:57:00.000 -4607.675003119080 -658.158898965648 4945.831550137120 -1.39621436763164 -7.19131762110693 -2.24500239686898
2026-08-03T15:01:00.000 -4771.269319637500 -2339.201782903490 4233.363536857880 0.04123261669437 -6.73191489127387 -3.65588818187098
2026-08-03T15:05:00.000 -4588.125931085100 -3850.245487237900 3212.375925899850 1.47564390047354 -5.78329801328165 -4.80028815553018
2026-08-03T15:09:00.000 -4071.570272448390 -5081.486865093060 1957.285075619210 2.80269068810829 -4.41450047909513 -5.59479758179635
2026-08-03T15:13:00.000 -3259.193752524310 -5943.521818395900 559.580001825533 3.92574143941659 -2.72545521144047 -5.98148600501633
2026-08-03T15:17:00.000 -2210.128761850550 -6373.927546782630 -878.888294590085 4.76307813491632 -0.83966305380185 -5.93250599898406
2026-08-03T15:21:00.000 -1000.683534129080 -6341.823258005460 -2253.426081727780 5.25418436016998 1.10521300281090 -5.45212937974726
2026-08-03T15:25:00.000 281.310032882747 -5850.029197086120 -3464.190828475520 5.36410777571461 2.96777285165817 -4.57622042468009
2026-08-03T15:29:00.000 1542.951193245610 -4934.686480876180 -4423.462124849150 5.08575704488992 4.61346276996728 -3.36922343563873
2026-08-03T15:33:00.000 2693.006865215790 -3662.427083971620 -5061.909601560510 4.43994479622811 5.92422298154143 -1.91893320147109
2026-08-03T15:37:00.000 3648.406934300410 -2125.427790450870 -5333.428018665690 3.47341168420727 6.80640011596610 -0.32993631054898
2026-08-03T15:41:00.000 4340.073308054800 -434.793916159212 -5218.307662164350 2.25533714632804 7.19675171558544 1.28364210564840
2026-08-03T15:45:00.000 4717.770530063280 1287.270659554450 -4724.608771008370 0.87269183931078 7.06655546984772 2.80580083569300
2026-08-03T15:49:00.000 4753.709866233940 2916.048171348240 -3887.686324481320 -0.57545836062160 6.42378787825129 4.12637703808385
2026-08-03T15:53:00.000 4444.684813959780 4333.172837118620 -2767.856495795210 -1.98449064424962 5.31322925842702 5.14879358850372
2026-08-03T15:57:00.000 3812.533112911840 5435.234159277470 -1446.250509089430 -3.25160897260585 3.81410870800385 5.79730139957827
2026-08-03T16:01:00.000 2902.771574595440 6141.488235102490 -19.054144762569 -4.28355519505310 2.03501031626003 6.02308177128491
2026-08-03T16:05:00.000 1781.413027477770 6400.026987354270 1409.516343935180 -5.00395147659100 0.10615017547797 5.80857125370875
2026-08-03T16:09:00.000 530.133061171631 6191.800580091180 2734.988028789940 -5.35953568379847 -1.83069284064049 5.16922696819022
2026-08-03T16:13:00.000 -759.816822400728 5532.062630167720 3860.458661058480 -5.32425794552433 -3.63327977954664 4.15224326659214
2026-08-03T16:17:00.000 -1994.408926206830 4469.167449230100 4703.804326106930 -4.90116035482611 -5.16978767321018 2.83273498567527
2026-08-03T16:21:00.000 -3083.800029178890 3080.847439956640 5203.686055017660 -4.12174854562936 -6.32870398749334 1.30764093198702
2026-08-03T16:25:00.000 -3948.854999375210 1468.365567049620 5323.913932952610 -3.04313553094378 -7.02653707489817 -0.31171498039569
2026-08-03T16:29:00.000 -4526.803061368860 -250.898350483806 5055.945358977730 -1.74377958114892 -7.21321243957439 -1.90759986847602
2026-08-03T16:33:00.000 -4775.727819931600 -1951.929924633640 4419.443940159180 -0.31796009328287 -6.87557249160120 -3.36410311626391
2026-08-03T16:37:00.000 -4677.573244112750 -3511.100572519140 3460.843082806010 1.13092320902875 -6.03824892907549 -4.57536110862882
2026-08-03T16:41:00.000 -4239.479933814710 -4815.099975703890 2250.014690668070 2.49755845089196 -4.76214379052896 -5.45312662032560
2026-08-03T16:45:00.000 -3493.322618070240 -5769.205878367860 875.223560755818 3.68241889581770 -3.14035223566498 -5.93336012144456
2026-08-03T16:49:00.000 -2493.418538521440 -6304.255561853420 -563.326353564278 4.59920403425993 -1.29145489086446 -5.98127276032068
2026-08-03T16:53:00.000 -1312.528180097560 -6381.727500406580 -1960.889454002000 5.18151995638422 0.64944860824759 -5.59403012168529
2026-08-03T16:57:00.000 -36.453686884460 -5996.472861172920 -3215.895744263240 5.38770668213569 2.54109774833711 -4.80071529455607
2026-08-03T17:01:00.000 1242.277775042550 -5176.929688198150 -4237.362471508720 5.20367647093859 4.24661701434876 -3.65985064991749
2026-08-03T17:05:00.000 2431.147803917200 -3982.852197457640 -4951.425721619010 4.64350116217020 5.64345433165805 -2.25462169573026
2026-08-03T17:09:00.000 3444.262798160430 -2500.834685079100 -5306.524499342680 3.74791989940897 6.63173486235786 -0.68656047036470
2026-08-03T17:13:00.000 4208.405212482770 -838.049952580230 -5276.952777614850 2.58117426908904 7.14076332260207 0.93165675180669
2026-08-03T17:17:00.000 4668.159708428920 885.330817920008 -4864.627438789120 1.22655540329595 7.13350121381925 2.48378507634315
2026-08-03T17:21:00.000 4789.856772907350 2544.569610883980 -4099.020987537920 -0.21900548073035 6.60921058212799 3.85774535181382
2026-08-03T17:25:00.000 4564.098258852980 4019.186466606030 -3035.233696588860 -1.65129846430375 5.60404271720882 4.95330179911735
2026-08-03T17:29:00.000 4006.657215205300 5201.672020984430 -1750.255674065790 -2.96605382887904 4.18943449732986 5.68948260071030
2026-08-03T17:33:00.000 3157.561761241450 6005.470776052570 -337.527231617114 -4.06670307224150 2.46756780078484 6.01112255904618
2026-08-03T17:37:00.000 2078.337722127600 6371.545295570640 1099.854379434300 -4.87185990988730 0.56419111649073 5.89351303694047
2026-08-03T17:41:00.000 847.549290537395 6272.943408485360 2456.785590921520 -5.32190856386760 -1.38082133110179 5.34482276887523
2026-08-03T17:45:00.000 -445.048913269073 5716.877858507170 3634.043942069900 -5.38381347496450 -3.22452037994818 4.40553820591557
2026-08-03T17:49:00.000 -1705.222296425240 4744.120132163320 4545.684774454300 -5.05344641203268 -4.83199213897744 3.14504336972103
2026-08-03T17:53:00.000 -2841.223379873840 3425.846450363530 5125.340218157730 -4.35548459186982 -6.08629795263989 1.65603873759783
2026-08-03T17:57:00.000 -3770.497090255740 1858.279904217440 5330.994507278920 -3.34129969738492 -6.89691085422330 0.04744143791144
2026-08-03T18:01:00.000 -4425.609458929580 155.568503147329 5147.903745368670 -2.08472585380362 -7.20574098812867 -1.56376158798884
2026-08-03T18:05:00.000 -4759.036222341330 -1558.467941645570 4589.559510602690 -0.67690412965863 -6.99074320536130 -3.06060862044398
2026-08-03T18:09:00.000 -4746.584521345390 -3159.241271760330 3696.708505448040 0.78003207178080 -6.26765252076632 -4.33429094367776
2026-08-03T18:13:00.000 -4389.168623292930 -4530.411688726640 2534.434608710920 2.18024494097705 -5.08907205921606 -5.29205567120683
2026-08-03T18:17:00.000 -3712.790664960670 -5572.356214632440 1187.460238944160 3.42179251989414 -3.54091527932125 -5.86403951155406
2026-08-03T18:21:00.000 -2766.687553618130 -6209.486429329180 -246.029645618017 4.41421615836532 -1.73634203537534 -6.00865724037506
2026-08-03T18:25:00.000 -1619.722189857780 -6395.819229684900 -1661.622135889640 5.08549615434114 0.19270748485295 -5.71593302719528
2026-08-03T18:29:00.000 -355.271350970312 -6118.280208079150 -2956.383424244030 5.38742024763722 2.10566135725306 -5.00804916725238
2026-08-03T18:33:00.000 934.932990826744 -5397.510934460770 -4036.394547852430 5.29895766922716 3.86391283616925 -3.93739257062347
2026-08-03T18:37:00.000 2157.499409891460 -4286.156912283570 -4823.515155762350 4.82730562920770 5.34093423618956 -2.58219554262861
2026-08-03T18:41:00.000 3224.077205262750 -2864.890811174040 -5260.897549582040 4.00694397528066 6.43102820710734 -1.04054462040973
2026-08-03T18:45:00.000 4057.598570379050 -1236.541410384130 -5316.918280219940 2.89683848025187 7.05624780019892 0.57666059050707
2026-08-03T18:49:00.000 4597.684615869460 481.209430966038 -4987.354412380290 1.57629970094499 7.17143435413882 2.15327564228568
2026-08-03T18:53:00.000 4804.915264144360 2164.095849049350 -4295.712065191840 0.13972494563697 6.76721925698899 3.57565647928429
2026-08-03T18:57:00.000 4663.731486908250 3690.027011504910 -3291.702633277830 -1.30954917184157 5.87111509313102 4.74033587616964
2026-08-03T19:01:00.000 4183.748789611740 4947.857811708190 -2047.897969705800 -2.66629812805311 4.54642434186751 5.56149442503696
2026-08-03T19:05:00.000 3399.309277502060 5845.585246369670 -654.660530391968 -3.83099067849406 2.88853289017937 5.97772126526880
2026-08-03T19:09:00.000 2367.173106020780 6317.325677840530 786.394290453617 -4.71761808984248 1.01834487349096 5.95736140871007
2026-08-03T19:13:00.000 1162.416778935510 6328.371411829470 2169.926456130270 -5.26055508013966 -0.92689059152482 5.50127228455760
2026-08-03T19:17:00.000 -127.119231665994 5877.871503460950 3394.748139497830 -5.41978200668245 -2.80413979042948 4.64298355162709
2026-08-03T19:21:00.000 -1407.396260940050 4998.874678140620 4371.395253687290 -5.18396040029194 -4.47579560397596 3.44598163882277
2026-08-03T19:25:00.000 -2585.169018520170 3755.739773213060 5028.726352183560 -4.57091671479796 -5.82014696847086 1.99841216638166
2026-08-03T19:29:00.000 -3574.809618790140 2239.251781496780 5319.035652065030 -3.62584319092123 -6.73995335990534 0.40621680194082
2026-08-03T19:33:00.000 -4304.482473839670 559.905108095213 5221.417146211310 -2.41774966012209 -7.16916613447183 -1.21459355427556
2026-08-03T19:37:00.000 -4721.265179158610 -1160.154016116080 4743.171692316800 -1.03428061203041 -7.07721179794104 -2.74635321838224
2026-08-03T19:41:00.000 -4794.914473021500 -2795.909022190830 3919.228578692430 0.42428201346658 -6.47091432362499 -4.07783076589329
2026-08-03T19:45:00.000 -4520.083058755530 -4228.475299871240 2809.648256493100 1.85199261059858 -5.39431321739067 -5.11209260130641
2026-08-03T19:49:00.000 -3916.764993339760 -5353.754488329050 1495.308491158340 3.14493915120445 -3.92586926998859 -5.77371027846356
2026-08-03T19:53:00.000 -3028.873820192310 -6090.070081490010 72.017747862731 4.20893127276206 -2.17285218359080 -6.01449394977737
2026-08-03T19:57:00.000 -1921.043364750290 -6384.184546619390 -1356.526378270620 4.96662209125384 -0.26347085942489 -5.81733504760246
2026-08-03T20:01:00.000 -673.837478123917 -6215.168623354500 -2686.401014965310 5.36342884255456 1.66299005170406 -5.19743349581752
2026-08-03T20:05:00.000 622.216417006619 -5595.792089051550 -3821.083703730810 5.37136230456316 3.46674652075040 -4.20080731095284
2026-08-03T20:09:00.000 1873.255283038640 -4571.397881891810 -4678.436919473800 4.99071341321282 5.01780011582711 -2.90049329871424
2026-08-03T20:13:00.000 2988.845809043150 -3216.421546217320 -5196.526391790960 4.24950470269523 6.20506582576100 -1.39074222964322
2026-08-03T20:17:00.000 3888.386727359540 -1628.944121861880 -5337.915831654760 3.20112992608290 6.94367023111296 0.21974526549241
2026-08-03T20:21:00.000 4506.765731904480 76.298167471388 -5092.245420328960 1.92052976390783 7.18043543140174 1.81530025941922
2026-08-03T20:25:00.000 4798.955530149640 1775.985889503130 -4476.982264127290 0.49921634518315 6.89744880873454 3.28101070687562
2026-08-03T20:29:00.000 4743.288127612240 3346.907140436090 -3536.298096571950 -0.96074356415102 6.11359646712223 4.51053855235177
2026-08-03T20:33:00.000 4343.175446466180 4674.755344184810 -2338.101605424300 -2.35361665643449 4.88390206826867 5.41361416959304
2026-08-03T20:37:00.000 3627.105986537490 5662.492180401790 -969.342918886027 -3.57745778268396 3.29653249547454 5.92291239375330
2026-08-03T20:41:00.000 2646.794186995290 6237.666645481480 470.217320106238 -4.54195631659450 1.46699137540881 5.99981261849738
2026-08-03T20:45:00.000 1473.491010936900 6357.988046191040 1875.375957132210 -5.17573076162611 -0.47052062900748 5.63792947753319
2026-08-03T20:49:00.000 192.718118691026 6014.584323906650 3143.357789533530 -5.43202231851859 -2.37353713537645 4.86376059512276
2026-08-03T20:53:00.000 -1102.116618082060 5232.655160269460 4181.507793166070 -5.29226353022897 -4.10244870227453 3.73455450930268
2026-08-03T20:57:00.000 -2316.669113758320 4069.486215484810 4914.151310548410 -4.76720868060782 -5.53115397862534 2.33359181600009
2026-08-03T21:01:00.000 -3362.596176483180 2610.076424667530 5288.075609177180 -3.89573206826843 -6.55617226692388 0.76356733368064
2026-08-03T21:05:00.000 -4163.953516564600 960.810775939918 5276.282602759870 -2.74159384569533 -7.10376277249262 -0.86109463889908
2026-08-03T21:09:00.000 -4662.619087968100 -758.305788448635 4879.836522075830 -1.38865600546302 -7.13480398148715 -2.42233803132066
2026-08-03T21:13:00.000 -4822.427707871420 -2422.315301496270 4127.735601372440 0.06503539999805 -6.64735195491834 -3.80681030642269
2026-08-03T21:17:00.000 -4631.781077112100 -3910.296166830150 3074.818514751130 1.51399472592856 -5.67684932983735 -4.91381537438502
2026-08-03T21:21:00.000 -4104.540909205730 -5114.127072833540 1797.827269965940 2.85283052200274 -4.29392181454741 -5.66265831981094
2026-08-03T21:25:00.000 -3279.077198203400 -5946.400789968530 389.842787757065 3.98399581143072 -2.59953825527144 -5.99876845365359
2026-08-03T21:29:00.000 -2215.478630561630 -6346.864397649320 -1046.540490971750 4.82519179001960 -0.71759915751763 -5.89795906005044
2026-08-03T21:33:00.000 -991.114785318586 -6286.829063915900 -2406.789201304600 5.31563760972152 1.21448229573412 -5.36834951968622
2026-08-03T21:37:00.000 305.103408174113 -5771.151458030500 -3592.128149690070 5.42048170827824 3.05633208109742 -4.44942956718512
2026-08-03T21:41:00.000 1579.256876663480 -4837.689844794480 -4516.709169794750 5.13302572919292 4.67500232892562 -3.20869173189418
2026-08-03T21:45:00.000 2739.214443406620 -3554.354631043120 -5113.722052539160 4.47468170613359 5.95444642273698 -1.73626410533859
2026-08-03T21:49:00.000 3701.176672226700 -2014.090511343280 -5340.045399387360 3.49300399396820 6.80322447524451 -0.13824750665411
2026-08-03T21:53:00.000 4395.559232220310 -328.228839955459 -5179.213310808960 2.25821149915025 7.16038713090959 1.47058438501735
2026-08-03T21:57:00.000 4771.890185714450 1381.352551105710 -4642.577623704750 0.85848099509281 6.99949743200614 2.97448402424904
2026-08-03T22:01:00.000 4802.452156315960 2990.801853924010 -3768.610493541600 -0.60578937066634 6.33073651644365 4.26450388274520
2026-08-03T22:05:00.000 4484.418885591300 4383.121710254690 -2620.335630436770 -2.02877736410742 5.20080829515602 5.24624257282774
2026-08-03T22:09:00.000 3840.275869565910 5456.670040583980 -1280.981601012940 -3.30663081374441 3.69035586579863 5.84681017164252
2026-08-03T22:13:00.000 2916.424527124210 6132.757111408910 151.923940584070 -4.34520821833110 1.90891237882857 6.02082729633502
2026-08-03T22:17:00.000 1779.934753596380 6361.680213480640 1573.704705484430 -5.06759577165650 -0.01301568560361 5.75457858727913
2026-08-03T22:21:00.000 513.619298094510 6126.579149601750 2880.363792166600 -5.42040343882663 -1.93407887514403 5.06741313706118
2026-08-03T22:25:00.000 -790.154812689040 5444.709828159210 3976.381264079160 -5.37789884949105 -3.71318005819611 4.01013982802384
2026-08-03T22:29:00.000 -2036.360766985960 4366.060927633560 4781.810113471050 -4.94371382615949 -5.22037422824398 2.66081212539654
2026-08-03T22:33:00.000 -3134.313829964930 2969.504792959020 5238.093274191630 -4.15010318101816 -6.34633212089573 1.11846826876749
2026-08-03T22:37:00.000 -4004.252646352090 1356.903154024520 5312.226605134190 -3.05524560920525 -7.00990364685045 -0.50430029496662
2026-08-03T22:41:00.000 -4583.064873015030 -354.360913299632 4999.037848411210 -1.73883091722392 -7.16360278830918 -2.08955509535016
2026-08-03T22:45:00.000 -4828.778226641860 -2039.871375101120 4321.477950089880 -0.29631293562155 -6.79663391284622 -3.52220522747101
2026-08-03T22:49:00.000 -4723.572498449960 -3577.136379172700 3328.969106238010 1.16767265036278 -5.93575740915670 -4.69809712762366
2026-08-03T22:53:00.000 -4275.109770716280 -4854.448797920390 2093.853979384550 2.54668502925051 -4.64361800770666 -5.53154598169433
2026-08-03T22:57:00.000 -3516.030429206560 -5779.048486235900 706.162297061815 3.74031581062770 -3.01450904987935 -5.96179945161859
2026-08-03T23:01:00.000 -2501.593148684320 -6283.941682428590 -732.976827450322 4.66168689197345 -1.16754172965549 -5.95772527362356
2026-08-03T23:05:00.000 -1305.606467420090 -6332.820549403350 -2118.792726607160 5.24408127281149 0.76234333616435 -5.52030440018972
2026-08-03T23:09:00.000 -14.956203813276 -5922.629474387020 -3350.600651488000 5.44589091536180 2.63474714780433 -4.68232936987205
2026-08-03T23:13:00.000 1276.800082142320 -5083.606032979820 -4339.140138760550 5.25338966132932 4.31434588434020 -3.50552493150427
2026-08-03T23:17:00.000 2476.224002578610 -3876.877054496950 -5012.952775335060 4.68120884927235 5.68054742466948 -2.07556048054492
2026-08-03T23:21:00.000 3496.664593101740 -2389.905317654120 -5323.384332638070 3.77087192506800 6.63570407102505 -0.49562874283207
2026-08-03T23:25:00.000 4264.352513850490 -730.186295393945 -5247.927199379150 2.58755597438363 7.11139893598571 1.12080552023824
2026-08-03T23:29:00.000 4723.572229299020 982.328557222083 -4791.785967808640 1.21571217769679 7.07284237147244 2.65755578996676
2026-08-03T23:33:00.000 4840.650821013510 2623.654409108350 -3987.598274392790 -0.24642874059477 6.52147324038820 4.00350960067203
2026-08-03T23:37:00.000 4606.503366789550 4074.570200894960 -2893.284566119480 -1.69336092815297 5.49545909472456 5.06035039295649
2026-08-03T23:41:00.000 4037.505118169460 5229.263328083750 -1588.083549873310 -3.01971422602832 4.06781338443898 5.74991026370432
2026-08-03T23:45:00.000 3174.524150122090 6003.178152527720 -166.937589871574 -4.12803830503826 2.34166557954446 6.02037686750410
2026-08-03T23:49:00.000 2080.111165555470 6339.440959235280 1266.398979575630 -4.93630639666671 0.44319374487373 5.85073466963393
2026-08-03T23:53:00.000 833.963869311673 6213.288138595160 2607.085819458130 -5.38465403354081 -1.48799041046450 5.25305965012995
2026-08-03T23:57:00.000 -473.019775229791 5633.964895766370 3757.079962943670 -5.44019279391622 -3.30996619594060 4.27149495219220
2026-08-04T00:01:00.000 -1745.534346336390 4643.960024081500 4632.435165391250 -5.09928363618139 -4.88937975328523 2.97857977852501
2026-08-04T00:05:00.000 -2890.931218881810 3315.721080040860 5169.454548966640 -4.38746760372903 -6.11145807830668 1.46937752674390
2026-08-04T00:09:00.000 -3825.970616261660 1746.187666419240 5329.235691041300 -3.35705983333688 -6.88803199590611 -0.14584074632872
2026-08-04T00:13:00.000 -4482.790202548090 49.661042205482 5100.374795004480 -2.08311943570897 -7.16338463399562 -1.74954703897438
2026-08-04T00:17:00.000 -4813.754632892040 -1650.478863179270 4499.714925087420 -0.65812246832524 -6.91801502019856 -3.22529174514293
2026-08-04T00:21:00.000 -4794.860294384620 -3230.666518146950 3571.094008076540 0.81460327069304 -6.16988055093747 -4.46586311792578
2026-08-04T00:25:00.000 -4427.501098394640 -4576.066913298610 2382.205882232210 2.22801903008038 -4.97341840529208 -5.38091126006473
2026-08-04T00:29:00.000 -3738.416595278090 -5588.949951976530 1019.714284328720 3.47925442762017 -3.41588722119301 -5.90370348804692
2026-08-04T00:33:00.000 -2777.774324754660 -6195.868647048250 -417.069453891047 4.47717808890310 -1.61115933768635 -5.99628751353111
2026-08-04T00:37:00.000 -1615.493731590210 -6353.062418089040 -1823.511117555450 5.14938422369541 0.30885561797813 -5.65253832888981
2026-08-04T00:41:00.000 -336.060246140250 -6049.592596576630 -3097.375695993320 5.44764172974101 2.20428023874294 -4.89839524748997
2026-08-04T00:45:00.000 967.725955789896 -5307.988063953850 -4146.301149134130 5.35125350105672 3.93787485416524 -3.78960301317052
2026-08-04T00:49:00.000 2201.521517428360 -4182.382249143480 -4894.435235532260 4.86803232625655 5.38505949524168 -2.40707047693540
2026-08-04T00:53:00.000 3276.183572651580 -2754.425433251540 -5287.754507604630 4.03316894723474 6.44235422159905 -0.85068693007132
2026-08-04T00:57:00.000 4114.048365007510 -1127.384039840390 -5297.795811547410 2.90656428711865 7.03410228055183 0.76766862549796
2026-08-04T01:01:00.000 4654.386334916280 581.172084684253 -4923.622505551350 1.56862330056291 7.11740301815681 2.33177320291329
2026-08-04T01:05:00.000 4857.709239456280 2247.616888126410 -4191.944914384800 0.11500923047566 6.68503357352687 3.72874346808341
2026-08-04T01:09:00.000 4708.706134938530 3751.003663180260 -3155.390302804040 -1.34960240391064 5.76654674655856 4.85677853190462
2026-08-04T01:13:00.000 4217.553736578060 4981.786196972180 -1888.933313021250 -2.71874343590830 4.42696548708962 5.63263274350520
2026-08-04T01:17:00.000 3419.419825543910 5849.922631462570 -484.627736757787 -3.89196875836852 2.76290953107550 5.99823677950249
2026-08-04T01:21:00.000 2372.066319082760 6291.689277078000 955.076432445135 -4.78266190303149 0.89572077462501 5.92563749755734
2026-08-04T01:25:00.000 1151.695581090010 6274.573937236660 2324.911499281560 -5.32481983725897 -1.03748374310529 5.41955294669249
2026-08-04T01:29:00.000 -152.694413644659 5799.805829456400 3524.686896983790 -5.47854307982797 -2.89453784086933 4.51727161855276
2026-08-04T01:33:00.000 -1445.978144008490 4902.214361364640 4466.776892530460 -5.23291799212987 -4.53940525191140 3.28548267344415
2026-08-04T01:37:00.000 -2633.953748070860 3647.516107280200 5082.568110573000 -4.60645807743518 -5.85230367926415 1.81488231515719
2026-08-04T01:41:00.000 -3630.244151473830 2127.341629593120 5327.403776572990 -3.64538036707333 -6.73833924476768 0.21312447136050
2026-08-04T01:45:00.000 -4362.529786826430 452.443984379052 5183.700632209620 -2.41984695095976 -7.13392551702770 -1.40319756206940
2026-08-04T01:49:00.000 -4777.696282658630 -1255.348683589520 4662.113385628440 -1.01881471380305 -7.01084829711348 -2.91671286259803
2026-08-04T01:53:00.000 -4845.637335428060 -2871.904907216560 3800.739402844770 0.45607967333501 -6.37827860418571 -4.21747837575223
2026-08-04T01:57:00.000 -4561.440866723730 -4279.754364238610 2662.376784137410 1.89775833134193 -5.28224974610862 -5.21082800919142
2026-08-04T02:01:00.000 -3945.790183044640 -5376.623391715320 1330.003718435600 3.20131098882820 -3.80265119275452 -5.82433939923494
2026-08-04T02:05:00.000 -3043.504254158820 -6082.934921354770 -99.265413933439 4.27178318277573 -2.04758570234040 -6.01339773358568
2026-08-04T02:09:00.000 -1920.264531582010 -6347.666393659210 -1521.321902340350 5.03140699987714 -0.14538984716300 -5.76472694764848
2026-08-04T02:13:00.000 -657.741901161589 -6152.047062756020 -2832.753063690050 5.42552463365793 1.76524961454155 -5.09731525958507
2026-08-04T02:17:00.000 652.451102193763 -5510.780534237510 -3938.419900254860 5.42639920760104 3.54581649615230 -4.06062262891928
2026-08-04T02:21:00.000 1915.455968387550 -4470.769263029510 -4758.321892707480 5.03480072369401 5.06810469209861 -2.73049500612183
2026-08-04T02:25:00.000 3039.993518235420 -3107.538996448860 -5233.254125594600 4.27953041765775 6.22317059197959 -1.20327145048349
2026-08-04T02:29:00.000 3944.822792941740 -1519.713841442710 -5328.890514755450 3.21489133421460 6.92846834916692 0.41126440934037
2026-08-04T02:33:00.000 4564.426907704810 177.977539511851 -5038.141273344480 1.91688557414323 7.13309454827965 1.99718150218962
2026-08-04T02:37:00.000 4853.647008193960 1862.759707476260 -4381.699877826230 0.47822859194775 6.82129979337860 3.44020330487099
2026-08-04T02:41:00.000 4790.984103463090 3412.459311740120 -3406.712268140860 -0.99771019905188 6.01393834565141 4.63543673660396
2026-08-04T02:45:00.000 4380.338267872720 4714.262464565700 -2183.612069079340 -2.40388212396276 4.76783202801625 5.49494520591912
2026-08-04T02:49:00.000 3650.972732466520 5673.007838479860 -801.207110348347 -3.63730045055122 3.17248861741985 5.95458112295908
2026-08-04T02:53:00.000 2655.589468255800 6218.363229661720 639.716041306985 -4.60692873976707 1.34407766790678 5.97942400373534
2026-08-04T02:57:00.000 1466.554578431870 6310.230826519020 2033.843951127430 -5.24104927270565 -0.58326103716079 5.56696189886742
2026-08-04T03:01:00.000 170.544671296132 5941.827500049390 3279.208093373260 -5.49289510373241 -2.46784672684816 4.74740477691158
2026-08-04T03:05:00.000 -1137.914515435730 5140.185877473750 4284.806601150960 -5.34424140162310 -4.17138796635543 3.58131878214770
2026-08-04T03:09:00.000 -2363.494256332740 3964.041294721830 4977.349832950890 -4.80656916871543 -5.56969470059967 2.15470357499607
2026-08-04T03:13:00.000 -3417.055489071470 2499.328900448270 5306.552593909250 -3.91959109145932 -6.56155138270362 0.57205797351851
2026-08-04T03:17:00.000 -4222.087415311590 852.813651621990 5248.679577235800 -2.74816205529113 -7.07560650276194 -1.05122861588158
2026-08-04T03:21:00.000 -4720.191912776690 -855.703906306722 4808.160634368900 -1.37743832657816 -7.07517096498521 -2.59723501595829
2026-08-04T03:25:00.000 -4875.245608493450 -2502.033241763090 4017.204570759910 0.09318660947967 -6.56054748112264 -3.95372582535948
2026-08-04T03:29:00.000 -4676.011590787060 -3966.534357941000 2933.482304929500 1.55695500009152 -5.56918733293431 -5.02203544177515
2026-08-04T03:33:00.000 -4136.995521299970 -5142.801771449140 1635.986108122270 2.90739175717807 -4.17331205083173 -5.72426646637849
2026-08-04T03:37:00.000 -3297.441005650870 -5945.461070769320 219.293241761560 4.04613465831948 -2.47489636713975 -6.00929622758914
2026-08-04T03:41:00.000 -2218.467521220490 -6316.449480009000 -1213.382851255200 4.89040572135138 -0.59812811973272 -5.85674943369532
2026-08-04T03:45:00.000 -978.550546532581 -6229.243914024010 -2557.809488825690 5.37925634191671 1.32004322844837 -5.27853719447827
2026-08-04T03:49:00.000 332.290358705312 -5690.681257977910 -3716.395990435660 5.47799876746396 3.14033173229264 -4.31768749598058
2026-08-04T03:53:00.000 1619.104266698270 -4740.261418718410 -4605.267689232930 5.18038651868758 4.73149274356064 -3.04467267100684
2026-08-04T03:57:00.000 2788.863636133790 -3447.081614890570 -5160.211226515070 4.50850392243835 5.97952344249854 -1.55182484459620
2026-08-04T04:01:00.000 3757.059015621700 -1904.758965327280 -5341.139072745780 3.51079884443942 6.79522231099717 0.05332824564285
2026-08-04T04:05:00.000 4453.637905998760 -224.743575469232 -5134.844911544920 2.25858501632443 7.11996611191454 1.65558600400938
2026-08-04T04:09:00.000 4827.935688956790 1471.511003718460 -4555.934581813350 0.84123774703291 6.92951504985656 3.13963900106205
2026-08-04T04:13:00.000 4852.340064993190 3061.088219512170 -3645.926034443290 -0.63957407349277 6.23608379240420 4.39785641516780
2026-08-04T04:17:00.000 4524.438972213690 4428.376727484520 -2470.474881617410 -2.07671366125841 5.08811029553718 5.33792826631610
2026-08-04T04:21:00.000 3867.443917288370 5473.515269764300 -1114.844257559560 -3.36511639103270 3.56776203733573 5.88990279729399
2026-08-04T04:25:00.000 2928.723716083410 6119.890462484910 322.207536085260 -4.40985431942406 1.78544734519566 6.01206516561259
2026-08-04T04:29:00.000 1776.455330090080 6319.992354679660 1735.686875508190 -5.13362615811999 -0.12824510511561 5.69458298941404
2026-08-04T04:33:00.000 494.612542416559 6059.084904184320 3022.201490643360 -5.48297470775036 -2.03257337508944 4.96058008010849
2026-08-04T04:37:00.000 -823.302606754057 5356.324111483400 4087.712208988420 -5.43245274165855 -3.78770687471939 3.86431091389526
2026-08-04T04:41:00.000 -2081.236058398760 4263.236095670770 4854.509499680500 -4.98630324849456 -5.26543627440344 2.48670608876720
2026-08-04T04:45:00.000 -3187.662052910860 2859.747677340800 5266.876744855510 -4.17770495747743 -6.35870214480924 0.92884820417677
2026-08-04T04:49:00.000 -4062.217072761650 1248.204211964530 5295.011177359430 -3.06586616553988 -6.98877658606807 -0.69567401142168
2026-08-04T04:53:00.000 -4641.443796175560 -454.099460176596 4937.079720967960 -1.73163680173874 -7.11051384449305 -2.26874675760000
2026-08-04T04:57:00.000 -4883.332884535150 -2123.399370154740 4219.300299376880 -0.27183484584970 -6.71546465495854 -3.67612931154794
2026-08-04T05:01:00.000 -4770.346220794680 -3638.388594205590 3194.026477410270 1.20763809992302 -5.83243656361053 -4.81554626431099
2026-08-04T05:05:00.000 -4310.712978091290 -4888.986819074750 1935.986854713310 2.59923307780537 -4.52568397206461 -5.60395932277231
2026-08-04T05:09:00.000 -3537.893121487160 -5784.387179879350 536.885060126990 3.80156513926894 -2.89061931725957 -5.98389566502226
2026-08-04T05:13:00.000 -2508.156420916220 -6259.743425436070 -901.327065915852 4.72715290890989 -1.04680798117555 -5.92796856375135
2026-08-04T05:17:00.000 -1296.425490854100 -6280.917223411590 -2273.970906368820 5.30902704351958 0.87106894640935 -5.44099236396599
2026-08-04T05:21:00.000 9.283597132398 -5846.873749480890 -3481.355458380500 5.50568544680443 2.72359356500418 -4.55937265392091
2026-08-04T05:25:00.000 1314.341416469830 -4989.564490030700 -4436.021696326800 5.30378127305044 4.37697903565359 -3.34793212144636
2026-08-04T05:29:00.000 2524.364377289580 -3771.406492251650 -5068.977856508700 4.71860863219618 5.71260984308842 -1.89473813649417
2026-08-04T05:33:00.000 3551.936862891000 -2280.647564839750 -5334.511336157210 3.79252588869797 6.63502591936634 -0.30455108421585
2026-08-04T05:37:00.000 4322.749795330210 -625.035363334993 -5213.335153043470 2.59176299204462 7.07805781418227 1.30841725930262
2026-08-04T05:41:00.000 4780.828432306810 1075.772692635350 -4713.941884386360 1.20202795956454 7.00920312532258 2.82820201519884
2026-08-04T05:45:00.000 4892.546515058040 2698.614518595180 -3872.085559260310 -0.27716371955420 6.43198212190265 4.14484637847829
2026-08-04T05:49:00.000 4649.179087674910 4125.563968715340 -2748.430736837790 -1.73899983016753 5.38641374264349 5.16200312752202
2026-08-04T05:53:00.000 4067.763382288570 5252.502802778670 -1424.390437024380 -3.07689957982545 3.94697232442084 5.80424149047095
2026-08-04T05:57:00.000 3190.101764766110 5996.878941478470 3.656181408496 -4.19240095523400 2.21789589249398 6.02317704769771
2026-08-04T06:01:00.000 2079.861659168450 6304.010987258830 1431.420329002150 -5.00301942478758 0.32571702624666 5.80178558062572
2026-08-04T06:05:00.000 817.911223214467 6151.296713091390 2754.473037812510 -5.44882388224914 -1.59048551938786 5.15596364369350
2026-08-04T06:09:00.000 -503.694398593687 5549.947310093900 3876.070700361180 -5.49713943419911 -3.38988271811622 4.13342758587570
2026-08-04T06:13:00.000 -1788.594733817600 4544.079777972080 4714.364844074290 -5.14493518746757 -4.94083937806513 2.80971877063754
2026-08-04T06:17:00.000 -2943.259036228390 3207.299388480050 5208.387664630280 -4.41858229844025 -6.13075692383589 1.28213856108406
2026-08-04T06:21:00.000 -3883.789576684870 1637.148251200610 5322.388459298820 -3.37144043098943 -6.87387005202295 -0.33776959916882
2026-08-04T06:25:00.000 -4541.939569998590 -52.058262670139 5048.296763479430 -2.07974660143295 -7.11693287094855 -1.93226138966762
2026-08-04T06:29:00.000 -4869.968939152650 -1737.490913262560 4406.226011478080 -0.63718746089315 -6.84264724658098 -3.38555424261870
2026-08-04T06:33:00.000 -4844.086226006140 -3296.651642591380 3443.027662596540 0.85154755540515 -6.07110501497178 -4.59198486369799
2026-08-04T06:37:00.000 -4466.196615053150 -4616.247757940940 2228.914798545440 2.27829370976375 -4.85847965665129 -5.46371141217035
2026-08-04T06:41:00.000 -3763.806983624740 -5600.441563180960 852.386761991852 3.53917281735735 -3.29322802249461 -5.93716748922735
2026-08-04T06:45:00.000 -2788.059582009390 -6177.896313519440 -586.235058832327 4.54237040251811 -1.48979884121473 -5.97806687909515
2026-08-04T06:49:00.000 -1609.968102347060 -6307.014079358150 -1982.207761881950 5.21515809109094 0.42002218450340 -5.58407348068221
2026-08-04T06:53:00.000 -315.148100271556 -5978.906125670070 -3234.090099542230 5.50932588819862 2.29719846800482 -4.78481373994962
2026-08-04T06:57:00.000 1002.508553999810 -5217.868354773460 -4251.147140091710 5.40446459406003 4.00594501928998 -3.63923779624984
2026-08-04T07:01:00.000 2247.668090321600 -4079.404299920410 -4959.847725099300 4.90894641032457 5.42351499944092 -2.23081544444750
2026-08-04T07:05:00.000 3330.367020169010 -2646.059253866570 -5309.016281448230 4.05881674108957 6.44854997693781 -0.66123586804937
2026-08-04T07:09:00.000 4172.349139561600 -1021.461030321570 -5273.359129878660 2.91499169284267 7.00767172923518 0.95675081094508
2026-08-04T07:13:00.000 4712.552696142300 676.998023257197 -4855.214086250270 1.55906019300746 7.06017853406075 2.50689850299779
2026-08-04T07:17:00.000 4911.466428744500 2326.394720644250 -4084.467019485490 0.08803185539652 6.60103444313014 3.87720995001773
2026-08-04T07:21:00.000 4754.070830535050 3806.985325295580 -3016.588196744820 -1.39214541963273 5.66170591069802 4.96772922593925
2026-08-04T07:25:00.000 4251.137438088210 5010.841650028100 -1728.859504194730 -2.77377312021866 4.30877066523342 5.69783685634164
2026-08-04T07:29:00.000 3438.698590790670 5849.851857600170 -314.924248676606 -3.95538982552674 2.63986304343904 6.01275073874531
2026-08-04T07:33:00.000 2375.595098376080 6262.409183434870 1122.017746531250 -4.84966085570641 0.77687529886616 5.88823412042011
2026-08-04T07:37:00.000 1139.213822275410 6218.166624686470 2476.878791540950 -5.39041703066368 -1.14329002985393 5.33294350265327
2026-08-04T07:41:00.000 -180.265423958288 5720.367256689300 3650.567256536080 -5.53791435293826 -2.97946170556104 4.38783776650428
2026-08-04T07:45:00.000 -1486.613269326070 4805.546926824410 4557.383255396660 -5.28175842575945 -4.59717114786930 3.12277729276537
2026-08-04T07:49:00.000 -2684.688942051970 3540.689572038990 5131.309096814600 -4.64128637488876 -5.87868890417844 1.63086225061158
2026-08-04T07:53:00.000 -3687.398585599310 2018.155826916060 5330.757941303930 -3.66372371451618 -6.73150975108072 0.02123096336342
2026-08-04T07:57:00.000 -4421.963483323000 348.849861496004 5141.452052784010 -2.42038514995733 -7.09445376336922 -1.58900669076816
2026-08-04T08:01:00.000 -4835.105593520320 -1345.826631935040 4577.358908790350 -1.00149292547869 -6.94169475414339 -3.08297501095620
2026-08-04T08:05:00.000 -4896.850122948480 -2942.704622390370 3679.650534038950 0.49008591428119 -6.28443362376712 -4.35215203582836
2026-08-04T08:09:00.000 -4602.728349697840 -4325.729766702220 2513.766934613530 1.94594826940888 -5.17048659273888 -5.30408997832580
2026-08-04T08:13:00.000 -3974.157587837450 -5394.430280654310 1164.696434038950 3.26011866503418 -3.68112084689795 -5.86936944738302
2026-08-04T08:17:00.000 -3056.910924884690 -6071.290914379610 -269.228764230616 4.33688409577786 -1.92520440736310 -6.00694031802650
2026-08-04T08:21:00.000 -1917.761834497620 -6307.447769784260 -1683.574192982410 5.09808082528569 -0.03110150796933 -5.70733262234451
2026-08-04T08:25:00.000 -639.531417040402 -6086.209983104470 -2975.506843683110 5.48895392326425 1.86314668359657 -4.99322656053214
2026-08-04T08:29:00.000 685.034393698646 -5424.138886137320 -4051.323775191090 5.48202721492821 3.62024743702738 -3.91749042058287
2026-08-04T08:33:00.000 1960.052191542930 -4369.627404025860 -4833.205759642660 5.07867864733038 5.11380361578976 -2.55871012309005
2026-08-04T08:37:00.000 3093.381335847950 -2999.216285541300 -5264.689927689310 4.30845851137037 6.23696281129249 -1.01516834040599
2026-08-04T08:41:00.000 4003.127602903420 -1412.028074896820 -5314.567601017650 3.22666711268916 6.90940072522955 0.60218348139358
2026-08-04T08:45:00.000 4623.386821046240 277.254948658463 -4979.035560428390 1.91050514122640 7.08249841621132 2.17720013894421
2026-08-04T08:49:00.000 4908.912798406820 1946.438262234100 -4282.011580881150 0.45399347622095 6.74265753761763 3.59630742365192
2026-08-04T08:53:00.000 4838.446944585430 3474.428642002960 -3273.593100454530 -1.03810745539838 5.91273993862291 4.75619686006022
2026-08-04T08:57:00.000 4416.449480015760 4749.945221348760 -2026.680573665310 -2.45749975031227 4.65130055059570 5.57136976895175
2026-08-04T09:01:00.000 3673.017629797440 5679.719921731130 -631.867513273144 -3.70017248459931 3.04907704624022 5.98089399579762
2026-08-04T09:05:00.000 2661.894914053340 6195.531918848520 809.110255361748 -4.67439926222804 1.22280931105850 5.95353428164761
2026-08-04T09:09:00.000 1456.619506306980 6259.452560479850 2190.898181516070 -5.30806285919045 -0.69342995532828 5.49064008653086
2026-08-04T09:13:00.000 145.084907796104 5866.774245144420 3412.419286692830 -5.55445417563730 -2.55870526630396 4.62627282241733
2026-08-04T09:17:00.000 -1177.037923777390 5046.331743758460 4384.438007751170 -5.39584803142473 -4.23624967268010 3.42434604129086
2026-08-04T09:21:00.000 -2413.422339048390 3858.235593996080 5036.136063782640 -4.84445598920815 -5.60381076026843 1.97339835091299
2026-08-04T09:25:00.000 -3474.149138099800 2389.297892836710 5320.225484572850 -3.94106439805750 -6.56244468818119 0.37972837877353
2026-08-04T09:29:00.000 -4282.201131770670 746.577318441053 5216.270895048900 -2.75170662365406 -7.04329764056692 -1.24057338467837
2026-08-04T09:33:00.000 -4778.965636327350 -950.418595433970 4732.050124767750 -1.36279465035304 -7.01205803250717 -2.76984838121537
2026-08-04T09:37:00.000 -4928.414808351540 -2578.347697832080 3902.946342190200 0.12497544503579 -6.47126661144629 -4.09707292417253
2026-08-04T09:41:00.000 -4719.706861513910 -4018.915189020360 2789.402044465670 1.60363691108689 -5.46023606781992 -5.12568748209656
2026-08-04T09:45:00.000 -4168.031336705260 -5167.453160470340 1472.579645313140 2.96555529152570 -4.05259387552439 -5.78068076065733
2026-08-04T09:49:00.000 -3313.560447396380 -5940.602538649820 48.464053998752 4.11150712226026 -2.35120761666403 -6.01436190635460
2026-08-04T09:53:00.000 -2218.508075086140 -6282.455448460280 -1379.194586939150 4.95820179237555 -0.48051249216320 -5.81013600774607
2026-08-04T09:57:00.000 -962.522695851860 -6168.620196857130 -2706.543961372500 5.44455549650373 1.42298649070757 -5.18372795853797
2026-08-04T10:01:00.000 363.218423705968 -5607.870086905170 -3837.259070296140 5.53612189421450 3.22117520335814 -4.18166030722054
2026-08-04T10:05:00.000 1662.695211366830 -4641.293858585880 -4689.501717126120 5.22714584904746 4.78448308854186 -2.87731559343247
2026-08-04T10:09:00.000 2841.965972324040 -3339.134670707270 -5201.714416039320 4.54052601396118 6.00093123599924 -1.36524363287325
2026-08-04T10:13:00.000 3815.829369790430 -1795.631526399120 -5336.885437763960 3.52570194140766 6.78359700494764 0.24576270884219
2026-08-04T10:17:00.000 4513.794234440700 -122.312178408009 -5085.087516370510 2.25513220856630 7.07611320414095 1.84005426053676
2026-08-04T10:21:00.000 4885.056583735490 1559.833890248570 -4464.205791342060 0.81952255577555 6.85648373862316 3.30280500756473
2026-08-04T10:25:00.000 4902.190114430960 3128.872583737430 -3518.804611393020 -0.67809076184198 6.13897204064078 4.52780581445879
2026-08-04T10:29:00.000 4563.293697191130 4470.639506927910 -2317.141190103540 -2.12926614988672 4.97381126449140 5.42505355854669
2026-08-04T10:33:00.000 3892.382593204410 5487.093287877770 -946.431135594731 -3.42779854644119 3.44448572063947 5.92762401680539
2026-08-04T10:37:00.000 2937.866872061590 6103.709899097910 493.410168851801 -4.47798026551252 1.66227739594349 5.99742138026767
2026-08-04T10:41:00.000 1769.098156429250 6275.183957974960 1897.150590180020 -5.20215042459626 -0.24215273034177 5.62856880927889
2026-08-04T10:45:00.000 471.268951340778 5988.903857701940 3162.108032172990 -5.54684656935687 -2.12879502887033 4.84806140061992
2026-08-04T10:49:00.000 -860.942136151175 5265.896975835390 4195.834456849530 -5.48698039253338 -3.85916705542899 3.71360420767261
2026-08-04T10:53:00.000 -2130.435511624730 4159.168230399720 4922.963696235170 -5.02751918864777 -5.30695413829098 2.30886836505002
2026-08-04T10:57:00.000 -3244.845207211180 2749.635006880210 5290.679937131470 -4.20261296907422 -6.36724958327800 0.73687895266506
2026-08-04T11:01:00.000 -4123.229677731740 1140.082113853200 5272.448074620110 -3.07268391036744 -6.96375438388727 -0.88771779933446
2026-08-04T11:05:00.000 -4701.862680452170 -552.354430471918 4869.823721208280 -1.71990548162222 -7.05382551816077 -2.44687610464241
2026-08-04T11:09:00.000 -4938.781322018150 -2204.645149736550 4112.269051120460 -0.24239607276493 -6.63127272221370 -3.82744402089027
2026-08-04T11:13:00.000 -4816.802563591050 -3696.722473730630 3055.022527005560 1.25268020376527 -5.72686511448102 -4.92902640127785
2026-08-04T11:17:00.000 -4344.806798761690 -4920.181592887520 1775.150215923840 2.65658188889133 -4.40649104615323 -5.67131670667011
2026-08-04T11:21:00.000 -3557.153490551970 -5786.206009307860 365.938507587079 3.86707708548952 -2.76650631747610 -6.00027649423540
2026-08-04T11:25:00.000 -2511.188317908450 -6232.088695416340 -1069.932424832580 4.79604750957216 -0.92681750836106 -5.89220556056305
2026-08-04T11:29:00.000 -1283.016698984500 -6225.843393468310 -2427.967874577380 5.37630839476175 0.97817661456503 -5.35577636249153
2026-08-04T11:33:00.000 38.158815707208 -5768.429362552100 -3609.562196280510 5.56651578051458 2.81006786662181 -4.43099748864282
2026-08-04T11:37:00.000 1356.598383442090 -4893.476798324400 -4529.149770586400 5.35379244482244 4.43665643072695 -3.18576901858488
2026-08-04T11:41:00.000 2576.955671706260 -3664.652743495460 -5120.286253830790 4.75418650312744 5.74129476910830 -1.71050869407076
2026-08-04T11:45:00.000 3611.060541733190 -2170.951892546810 -5340.273023394740 3.81104270759177 6.63072087296351 -0.11151642124113
2026-08-04T11:49:00.000 4384.113098482490 -520.320183860685 -5173.097077370730 2.59176993265101 7.04110411545517 1.49640653047722
2026-08-04T11:53:00.000 4839.941729118050 1167.935633618740 -4630.555328834900 1.18335975467932 6.94216086908553 2.99759238430206
2026-08-04T11:57:00.000 4945.050079268940 2771.526162454950 -3751.531883063470 -0.31325443906439 6.33954884712414 4.28327797154690
2026-08-04T12:01:00.000 4691.175185375430 4173.883934836800 -2599.415886642590 -1.78993412454789 5.27514427233372 5.25926487919568
2026-08-04T12:05:00.000 4096.120448102710 5272.650207634670 -1257.736379692940 -3.13891607923265 3.82490854509372 5.85304067177329
2026-08-04T12:09:00.000 3202.697301607850 5987.324323281810 175.796699523785 -4.26091436575571 2.09395581745671 6.01979070545859
2026-08-04T12:13:00.000 2075.747302093640 6265.402592952120 1596.455358183730 -5.07287657593155 0.20907496826599 5.74631736441281
2026-08-04T12:17:00.000 797.387025452019 6086.456929056190 2900.322047153710 -5.51488801016203 -1.69107511217211 5.05255509887304
2026-08-04T12:21:00.000 -539.140977520733 5463.647482715750 3992.085767725300 -5.55467925192977 -3.46703990471247 3.98975643381264
2026-08-04T12:25:00.000 -1836.404564770430 4442.647341102750 4792.098870864740 -5.18978847791334 -4.98903506600583 2.63633357112401
2026-08-04T12:29:00.000 -2999.971017374300 3098.143720542750 5242.193144524910 -4.44746230844226 -6.14653409310880 1.09169731383862
2026-08-04T12:33:00.000 -3945.293993808260 1528.231913159930 5309.823204243460 -3.38225097144892 -6.85611585768080 -0.53139447210600
2026-08-04T12:37:00.000 -4603.776885828400 -152.795683769668 4990.293665830600 -2.07169720240562 -7.06695200505395 -2.11496390484688
2026-08-04T12:41:00.000 -4927.658331736690 -1822.712969312670 4307.029770672910 -0.61087836761657 -6.76413469731600 -3.54403719813988
2026-08-04T12:45:00.000 -4893.443526998380 -3360.162543790310 3309.874605849910 0.89425887330172 -5.96979134119713 -4.71474073671978
2026-08-04T12:49:00.000 -4503.634405513860 -4653.431560435670 2071.517691268710 2.33429757206010 -4.74175131779424 -5.54174566729843
2026-08-04T12:53:00.000 -3786.612708778660 -5608.613915984930 682.231861801387 3.60436212125249 -3.16968666919564 -5.96481434637117
2026-08-04T12:57:00.000 -2794.583990330960 -6156.504021285260 -756.747589932900 4.61203317830158 -1.36847646590648 -5.95339159674418
2026-08-04T13:01:00.000 -1599.741764587460 -6257.662076941400 -2140.669031060010 5.28423539087631 0.53027082614361 -5.50895542824766
2026-08-04T13:05:00.000 -288.914113874936 -5905.235240847560 -3368.994590109280 5.57284254501875 2.38838362291832 -4.66483869097007
2026-08-04T13:09:00.000 1042.857227657390 -5125.271796132690 -4352.726438605810 5.45786451893682 4.07153462025903 -3.48320708704612
2026-08-04T13:13:00.000 2299.226255610690 -3974.619702452580 -5020.764430133220 4.94839067454020 5.45889454868172 -2.05004290756184
2026-08-04T13:17:00.000 3389.418442507390 -2536.678142374780 -5324.868778377620 4.08142874103853 6.45125242542082 -0.46873710716682
2026-08-04T13:21:00.000 4234.624546230190 -915.394270779467 -5242.987280616190 2.91906880380791 6.97751742325798 1.14712266791624
2026-08-04T13:25:00.000 4773.528468421950 772.078748974839 -4780.789246717250 1.54419444544602 6.99932768685761 2.68141045907320
2026-08-04T13:29:00.000 4966.682315024020 2403.596356617580 -3971.345220615410 0.05517685014113 6.51377306845254 4.02319464931230
2026-08-04T13:33:00.000 4799.465704411500 3860.678128571310 -2872.951725819210 -1.44063276233101 5.55424145201501 5.07445801568343
2026-08-04T13:37:00.000 4283.363537785440 5037.081145507130 -1565.144528752510 -2.83434431803279 4.18885246741055 5.75736989159741
2026-08-04T13:41:00.000 3455.380208815890 5846.690428294420 -143.074592846500 -4.02354944786845 2.51629540759585 6.02057301347875
2026-08-04T13:45:00.000 2375.507198481810 6230.069250833190 1289.437347072580 -4.92038463345161 0.65879870826183 5.84371693343547
2026-08-04T13:49:00.000 1122.365647182510 6159.029052879770 2627.621646754330 -5.45849931928705 -1.24713198284910 5.23935003992532
2026-08-04T13:53:00.000 -212.635501745373 5638.801170688260 3773.623108300720 -5.59840763554175 -3.06137374230481 4.25215268038374
2026-08-04T13:57:00.000 -1532.154221919160 4707.566343368410 4643.801272085150 -5.33037249150313 -4.65123046627972 2.95504005740225
2026-08-04T14:01:00.000 -2740.115593290490 3433.472581080850 5174.831143172280 -4.67454563151377 -5.90115622204433 1.44329967447604
2026-08-04T14:05:00.000 -3748.705242399820 1909.515812327960 5328.234812007990 -3.67915345665770 -6.72083636587834 -0.17257970897953
2026-08-04T14:09:00.000 -4484.701598325790 246.692452926772 5093.072495135320 -2.41680260679519 -7.05143520759575 -1.77500947538977
2026-08-04T14:13:00.000 -4894.708099292650 -1434.064288594730 4486.637243810360 -0.97910204980586 -6.86941451755089 -3.24766180006732
2026-08-04T14:17:00.000 -4948.970170989320 -3010.588796998850 3553.186122605040 0.52966717725082 -6.18813701864902 -4.48349157868740
2026-08-04T14:21:00.000 -4643.564534999110 -4368.309016466280 2360.773703706610 1.99982270185062 -5.05720210142231 -5.39246651762630
2026-08-04T14:25:00.000 -4000.736230763160 -5408.600371164360 996.329065478506 3.32431599152903 -3.55912119865506 -5.90832513370589
2026-08-04T14:29:00.000 -3067.312652264810 -6056.032258479540 -440.697288936045 4.40666731026815 -1.80348168119263 -5.99368815748414
2026-08-04T14:33:00.000 -1911.250724361650 -6263.907907375420 -1845.667704066000 5.16838328448135 0.08140287384059 -5.64295733482513
2026-08-04T14:37:00.000 -616.593786508195 -6017.606696794260 -3116.462736884180 5.55471715686843 1.95823692748541 -4.88255351174781
2026-08-04T14:41:00.000 722.734806663325 -5335.503535697110 -4160.946977962260 5.53854810824625 3.69108809360058 -3.76866232586483
2026-08-04T14:45:00.000 2009.796178322920 -4267.424125053640 -4903.593929653660 5.12191993179553 5.15536130065764 -2.38256862715595
2026-08-04T14:49:00.000 3151.589234812170 -2890.866290050880 -5290.784731856940 4.33532199941827 6.24632945415633 -0.82443085607802
2026-08-04T14:53:00.000 4065.609056382310 -1305.378958729770 -5294.503923196440 3.23519440779224 6.88595187168088 0.79377718537225
2026-08-04T14:57:00.000 4685.633710650580 374.484188762417 -4914.271758947230 1.90002372403489 7.02791696373892 2.35584686938572
2026-08-04T15:01:00.000 4966.417652473610 2027.201584082200 -4177.237997435210 0.42518109105174 6.66085088290969 3.74903555732469
2026-08-04T15:05:00.000 4887.025616669350 3532.862177940830 -3136.416098676360 -1.08323305966049 5.80959178708511 4.87183357707064
2026-08-04T15:09:00.000 4452.556607790440 4781.794913123590 -1867.084534867640 -2.51566368731352 4.53426599036442 5.64139625002141
2026-08-04T15:13:00.000 3694.020580327090 5682.661464983020 -461.497225531170 -3.76709675582099 2.92669465347848 6.00008133485538
2026-08-04T15:17:00.000 2666.275772757770 6169.364049677150 977.797120943206 -4.74513714630687 1.10412856112326 5.92040483000314
2026-08-04T15:21:00.000 1444.081105075700 6206.132887673080 2345.565256220720 -5.37746535075425 -0.79961270737772 5.40767075898891
2026-08-04T15:25:00.000 116.553694072916 5790.261997167970 3541.773510878640 -5.61751489298696 -2.64460583211511 4.49961203244729
2026-08-04T15:29:00.000 -1219.483178605960 4952.279925475980 4479.058730782900 -5.44804080906159 -4.29563132856059 3.26335163850041
2026-08-04T15:33:00.000 -2466.708549085510 3753.555639193820 5089.160958837820 -4.88206491023760 -5.63249287251040 1.78988581881844
2026-08-04T15:37:00.000 -3534.427757470790 2281.626810807690 5327.824949438280 -3.96135490428161 -6.55856461483404 0.18697923489082
2026-08-04T15:41:00.000 -4345.097894873050 643.732926390145 5177.888284402870 -2.75307735036190 -7.00719558606002 -1.42868635419244
2026-08-04T15:45:00.000 -4839.884654474920 -1040.966198393570 4650.447553928730 -1.34502702273977 -6.94629746924803 -2.93971249767857
2026-08-04T15:49:00.000 -4982.879043169670 -2649.999905449990 3784.021036136530 0.16066904378504 -6.38050449140298 -4.23631790527026
2026-08-04T15:53:00.000 -4763.705531873330 -4066.419826530540 2641.781258038080 1.65461542507074 -5.35099350370231 -5.22409149300387
2026-08-04T15:57:00.000 -4198.327195405160 -5187.307670941000 1307.003064867350 3.02805719500109 -3.93283387135677 -5.83098023730619
2026-08-04T16:01:00.000 -3327.932050058170 -5931.328412543160 -123.003668059453 4.18087698882340 -2.22973668893231 -6.01286101368809
2026-08-04T16:05:00.000 -2215.915027829430 -6244.722317747830 -1544.068568170190 5.02933972824995 -0.36628041633061 -5.75704836752336
2026-08-04T16:09:00.000 -943.161863746293 -6105.181421754040 -2852.848907778560 5.51230014959745 1.52166343887102 -5.08303578475115
2026-08-04T16:13:00.000 397.935715931069 -5523.345053503000 -3954.395148578490 5.59557338539523 3.29714935709983 -4.04077517863095
2026-08-04T16:17:00.000 1710.251635645190 -4541.825601732340 -4769.007310912530 5.27404571847553 4.83229166840967 -2.70652611457943
2026-08-04T16:21:00.000 2898.924721111900 -3231.933496358700 -5237.862795449160 4.57150586908710 6.01717811259325 -1.17691452459040
2026-08-04T16:25:00.000 3878.078388835700 -1688.456446017790 -5327.082901529060 3.53854007709630 6.76713895753088 0.43804252525267
2026-08-04T16:29:00.000 4576.838243102690 -22.915446290211 -5030.053503814080 2.24887114662363 7.02814279994858 2.02241859654420
2026-08-04T16:33:00.000 4944.330979890930 1644.258148300830 -4367.925157921100 0.79454815785776 6.78042686465951 3.46207126111532
2026-08-04T16:37:00.000 4953.387375491870 3192.195525093510 -3388.255215939160 -0.72001797265399 6.04024107447528 4.65234800519033
2026-08-04T16:41:00.000 4602.690390345950 4508.246543349230 -2161.820364068790 -2.18506912892877 4.85956652208405 5.50565157874691
2026-08-04T16:45:00.000 3917.118640636030 5496.252893021510 -777.671910974698 -3.49342346555931 3.32312154211994 5.95832074332721
2026-08-04T16:49:00.000 2946.149233380510 6083.772635483320 663.280408541241 -4.54861794944860 1.54266381427530 5.97591616058018
2026-08-04T16:53:00.000 1760.347364011610 6227.637760041400 2055.712296897470 -5.27258018911896 -0.35117776288305 5.55642235083763
2026-08-04T16:57:00.000 446.154611017899 5917.282899247980 3297.779354241620 -5.61196263115248 -2.21915317383225 4.73064803116728
2026-08-04T17:01:00.000 -900.578445659199 5175.504107434150 4298.734461136660 -5.54215533406524 -3.92430503782929 3.55960838130048
2026-08-04T17:05:00.000 -2181.715025049340 4056.651713141980 4985.621442193280 -5.06878679461700 -5.34224972197754 2.12956978865346
2026-08-04T17:09:00.000 -3304.053518844000 2642.493937897380 5308.564354796640 -4.22701869503004 -6.37029345955590 0.54533980026414
2026-08-04T17:13:00.000 -4186.075321339860 1036.106214639510 5244.274299829080 -3.07837885887841 -6.93451465671522 -1.07768627247411
2026-08-04T17:17:00.000 -4763.756801108870 -645.630089345273 4797.617087381820 -1.70629972206319 -6.99442148929051 -2.62162773324826
2026-08-04T17:21:00.000 -4995.165330904060 -2280.440872870800 4001.233551040160 -0.21035050048929 -6.54588046333051 -3.97427940564271
2026-08-04T17:25:00.000 -4863.501569550390 -3749.497318477550 2913.197567515670 1.30083822653015 -5.62156930099531 -5.03719647662289
2026-08-04T17:29:00.000 -4378.359836348150 -4946.040254103300 1612.830865462600 2.71728505266588 -4.28884575591034 -5.73286488748535
2026-08-04T17:33:00.000 -3575.082846738680 -5783.201024657290 194.938984509940 3.93574700181392 -2.64511915108247 -6.01061198498453
2026-08-04T17:37:00.000 -2512.186801380670 -6200.403533596020 -1237.159187106900 4.86760286269696 -0.81066958011621 -5.85064324293530
2026-08-04T17:41:00.000 -1267.019748631330 -6167.767707514190 -2579.267450522780 5.44551872367147 1.08060113030430 -5.26544369188851
2026-08-04T17:45:00.000 69.980614616152 -5688.176563470280 -3733.962802388510 5.62838013572136 2.89132986136918 -4.29854993638054
2026-08-04T17:49:00.000 1401.933576894120 -4796.866266220030 -4617.649521896500 5.40386167100488 4.49088704691166 -3.02086788169037
2026-08-04T17:53:00.000 2632.521096434840 -3558.680345502860 -5166.493675763660 4.78885335735625 5.76461359195562 -1.52511706674569
2026-08-04T17:57:00.000 3672.833899277330 -2063.280914829850 -5340.858467031200 3.82779152132020 6.62146873974709 0.08097138337555
2026-08-04T18:01:00.000 4447.620430913540 -418.736032844602 -5128.025491961630 2.58937982443863 6.99994028320632 1.68208868004829
2026-08-04T18:05:00.000 4900.577609350370 1256.084066509280 -4543.088989531480 1.16195800401940 6.87203084520266 3.16305294184309
2026-08-04T18:09:00.000 4998.403584534630 2839.848978957380 -3628.003112887910 -0.35218297577557 6.24545611154031 4.41649489413366
2026-08-04T18:13:00.000 4733.348002418950 4217.407913136830 -2448.790848772380 -1.84360918106072 5.16382678178413 5.35044728352220
2026-08-04T18:17:00.000 4124.026294797730 5288.186279218260 -1090.986121278130 -3.20338922662045 3.70442570384550 5.89538187889343
2026-08-04T18:21:00.000 3214.307221682630 5973.731983024660 346.489747369609 -4.33140702167849 1.97321754283843 6.01010090178505
2026-08-04T18:25:00.000 2070.225888689810 6223.697629062040 1758.613694397260 -5.14427259631261 0.09697518740757 5.68532482195291
2026-08-04T18:29:00.000 775.147118497648 6019.712357678110 3042.096212841750 -5.58195032130196 -1.78635026017933 4.94472432382233
2026-08-04T18:33:00.000 -576.459425317838 5376.773703383430 4103.123721492310 -5.61251015543962 -3.53847391751362 3.84304545664104
2026-08-04T18:37:00.000 -1886.073172815280 4342.027744554870 4864.319702210480 -5.23426521264315 -5.03147195306610 2.46155447586674
2026-08-04T18:41:00.000 -3058.382580280820 2991.136088269760 5270.354478583810 -4.47539637175458 -6.15702418348217 0.90154775825638
2026-08-04T18:45:00.000 -4008.205961352970 1422.629314733080 5291.879153858390 -3.39158174657043 -6.83401140646786 -0.72311625812238
2026-08-04T18:49:00.000 -4666.602936328050 -249.330067533897 4927.539617431570 -2.06162619298281 -7.01395376125206 -2.29439728617550
2026-08-04T18:53:00.000 -4985.780855701750 -1903.180951691120 4203.998158059130 -0.58197069505102 -6.68404083144397 -3.69820763329312
2026-08-04T18:57:00.000 -4942.558960007990 -3418.705000933480 3174.021677328580 0.93994075472633 -5.86827020679311 -4.83239920735821
2026-08-04T19:01:00.000 -4540.099660353150 -4685.754386869220 1912.699525265690 2.39337976867675 -4.62609255740036 -5.61428636242427
2026-08-04T19:05:00.000 -3807.721251111640 -5612.307641324450 511.989451198546 3.67244288531113 -3.04822638898030 -5.98687085350911
2026-08-04T19:09:00.000 -2798.781436832090 -6131.243587501550 -926.020200032313 4.68399831906935 -1.25014853528693 -5.92331187292977
2026-08-04T19:13:00.000 -1586.728313273310 -6205.255977424300 -2296.656624822990 5.35482297870112 0.63677377180132 -5.42901528774961
2026-08-04T19:17:00.000 -259.640771098712 -5829.474815825560 -3500.367013455150 5.63693154994666 2.47531201359648 -4.54091651869238
2026-08-04T19:21:00.000 1086.263867144250 -5031.643537964910 -4449.956759953270 5.51084164127632 4.13260991434615 -3.32434711487718
2026-08-04T19:25:00.000 2353.621180723630 -3869.893074147030 -5076.806251544620 4.98642340688944 5.48975260134171 -1.86774862693419
2026-08-04T19:29:00.000 3450.856786875670 -2428.413074548470 -5335.652427014640 4.10172012092970 6.44970717219717 -0.27616079992550
2026-08-04T19:33:00.000 4298.633129959640 -811.402120530241 -5207.705023803490 2.92004981120440 6.94365708911977 1.33610493594532
2026-08-04T19:37:00.000 4835.426399608520 864.279854335712 -4701.958307893560 1.52572091017193 6.93551264839388 2.85312506351671
2026-08-04T19:41:00.000 5021.925394043240 2477.320059952800 -3854.640445533660 0.01851996197650 6.42452837152741 4.16516675293454
2026-08-04T19:45:00.000 4843.975909222380 3910.549223525760 -2726.807554107710 -1.49287583165401 5.44589990152512 5.17629197901536
2026-08-04T19:49:00.000 4313.837407493140 5059.423738723520 -1400.169412376270 -2.89834422920993 4.06918450140456 5.81146634739874
2026-08-04T19:53:00.000 3469.552880185110 5839.820869554280 28.703391063196 -4.09453820285342 2.39403410175249 6.02279205275382
2026-08-04T19:57:00.000 2372.331775406510 6194.453311953140 1455.457590189660 -4.99306264050897 0.54300411983553 5.79380972946445
2026-08-04T20:01:00.000 1102.079386431360 6097.268350498310 2775.741692226530 -5.52754745473811 -1.34786354718324 5.14101590381716
2026-08-04T20:05:00.000 -248.552966291751 5555.425684378620 3893.021917573970 -5.65881883329756 -3.13965988464243 4.11261894550657
2026-08-04T20:09:00.000 -1581.083131302920 4608.686991357880 4725.769743625330 -5.37772643455931 -4.70135447132996 2.78458161847397
2026-08-04T20:13:00.000 -2798.489572487590 3326.328555581240 5213.415064044390 -4.70543408145797 -5.91949763543280 1.25444263196382
2026-08-04T20:17:00.000 -3812.286115883450 1801.930613198940 5320.653822586130 -3.69139611890840 -6.70616534663480 -0.36609071804814
2026-08-04T20:21:00.000 -4548.879474886670 146.498658377727 5039.896544632450 -2.40949687634994 -7.00489867744197 -1.95913837447442
2026-08-04T20:25:00.000 -4954.819702318160 -1519.587853285410 4391.747175025530 -0.95271659620966 -6.79444686996238 -3.40902808485480
2026-08-04T20:29:00.000 -5000.633792524610 -3075.235575616720 3423.495852781290 0.57326189528559 -6.09019407002043 -4.61035926351030
2026-08-04T20:33:00.000 -4683.000831354220 -4407.387688476390 2205.727398987000 2.05749413408587 -4.94337123120916 -5.47560234211429
2026-08-04T20:37:00.000 -4025.057557906150 -5419.274845115170 827.220151111716 3.39183144026029 -3.43769631371096 -5.94166497219917
2026-08-04T20:41:00.000 -3074.737916612820 -6037.534813381860 -611.550858004014 4.47908241554779 -1.68330018577117 -5.97479593951977
2026-08-04T20:45:00.000 -1901.239217731020 -6217.601706260000 -2005.822016803810 5.24038139463818 0.19153466553560 -5.57325147826195
2026-08-04T20:49:00.000 -589.878027091002 -5946.890275335040 -3254.274876663060 5.62108347441864 2.05028797603828 -4.76723095314468
2026-08-04T20:53:00.000 764.221430667569 -5245.542222263360 -4266.424292736520 5.59453270827214 3.75845500794242 -3.61617696975207
2026-08-04T20:57:00.000 2063.061108747460 -4164.751671424020 -4969.099298006070 5.16348898612604 5.19330028402396 -2.20397310411388
2026-08-04T21:01:00.000 3212.782698068990 -2782.904416341560 -5311.566358415960 4.35940399746065 6.25221322195915 -0.63257414551347
2026-08-04T21:05:00.000 4130.282881095560 -1199.914837474370 -5269.022768035830 3.23991014257561 6.85937481441423 0.98511843962998
2026-08-04T21:09:00.000 4749.049013345830 469.835028234990 -4844.316282885740 1.88485910273717 6.97070367773879 2.53287251164199
2026-08-04T21:13:00.000 5023.893082406120 2105.522453947960 -4067.817173587280 0.39114096266040 6.57698810271251 3.89887140185056
2026-08-04T21:17:00.000 4934.295688905050 3588.436484325910 -2995.417432986330 -1.13372820456644 5.70502877563196 4.98352523453236
2026-08-04T21:21:00.000 4486.086562786510 4810.522814231430 -1704.715356572300 -2.57896864981649 4.41645228626346 5.70666902350166
2026-08-04T21:25:00.000 3711.279244252050 5682.366907534710 -289.567661658554 -3.83853644555432 2.80413162266198 6.01395341596458
2026-08-04T21:29:00.000 2665.945516841410 6139.983209783240 1146.729142379150 -4.81934534718248 0.98581049575257 5.88168781148205
2026-08-04T21:33:00.000 1426.166359139540 6149.750533059870 2499.133617153920 -5.44887681732455 -0.90489719899318 5.31914440653821
2026-08-04T21:37:00.000 82.366335110239 5710.976254288750 3668.738439081690 -5.68088779470321 -2.72899722835383 4.36782171232348
2026-08-04T21:41:00.000 -1267.449784309740 4855.885922066540 4570.147729288130 -5.49879872358232 -4.35294010201252 3.09802359968873
2026-08-04T21:45:00.000 -2524.963469294630 3647.092901577890 5137.739859505270 -4.91651500057749 -5.65858050074068 1.60313667072106
2026-08-04T21:49:00.000 -3598.729652787440 2172.864497908700 5330.370478876760 -3.97700229939499 -6.55152413090778 -0.00752191905608
2026-08-04T21:53:00.000 -4410.779490934950 540.602085903268 5134.244833184480 -2.74886580135826 -6.96761054854390 -1.61674847069355
2026-08-04T21:57:00.000 -4902.189579583270 -1130.962796338010 4563.817775478080 -1.32127028635221 -6.87710405658027 -3.10767809149231
2026-08-04T22:01:00.000 -5037.297313387170 -2720.325121719250 3660.734718011500 0.20223162425638 -6.28677497677223 -4.37195635436955
2026-08-04T22:05:00.000 -4806.305187365450 -4111.977540615100 2490.839447680250 1.71093151725691 -5.23960065360284 -5.31750620027877
2026-08-04T22:09:00.000 -4226.046349130210 -5204.821807992420 1139.420617588450 3.09498226341339 -3.81197485917762 -5.87539961114740
2026-08-04T22:13:00.000 -3338.796897096900 -5919.585892921290 -295.014234074670 4.25355477526442 -2.10828654763036 -6.00512858218069
2026-08-04T22:17:00.000 -2209.171752215170 -6204.654710025690 -1707.989849085230 5.10250449701806 -0.25314425885346 -5.69780083117457
2026-08-04T22:21:00.000 -919.329462943322 -6039.797869938030 -2996.778784260580 5.58069389157015 1.61820530358693 -4.97673599414320
2026-08-04T22:25:00.000 437.120911539526 -5437.492874546630 -4067.924120751530 5.65436142447715 3.37016628804180 -3.89529340528260
2026-08-04T22:29:00.000 1761.968390382660 -4441.804682002070 -4843.955909965970 5.31906571897263 4.87666161004254 -2.53246057910656
2026-08-04T22:33:00.000 2959.460674221260 -3125.024394572610 -5268.845690143240 4.59952448805960 6.02989440638104 -0.98680230148901
2026-08-04T22:37:00.000 3943.071853946070 -1582.395077933330 -5311.868228473330 3.54741265132873 6.74740874712282 0.63059796164877
2026-08-04T22:41:00.000 4641.566411606930 74.635026510831 -4969.717758894680 2.23776719699112 6.97736457636952 2.20360002221966
2026-08-04T22:45:00.000 5004.044468981400 1726.228539313900 -4266.795635795700 0.76409658321278 6.70213214784214 3.61875745731432
2026-08-04T22:49:00.000 5003.669318658760 3252.608173123490 -3253.629699426780 -0.76769187649359 5.93996246630137 4.77307457817408
2026-08-04T22:53:00.000 4639.794821596280 4542.659342351160 -2003.454943094480 -2.24654112587430 4.74448465427780 5.58152818794095
2026-08-04T22:57:00.000 3938.252761245700 5502.088776280310 -607.079958715109 -3.56421992612744 3.20149911259152 5.98367770104896
2026-08-04T23:01:00.000 2949.691990738750 6060.514079377650 833.651701371661 -4.62349756428988 1.42332356994961 5.94870432450059
2026-08-04T23:05:00.000 1745.987208883240 6176.894793234390 2213.392162645480 -5.34595998058219 -0.45945347530839 5.47851132929610
2026-08-04T23:09:00.000 414.912691658687 5842.691693878260 3431.207956629110 -5.67838014840354 -2.30837985187407 4.60770493769381
2026-08-04T23:13:00.000 -946.423585121582 5082.464893741220 4398.127145306920 -5.59668553089329 -3.98785318448362 3.40067802743848
2026-08-04T23:17:00.000 -2238.816281397110 3951.929464821360 5043.701747423450 -5.10748721416580 -5.37547570486134 1.94634316423598
2026-08-04T23:21:00.000 -3368.246123445300 2533.696728962890 5321.077990316940 -4.24703987001559 -6.37081404656039 0.35116226141394
2026-08-04T23:25:00.000 -4252.667944100580 931.144031935286 5210.286163000470 -3.07824549484665 -6.90221773817197 -1.26863673450182
2026-08-04T23:29:00.000 -4827.892960167670 -739.114728199874 4719.596242186380 -1.68609545425493 -6.93166859451340 -2.79536880966482
2026-08-04T23:33:00.000 -5052.178336559600 -2355.650431863080 3884.864065654930 -0.17156508405105 -6.45726736812084 -4.11815126817773
2026-08-04T23:37:00.000 -4909.253627904320 -3800.968519232470 2766.961991520580 1.35531275581358 -5.51358295422885 -5.14068452648350
2026-08-04T23:41:00.000 -4409.548195041500 -4970.052013386320 1447.391353263750 2.78342480312123 -4.16941465759118 -5.78843527181276
2026-08-04T23:45:00.000 -3589.476257283950 -5778.050591059010 22.350576490270 4.00870813598539 -2.52302922510195 -6.01426377417322
2026-08-04T23:49:00.000 -2508.782253247320 -6166.532739775590 -1404.336406331800 4.94205270174730 -0.69490714833558 -5.80219588624413
2026-08-04T23:53:00.000 -1246.107035841080 -6107.733046860840 -2728.895186617570 5.51609265799497 1.18153117496051 -5.16856348361091
2026-08-04T23:57:00.000 106.858690132090 -5606.448002454280 -3855.215697505620 5.69006782520595 2.97008701308680 -4.16043995015800
2026-08-05T00:01:00.000 1452.112341323690 -4699.474453539190 -4701.797238002150 5.45236164557946 4.54190358723925 -2.85165396656512
2026-08-05T00:05:00.000 2692.402543282550 -3452.741461951740 -5207.503139500410 4.82071826779015 5.78442659034005 -1.33701459676177
2026-08-05T00:09:00.000 3738.118506010120 -1956.478784271140 -5335.797683680270 3.84066145814139 6.60882881830170 0.27448665633055
2026-08-05T00:13:00.000 4513.589704841920 -318.787029717562 -5077.255619316950 2.58214241430652 6.95580869424309 1.86719289149472
2026-08-05T00:17:00.000 4962.412580900530 1341.948247358210 -4450.247094596370 1.13491914588687 6.79947097339201 3.32641353393145
2026-08-05T00:21:00.000 5051.540075850330 2905.375880805340 -3499.777257517440 -0.39720256120876 6.14953829974502 4.54618089986868
2026-08-05T00:25:00.000 4773.835201672270 4257.778568574620 -2294.470166025490 -1.90335058687663 5.05137845536690 5.43685559443933
2026-08-05T00:29:00.000 4148.838456976990 5300.394574986370 -921.800921699500 -3.27347527612720 3.58362141928489 5.93207109454500
2026-08-05T00:33:00.000 3221.562405895630 5956.818783994010 518.195912375739 -4.40672353886736 1.85282330632701 5.99426140700671
2026-08-05T00:37:00.000 2059.336666984070 6178.826082395990 1920.277752833900 -5.21921685606754 -0.01416922246654 5.61798417660867
2026-08-05T00:41:00.000 746.872836122312 5950.108739267610 3181.872936474740 -5.65098711387626 -1.88003574762772 4.83079526049001
2026-08-05T00:45:00.000 -620.078804371445 5287.482117595750 4210.771572615180 -5.67055589977551 -3.60784990269974 3.69087697505763
2026-08-05T00:49:00.000 -1941.864312561300 4239.533081802750 4931.948815567050 -5.27702208592714 -5.07143755850568 2.28229450994742
2026-08-05T00:53:00.000 -3122.276277472650 2882.893964525920 5293.014747427160 -4.49975199966811 -6.16466987439265 0.70836812315238
2026-08-05T00:57:00.000 -4075.544645505060 1316.506191260640 5267.909139078880 -3.39575079563372 -6.80881103011085 -0.91615292328736
2026-08-05T01:01:00.000 -4732.473181910620 -345.616432781113 4858.671387504590 -2.04530842992394 -6.95766824226377 -2.47321182788155
2026-08-05T01:05:00.000 -5045.391293677960 -1982.615607130300 4095.248256751490 -0.54645693710662 -6.60076395765408 -3.84969660834635
2026-08-05T01:09:00.000 -4991.594726057550 -3475.512513968360 3033.326524274880 0.99200823480251 -5.76415216713786 -4.94549155694018
2026-08-05T01:13:00.000 -4575.025615158190 -4715.827082162420 1750.327636382190 2.45816633151628 -4.50880380309536 -5.68072934309719
2026-08-05T01:17:00.000 -3826.041301263900 -5613.511751520230 339.787325591156 3.74518515739478 -2.92643731843303 -6.00185911026243
2026-08-05T01:21:00.000 -2799.217057557060 -6103.579375754160 -1095.508032467000 4.75938606935109 -1.13286035196907 -5.88586897867079
2026-08-05T01:25:00.000 -1569.297730755980 -6150.853514736700 -2451.118671960210 5.42742820233023 0.74093343572544 -5.34204056244578
2026-08-05T01:29:00.000 -225.637270075619 -5752.420446442780 -3628.628825045470 5.70161654537452 2.55878427764943 -4.41091255586683
2026-08-05T01:33:00.000 1134.375730498960 -4937.649659574670 -4542.784076750040 5.56303006946053 4.18946220006296 -3.16087701559409
2026-08-05T01:37:00.000 2412.382989052250 -3765.865286205430 -5127.559256847960 5.02246484058882 5.51605313982554 -1.68272825336761
2026-08-05T01:41:00.000 3516.061416435180 -2321.928162749950 -5340.734016804350 4.11903551996838 6.44378887140680 -0.08286961548041
2026-08-05T01:45:00.000 4365.596729677540 -710.170330047106 -5166.785443192130 2.91727677207710 6.90607522906508 1.52385680312505
2026-08-05T01:49:00.000 4899.299611192730 952.941509723200 -4617.996479831750 1.50285898503664 6.86895852777384 3.02189421822737
2026-08-05T01:53:00.000 5078.031163331730 2546.977590329350 -3733.692796829250 -0.02297895328785 6.33364184590348 4.30271606384748
2026-08-05T01:57:00.000 4888.167350267770 3956.101160174520 -2577.637460596070 -1.55005613358288 5.33711625896847 5.27246283219377
2026-08-05T02:01:00.000 4342.831921605460 5077.495116155290 -1233.634982554690 -2.96701792132705 3.95035905692498 5.85908525338039
2026-08-05T02:05:00.000 3481.189600075800 5829.034271261810 200.443295479526 -4.16961551125824 2.27385930887988 6.01827524732626
2026-08-05T02:09:00.000 2365.732037850400 6155.549734116250 1619.847256316810 -5.06902068098367 0.43031576342838 5.73744749173260
2026-08-05T02:13:00.000 1077.703637156090 6033.052795648000 2920.757205508690 -5.59880478714541 -1.44481119128251 5.03691681222528
2026-08-05T02:17:00.000 -288.936497215774 5470.558108014100 4008.055319409050 -5.72014516700019 -3.21374769772259 3.96840115715033
2026-08-05T02:21:00.000 -1634.541891718030 4509.344296736410 4802.407749969800 -5.42469971552547 -4.74716171363458 2.61079708725444
2026-08-05T02:25:00.000 -2861.144158710870 3219.738588460210 5246.047619992360 -4.73461482257140 -5.93371585174104 1.06376279977771
2026-08-05T02:29:00.000 -3879.577640810760 1695.844666221280 5306.884744623480 -3.70061326310441 -6.68777771882382 -0.55971679527789
2026-08-05T02:33:00.000 -4615.903338354330 48.625772867861 4980.720682930280 -2.39805854063195 -6.95525932503384 -2.14159243120824
2026-08-05T02:37:00.000 -5016.688882530790 -1602.131844536540 4291.466950863960 -0.92147522892788 -6.71711900544754 -3.56701156468882
2026-08-05T02:41:00.000 -5052.851295037780 -3136.440704550310 3289.412662507100 0.62194269624164 -5.99078662098714 -4.73233862261892
2026-08-05T02:45:00.000 -4721.794971969840 -4442.801744744050 2047.613310508470 2.11997853958547 -4.82918519342346 -5.55265148959320
2026-08-05T02:49:00.000 -4047.653101526230 -5426.347608377130 656.603271355811 3.46350249302275 -3.31717502023170 -5.96817465225778
2026-08-05T02:53:00.000 -3079.549401553130 -6015.815175525700 -782.242189884028 4.55471113389037 -1.56536924327113 -5.94892642037659
2026-08-05T02:57:00.000 -1887.970508094540 -6168.762168111650 -2164.184082320010 5.31451401797678 0.29821237789781 -5.49703012979878
2026-08-05T03:01:00.000 -559.528920159571 -5874.589270499990 -3388.837328630180 5.68844250645907 2.13793560006807 -4.64635877288831
2026-08-05T03:05:00.000 809.442058368099 -5155.134221849500 -4367.482863674530 5.65037270052024 3.82080791315001 -3.45956413044477
2026-08-05T03:09:00.000 2119.897275548490 -4062.868418501500 -5029.398931656980 5.20386302188387 5.22602338584045 -2.02298804861255
2026-08-05T03:13:00.000 3277.149797680540 -2676.965683068400 -5326.800655845010 4.38140633720268 6.25311274835899 -0.44028303739844
2026-08-05T03:17:00.000 4197.547248158140 -1097.593004614710 -5238.125854191120 3.24188610304589 6.82852853696642 1.17494987188092
2026-08-05T03:21:00.000 4814.339914412880 561.146723216764 -4769.520866279730 1.86650531429622 6.91034489419693 2.70665571776798
2026-08-05T03:25:00.000 5082.438014510420 2179.212842960280 -3954.508343975340 0.35358570784491 6.49136058791174 4.04408081246582
2026-08-05T03:29:00.000 4981.767182113570 3639.124987403170 -2851.776402043540 -1.18789658396715 5.60010624796227 5.08950122237597
2026-08-05T03:33:00.000 4518.951722505630 4834.453505223470 -1541.177409380620 -2.64575497350211 4.29975664316176 5.76545010035779
2026-08-05T03:37:00.000 3727.093655841570 5677.728298062860 -118.067462636238 -3.91295270974617 2.68422382139683 6.02110451902406
2026-08-05T03:41:00.000 2663.531340820850 6107.065608423610 1313.655480125060 -4.89589424064242 0.87151172818745 5.83665252160858
2026-08-05T03:45:00.000 1405.689831022100 6090.922671299230 2649.280535741450 -5.52192243516969 -1.00518086739356 5.22521574157944
2026-08-05T03:49:00.000 45.317856769273 5630.512618250660 3791.131595889690 -5.74509766725799 -2.80790322875483 4.23188829739681
2026-08-05T03:53:00.000 -1318.371159474870 4759.652038943490 4655.844305134740 -5.54949781638366 -4.40463624558521 2.93004863573071
2026-08-05T03:57:00.000 -2586.057293411180 3542.114616968400 5180.494544686220 -4.95008302819749 -5.67932151262927 1.41545550206937
2026-08-05T04:01:00.000 -3665.570292135840 2066.788250095020 5327.073293028650 -3.99102265467052 -6.53988653691924 -0.20127059566508
2026-08-05T04:05:00.000 -4478.515849260900 441.141566079718 5085.132030698970 -2.74225426700235 -6.92445341160573 -1.80245263106679
2026-08-05T04:09:00.000 -4965.895660847620 -1216.576468802750 4472.471144519890 -1.29450384062932 -6.80557918650081 -3.27177081682033
2026-08-05T04:13:00.000 -5092.343838891010 -2785.871233498110 3533.816115971590 0.24718227308327 -6.19209627279536 -4.50248624012039
2026-08-05T04:17:00.000 -4848.698094127210 -4152.697490277310 2337.599393948560 1.77077780458635 -5.12865740436782 -5.40497585435822
2026-08-05T04:21:00.000 -4252.721680222280 -5217.767248024430 971.030674155721 3.16530369632749 -3.69289530845898 -5.91340953576522
2026-08-05T04:25:00.000 -3347.849951838180 -5903.850984220770 -466.280477496773 4.32918215311972 -1.98984162830797 -5.99095506777846
2026-08-05T04:29:00.000 -2199.987520606440 -6161.445779351140 -1869.668813367340 5.17793590161516 -0.14405171286396 -5.63259432218950
2026-08-05T04:33:00.000 -892.607485331667 -5972.335574888820 -3137.138178525570 5.65053631053790 1.70999983281321 -4.86538361745934
2026-08-05T04:37:00.000 479.430702339266 -5350.751046461590 -4176.811032014130 5.71364569679924 3.43807600113738 -3.74598790245893
2026-08-05T04:41:00.000 1816.810598317790 -4342.126622998230 -4913.518643367540 5.36359299562289 4.91593216162701 -2.35604911626631
2026-08-05T04:45:00.000 3022.884755085810 -3019.646550905200 -5294.071933707350 4.62606832990671 6.03785601543854 -0.79596739484718
2026-08-05T04:49:00.000 4010.491902048270 -1478.935449065370 -5290.928805617510 3.55394474568042 6.72356416248161 0.82215423340597
2026-08-05T04:53:00.000 4708.077139067260 168.706129187613 -4904.100448206150 2.22367688332054 6.92343704371553 2.38211688131760
2026-08-05T04:57:00.000 5064.768860127010 1804.105592782350 -4161.199515009340 0.73023296432119 6.62189893978402 3.77136667325895
2026-08-05T05:01:00.000 5054.112287663290 3308.618964551380 -3115.654051277670 -0.81900350597503 5.83905072059629 4.88862804828159
2026-08-05T05:05:00.000 4676.186813431080 4572.669365022450 -1843.085081493860 -2.31159383673000 4.63002049217182 5.65140400217823
2026-08-05T05:09:00.000 3957.864529748820 5503.822924581670 -435.996069904181 -3.63810629364094 3.08180083035827 6.00249941580989
2026-08-05T05:13:00.000 2951.062753971110 6033.785043406280 1002.941528546320 -4.70067418393344 1.30730203744727 5.91502422441400
2026-08-05T05:17:00.000 1729.010745723230 6123.625785122520 2368.508843605030 -5.42072969250963 -0.56322835331454 5.39480937000502
2026-08-05T05:21:00.000 380.835732313268 5766.768979639350 3560.816649883570 -5.74525211675274 -2.39221033343687 4.48016525438395
2026-08-05T05:25:00.000 -995.111956532173 4989.451627736130 4492.776422859460 -5.65084079303327 -4.04555916293447 3.23869206492530
2026-08-05T05:29:00.000 -2298.577653243060 3848.644487423290 5096.513367318520 -5.14505197088706 -5.40285318806460 1.76183273820629
2026-08-05T05:33:00.000 -3434.752165712840 2427.695416792580 5328.246465581620 -4.26535429417792 -6.36595078970277 0.15764434967887
2026-08-05T05:37:00.000 -4321.118778008720 830.153300730089 5171.335314093170 -3.07603237824352 -6.86559958905675 -1.45711877429876
2026-08-05T05:41:00.000 -4893.344092529350 -827.753234906684 4637.388257355080 -1.66346077023944 -6.86597334932518 -2.96515351982700
2026-08-05T05:45:00.000 -5109.899733222450 -2425.492882007280 3765.411404489540 -0.13018177779659 -6.36729744102593 -4.25684232468293
2026-08-05T05:49:00.000 -4955.081751670710 -3846.950483797250 2618.991287131850 1.41243368328485 -5.40593659975445 -5.23819223749718
2026-08-05T05:53:00.000 -4440.186952678100 -4988.858297871290 1281.705686552700 2.85210339149437 -4.05199916347243 -5.83765128995757
2026-08-05T05:57:00.000 -3602.741962858550 -5768.367402861710 -148.960641234563 4.08391880183534 -2.40450133602729 -6.01165894080244
2026-08-05T06:01:00.000 -2503.756477179490 -6129.142661166620 -1568.796767357340 5.01834845046426 -0.58396452404357 -5.74808068066510
2026-08-05T06:05:00.000 -1223.188955071210 -6045.445548801960 -2874.560057352230 5.58800710501672 1.27681108117583 -5.06703244935643
2026-08-05T06:09:00.000 145.992946617824 -5523.870040907640 -3971.542926980210 5.75248153969343 3.04288992888216 -4.01899395340756
2026-08-05T06:13:00.000 1504.631419512400 -4602.652242715740 -4780.393356664480 5.50081803624083 4.58710663216846 -2.68058686169624
2026-08-05T06:17:00.000 2754.517839146020 -3348.716022853790 -5242.708170531320 4.85174698385632 5.79891269280354 -1.14866973734551
2026-08-05T06:21:00.000 3805.346727453470 -1852.776629525750 -5325.069559558110 3.85195867058520 6.59167704139034 0.46662035861075
2026-08-05T06:25:00.000 4581.048727512180 -222.896805280239 -5021.341517296050 2.57273032537798 6.90824046293990 2.04932998581960
2026-08-05T06:29:00.000 5025.167072638150 1423.086675807390 -4353.149697577350 1.10534075665333 6.72483930945867 3.48538435609500
2026-08-05T06:33:00.000 5104.960765629040 2965.864702311800 -3368.484289154280 -0.44495065591724 6.05310651026100 4.67041714190484
2026-08-05T06:37:00.000 4813.944625733580 4293.178852455490 -2138.475404905180 -1.96585464645011 4.93998999975546 5.51718335949414
2026-08-05T06:41:00.000 4172.626573049260 5308.055659150650 -752.436196293632 -3.34612606704037 3.46524879307403 5.96243739344476
2026-08-05T06:45:00.000 3227.240817407380 5936.095619802420 688.572102292196 -4.48403036103772 1.73613545535934 5.97225558175792
2026-08-05T06:49:00.000 2046.479074701020 6131.171346615270 2079.206197465750 -5.29541549901583 -0.12051272238600 5.54517882202601
2026-08-05T06:53:00.000 716.426490066755 5878.973717153610 3317.732404559240 -5.72045780222379 -1.96813796041758 4.71254858927893
2026-08-05T06:57:00.000 -665.877977570450 5198.063188789450 4313.642490260170 -5.72825071729162 -3.67117655467811 3.53591717057959
2026-08-05T07:01:00.000 -1999.671770379850 4138.375366092010 4994.341493729700 -5.31880339538877 -5.10533663346939 2.10202176335149
2026-08-05T07:05:00.000 -3187.893192788550 2777.395304927900 5310.413163826360 -4.52266030466662 -6.16673975868789 0.51598406136701
2026-08-05T07:09:00.000 -4144.216889885330 1214.360410076370 5239.081322754310 -3.39815477394253 -6.77898376504205 -1.10663341494513
2026-08-05T07:13:00.000 -4799.232525639480 -436.981431501948 4785.747395341340 -2.02705017695269 -6.89822035721504 -2.64797535388220
2026-08-05T07:17:00.000 -5105.398509182190 -2056.571626179460 3983.547372496370 -0.50878336783783 -6.51600920425253 -3.99610223573372
2026-08-05T07:21:00.000 -5040.493294024150 -3526.685370968530 2890.984465204960 1.04633274227936 -5.66020765476183 -5.05286480374026
2026-08-05T07:25:00.000 -4609.277883231380 -4740.497883085470 1587.716588153000 2.52513867851247 -4.39325674990794 -5.74122753730563
2026-08-05T07:29:00.000 -3843.187947276420 -5609.903315696820 168.758063872707 3.81988498747895 -2.80777812275888 -6.01109365519497
2026-08-05T07:33:00.000 -2798.049029755030 -6071.990969412140 -1262.505072279870 4.83638107684961 -1.01978072601257 -5.84325628882008
2026-08-05T07:37:00.000 -1549.933059084770 -6093.625483480830 -2601.949592848950 5.50115017468837 0.84021246687774 -5.25077169338796
2026-08-05T07:41:00.000 -189.507038220908 -5673.756615804310 -3752.357993973930 5.76677509190281 2.63705609461925 -4.27772957484992
2026-08-05T07:45:00.000 1184.648300401790 -4843.296068509430 -4630.465150028730 5.61502119004524 4.24117313507440 -2.99548159439169
2026-08-05T07:49:00.000 2473.168439443070 -3662.667495001870 -5172.852194127710 5.05754274983699 5.53761649428550 -1.49701710008327
2026-08-05T07:53:00.000 3582.961699093240 -2217.342033899480 -5340.342884835740 4.13458761394350 6.43373402821624 0.10982461587334
2026-08-05T07:57:00.000 4433.746322227490 -611.739289528768 -5120.693439377640 2.91204148931881 6.86514024124712 1.70971092768816
2026-08-05T08:01:00.000 4963.701946070130 1038.105353724040 -4529.468635040700 1.47703123172362 6.79997110893372 3.18752051361430
2026-08-05T08:05:00.000 5133.926038181550 2612.679442930260 -3609.068627655530 -0.06762567318185 6.24140236964034 4.43603799430254
2026-08-05T08:09:00.000 4931.395455294840 3997.515944004740 -2425.906166175090 -1.61032610434766 5.22817760882948 5.36361964634170
2026-08-05T08:13:00.000 4370.151516642280 5091.536057118150 -1065.805142436200 -3.03849891805757 3.83257346744753 5.90123002037087
2026-08-05T08:17:00.000 3490.529000707660 5814.598755456080 372.143402557846 -4.24703652145318 2.15579075507640 6.00815273280912
2026-08-05T08:21:00.000 2356.354682276710 6113.612765748240 1782.864210897530 -5.14658610168985 0.32063055167462 5.67563642361794
2026-08-05T08:25:00.000 1050.278045526870 5966.626291266830 3063.150519860150 -5.67070922691380 -1.53792412236018 4.92793403084587
2026-08-05T08:29:00.000 -332.405583397196 5384.480242611250 4119.408630275800 -5.78111766989697 -3.28339303856524 3.82032131834499
2026-08-05T08:33:00.000 -1690.875537707350 4409.896707235470 4874.594599654050 -5.47027940857862 -4.78823853786216 2.43450149893420
2026-08-05T08:37:00.000 -2926.230862893100 3114.185864669430 5273.818429663090 -4.76154590825906 -5.94321406592056 0.87220281207652
2026-08-05T08:41:00.000 -3948.686051537110 1591.886645897500 5288.243326282500 -3.70699906749989 -6.66508509684639 -0.75256710989690
2026-08-05T08:45:00.000 -4684.018236725090 -46.171349755138 4917.046412351340 -2.38344315601779 -6.90208393974080 -2.32172434212318
2026-08-05T08:49:00.000 -5078.867400402830 -1680.881030875380 4187.411615363220 -0.88691152682019 -6.63738866636768 -3.72134240169557
2026-08-05T08:53:00.000 -5104.570490727710 -3193.432332095130 3152.558773117720 0.67401411233997 -5.89030504542425 -4.84965812740204
2026-08-05T08:57:00.000 -4759.284752963750 -4473.903440621560 1887.930427475610 2.18575574766292 -4.71523321658238 -5.62440985031992
2026-08-05T09:01:00.000 -4068.186769761420 -5429.307014000950 485.725084226259 3.53815244041614 -3.19804516058360 -5.98914131100559
2026-08-05T09:05:00.000 -3081.646935106680 -5990.433201909910 -951.869714089047 4.63275176677359 -1.44977223731439 -5.91761033577699
2026-08-05T09:09:00.000 -1871.499539106800 -6116.914595822850 -2320.219628949440 5.39027430585258 0.40181028901249 -5.41578940275439
2026-08-05T09:13:00.000 -525.697861672699 -5800.082065062520 -3519.950617869040 5.75647812415867 2.22203000980396 -4.52119400410573
2026-08-05T09:17:00.000 858.177383015700 -5063.402430462910 -4464.171183623640 5.70578794789971 3.87939319962551 -3.29960506132203
2026-08-05T09:21:00.000 2180.009487754280 -3960.572715139250 -5084.661903861980 5.24268771058713 5.25496103892575 -1.83982578404712
2026-08-05T09:25:00.000 3344.293125467150 -2571.500871981460 -5336.623514233450 4.40080106906039 6.25043566381384 -0.24705214645938
2026-08-05T09:29:00.000 4266.844610495140 -996.565799857964 -5201.749185959160 3.24030220835827 6.79444178362643 1.36439006025108
2026-08-05T09:33:00.000 4880.718783493000 650.440834801852 -4689.508079250900 1.84388569165166 6.84722775103111 2.87864568503518
2026-08-05T09:37:00.000 5140.996491987470 2250.295259170920 -3836.579624354200 0.31141233201710 6.40360497200753 4.18611386704196
2026-08-05T09:41:00.000 5028.142683621680 3686.791942346290 -2704.426552595990 -1.24662893676533 5.49389052643282 5.19112015889686
2026-08-05T09:45:00.000 4549.665146348200 4855.160337252370 -1375.083423349750 -2.71672661700595 4.18266838650090 5.81903130180809
2026-08-05T09:49:00.000 3739.826417677000 5669.880490447870 54.669631567001 -3.99088521293705 2.56482796236664 6.02251360745163
2026-08-05T09:53:00.000 2657.300357552000 6071.171099765360 1480.406770134080 -4.97500952466424 0.75864164725017 5.78565476217619
2026-08-05T09:57:00.000 1380.916234495520 6029.568160529270 2797.836831353420 -5.59636672821286 -1.10316055815387 5.12552099435250
2026-08-05T10:01:00.000 3.794810457417 5548.169408499510 3910.620636761160 -5.80936984949568 -2.88374668858580 4.09086081535797
2026-08-05T10:05:00.000 -1373.620095257690 4662.334276239520 4737.542434147110 -5.59890683336717 -4.45282429686352 2.75807887905095
2026-08-05T10:09:00.000 -2651.008154330270 3436.924601333630 5218.446565027780 -4.98102902748865 -5.69633167150287 1.22511563820230
2026-08-05T10:13:00.000 -3735.495511163290 1961.405052725440 5318.527934119240 -4.00128729538622 -6.52448614408651 -0.39602643376186
2026-08-05T10:17:00.000 -4548.337747967640 343.247247138385 5030.740138281840 -2.73114053479259 -6.87784066083356 -1.98742223460262
2026-08-05T10:21:00.000 -5030.551016815870 -1299.861435976980 4376.215178759820 -1.26282609560120 -6.73119029997215 -3.43354235214005
2026-08-05T10:25:00.000 -5147.143705061660 -2848.494776343050 3402.716194071240 0.29714383078169 -6.09535884750871 -4.62930188958088
2026-08-05T10:29:00.000 -4889.664105905260 -4190.117427118990 2181.216969326500 1.83538870978723 -5.01666428239352 -5.48756315808983
2026-08-05T10:33:00.000 -4276.883105721170 -5227.290388025460 800.766383231780 3.23988056113936 -3.57383092342639 -5.94580109120590
2026-08-05T10:37:00.000 -3353.456978914570 -5884.815305199760 -638.022039353110 4.40827182050213 -1.87238131271393 -5.97080533858714
2026-08-05T10:41:00.000 -2186.647311388270 -6115.278003502870 -2030.386322722500 5.25578133610345 -0.03679203996960 -5.56145350469839
2026-08-05T10:45:00.000 -861.299222586364 -5902.440416505880 -3275.155329578900 5.72152258074449 1.79926901346342 -4.74852839015371
2026-08-05T10:49:00.000 526.436142227216 -5262.246450463730 -4282.125169560930 5.77268387648642 3.50295785966676 -3.59198624213909
2026-08-05T10:53:00.000 1876.118217395240 -4241.454412466950 -4978.509990485290 5.40644884410176 4.95185273266770 -2.17606165690781
2026-08-05T10:57:00.000 3090.210252724910 -2914.100874984920 -5314.032511680760 4.64961677435146 6.04231874288187 -0.60296637670149
2026-08-05T11:01:00.000 4080.959870972730 -1376.140525477010 -5264.389240422970 3.55640084308133 6.69632011444922 1.01432588361529
2026-08-05T11:05:00.000 4776.553076446140 261.327595182745 -4832.926311974120 2.20469028622535 6.86639483125918 2.55964261198597
2026-08-05T11:09:00.000 5126.222573670960 1879.839960337620 -4050.483053428070 0.69103730118192 6.53904812236938 3.92134272967703
2026-08-05T11:13:00.000 5103.994575945740 3361.940083660380 -2973.374254750180 -0.87565307659815 5.73623573950081 5.00004322476162
2026-08-05T11:17:00.000 4710.780562813290 4599.644267326900 -1679.556214699480 -2.38156270795587 4.51461958526265 5.71594781296156
2026-08-05T11:21:00.000 3974.573605627710 5502.423918685230 -263.127687591221 -3.71624456595295 2.96219064564507 6.01527810111454
2026-08-05T11:25:00.000 2948.622765940210 6004.052593737300 1172.514376269150 -4.78110494543984 1.19228672305265 5.87493301124111
2026-08-05T11:29:00.000 1707.590807838030 6067.713497410810 2522.371169686720 -5.49750095470861 -0.66501228571865 5.30480276718977
2026-08-05T11:33:00.000 341.989068420655 5688.781235013870 3687.721653976660 -5.81281821216761 -2.47326469788956 4.34691597682359
2026-08-05T11:37:00.000 -1048.569930539100 4895.103722430790 4583.467420182960 -5.70428877248316 -4.10002321403619 3.07201225073644
2026-08-05T11:41:00.000 -2362.765474107500 3744.829852819720 5144.389732696560 -5.18047774980524 -5.42679887175252 1.57391301002959
2026-08-05T11:45:00.000 -3505.009063473580 2321.991352966740 5329.834922390560 -4.28019431705694 -6.35765966053389 -0.03781205767627
2026-08-05T11:49:00.000 -4392.342737444600 730.269681810881 5126.535654759320 -3.06920648743191 -6.82568873532526 -1.64585792457579
2026-08-05T11:53:00.000 -4960.367275460690 -914.537963208390 4549.485133626970 -1.63549493170112 -6.79740676529019 -3.13342107294443
2026-08-05T11:57:00.000 -5167.859828729500 -2492.867837648700 3640.821418476710 -0.08306945279420 -6.27510277927223 -4.39243163440188
2026-08-05T12:01:00.000 -4999.764538101070 -3890.019475069120 2466.802120926670 1.47527964363745 -5.29682562486818 -5.33118160407597
2026-08-05T12:05:00.000 -4468.351609753140 -5004.504102867120 1113.024026660910 2.92606442884520 -3.93399703973240 -5.88127183789748
2026-08-05T12:09:00.000 -3612.352831313070 -5755.487604717130 -321.839367837168 4.16363302923260 -2.28624398816788 -6.00280784353747
2026-08-05T12:13:00.000 -2494.123545151090 -6088.718098025100 -1733.285389007950 5.09801834944213 -0.47409311271026 -5.68745765531572
2026-08-05T12:17:00.000 -1195.020057068110 -5980.469422470740 -3018.704423299020 5.66187205593868 1.37029690205578 -4.95917382337962
2026-08-05T12:21:00.000 190.655599847704 -5439.112275387930 -4084.895898378260 5.81524199866642 3.11326273406128 -3.87183718253002
2026-08-05T12:25:00.000 1562.565403504800 -4504.294833466420 -4854.760791565830 5.54798256453024 4.62939846441553 -2.50483560656580
2026-08-05T12:29:00.000 2821.545621966600 -3243.894147296300 -5272.717068114940 4.87989863415527 5.81018064135264 -0.95699601387018
2026-08-05T12:33:00.000 3876.625436318770 -1749.072905437740 -5308.538891542640 3.85900355678937 6.57115230048582 0.66043065753732
2026-08-05T12:37:00.000 4651.408615376800 -127.806631873561 -4959.440515363470 2.55805039638313 6.85741604313676 2.23132128499489
2026-08-05T12:41:00.000 5089.472061636330 1502.681203657330 -4250.318848698410 1.06984892304025 6.64729229784201 3.64239027988418
2026-08-05T12:45:00.000 5158.486161853560 3024.171399151950 -3232.143622083560 -0.49874514418267 5.95431870654812 4.79093346938445
2026-08-05T12:49:00.000 4852.740895521870 4325.923279181300 -1978.512882233670 -2.03404816810986 4.82704882724348 5.59227729943932
2026-08-05T12:53:00.000 4193.823265043470 5312.811233167380 -580.505647781085 -3.42368258259610 3.34639126254615 5.98643959822130
2026-08-05T12:57:00.000 3229.269685364320 5912.492284331970 859.907600396406 -4.56521690870366 1.62013331076644 5.94331403122735
2026-08-05T13:01:00.000 2029.187853640890 6080.934598409250 2237.411395687420 -5.37422764839147 -0.22506951869429 5.46537567172300
2026-08-05T13:05:00.000 681.089422681505 5805.809232974730 3451.240050129330 -5.79112110237212 -2.05345846983986 4.58783439514057
2026-08-05T13:09:00.000 -716.682846222201 5107.371041055140 4412.726595766510 -5.78571976859924 -3.73103130479508 3.37555032479814
2026-08-05T13:13:00.000 -2062.267515623720 4036.815390803390 5051.815080854900 -5.35899196804210 -5.13552454901873 1.91774067445654
2026-08-05T13:17:00.000 -3257.751155180180 2672.381958444620 5322.113712086650 -4.54261276798969 -6.16516402841590 0.32115005895091
2026-08-05T13:21:00.000 -4216.270053557190 1113.544466015500 5204.169785006130 -3.39637876229109 -6.74579852833096 -1.29786868663531
2026-08-05T13:25:00.000 -4868.243862305470 -526.257519501120 4706.767929929460 -2.00363031207122 -6.83582074275360 -2.82172436424143
2026-08-05T13:29:00.000 -5166.346042965550 -2127.800958999680 3866.252209888770 -0.46540922494924 -6.42894024284559 -4.13969392118661
2026-08-05T13:33:00.000 -5088.935815114770 -3574.679102088900 2743.923132343160 1.10653113692037 -5.55483014069858 -5.15580081747813
2026-08-05T13:37:00.000 -4641.686616948850 -4761.761795614290 1421.616018686440 2.59772226153457 -4.27725679057591 -5.79597865724801
2026-08-05T13:41:00.000 -3857.220581788710 -5602.903160637420 -4.266977187141 3.89949373725199 -2.68970318286233 -6.01371036605407
2026-08-05T13:45:00.000 -2792.708953878990 -6037.275078350720 -1429.855906052970 4.91723264865250 -0.90830983757159 -5.79366125349954
2026-08-05T13:49:00.000 -1525.625565815210 -6033.772903490310 -2751.468875734910 5.57740782974854 0.93693720957527 -5.15270447486830
2026-08-05T13:53:00.000 -148.001551889947 -5593.171402148900 -3873.217659448190 5.83297144087506 2.71206188006491 -4.13843911790260
2026-08-05T13:57:00.000 1240.351034183530 -4747.869422101000 -4713.941848993020 5.66642749023223 4.28911494666956 -2.82514824981765
2026-08-05T14:01:00.000 2539.054205545240 -3559.338864285830 -5212.939275947020 5.09048241345671 5.55514008924474 -1.30795820340338
2026-08-05T14:05:00.000 3654.284187998520 -2113.600297031080 -5334.163775987470 4.14667491438923 6.41964103241768 0.30398951841528
2026-08-05T14:09:00.000 4505.359600576310 -515.093227051904 -5068.701573331510 2.90235097043982 6.82045714343420 1.89500522141137
2026-08-05T14:13:00.000 5030.422069696510 1120.656580893330 -4435.424909581420 1.44617351898701 6.72790669759771 3.35052249910487
2026-08-05T14:17:00.000 5190.898534705950 2675.148518120620 -3479.789265730480 -0.11751474911839 6.14712323200130 4.56486137495526
2026-08-05T14:21:00.000 4974.457285105680 4035.356239403610 -2270.787030472260 -1.67564895369447 5.11846176205590 5.44878951342193
2026-08-05T14:25:00.000 4396.153303609360 5101.981254611410 -896.153041382842 -3.11446469463165 3.71539662876093 5.93640237493369
2026-08-05T14:29:00.000 3497.578221874000 5796.886553039080 543.929683185860 -4.32802940069546 2.03978596470369 5.99064826174640
2026-08-05T14:33:00.000 2343.955987112490 6069.066437899590 1944.218482582370 -5.22667073871881 0.21440680234921 5.60675361809422
2026-08-05T14:37:00.000 1019.353015338030 5898.551916915870 3202.281867987330 -5.74406592369131 -1.62655546235940 4.81277746908602
2026-08-05T14:41:00.000 -379.591821844770 5297.910243394760 4226.171222265200 -5.84245428354941 -3.34795262955741 3.66741012195853
2026-08-05T14:45:00.000 -1750.892250252720 4311.203737497360 4941.231850417580 -5.51522818851317 -4.82411590279520 2.25509317803429
2026-08-05T14:49:00.000 -2994.735128169840 3010.585106858760 5295.509102894330 -4.78688803865973 -5.94801812469068 0.67931969045765
2026-08-05T14:53:00.000 -4020.710690628410 1490.908481215770 5263.410467037550 -3.71079260671818 -6.63856101495511 -0.94503006365557
2026-08-05T14:57:00.000 -4754.311563319580 -137.192908410510 4847.472136788320 -2.36529485005560 -6.84613293544508 -2.49983981498818
2026-08-05T15:01:00.000 -5142.277961961950 -1755.320663391290 4078.121041495770 -0.84804643326422 -6.55597776894499 -3.87216116790883
2026-08-05T15:05:00.000 -5156.438368853120 -3245.845769208760 3011.479327917970 0.73074483376232 -5.78928165698256 -4.96211503514363
2026-08-05T15:09:00.000 -4795.797529858570 -4500.440430815350 1725.323647556040 2.25619083491382 -4.60193749415073 -5.69023746320607
2026-08-05T15:13:00.000 -4086.665511393140 -5428.004667578140 313.437875286659 3.61706061695867 -3.08078672146409 -6.00348878503211
2026-08-05T15:17:00.000 -3080.750120339740 -5961.380711232360 -1121.286287416960 4.71431372191229 -1.33720514976344 -5.87950874098887
2026-08-05T15:21:00.000 -1851.305181114910 -6062.239839762470 -2474.451962211330 5.46854634668510 0.50145831327774 -5.32814969677325
2026-08-05T15:25:00.000 -487.684780203349 -5723.779167990260 -3647.820538173130 5.82579852094183 2.30151838301612 -4.39050505955503
2026-08-05T15:29:00.000 911.248569387561 -4971.033034826720 -4556.441101970750 5.76120137293809 3.93299131902585 -3.13544125779933
2026-08-05T15:33:00.000 2244.302926003640 -3858.847374005510 -5134.688236973890 5.28023100255001 5.27886527244746 -1.65409752292088
2026-08-05T15:37:00.000 3415.170629652590 -2467.792102758830 -5340.819012946540 4.41779528712161 6.24296790661371 -0.05316602778863
2026-08-05T15:41:00.000 4339.195231578980 -898.379640645294 -5159.830585433390 3.23550326322176 6.75616886134686 1.55246145404392
2026-08-05T15:45:00.000 4949.315316951820 735.999283162872 -4604.517142702710 1.81757702375508 6.78089822281531 3.04733169810173
2026-08-05T15:49:00.000 5200.865988754260 2317.021551449020 -3714.676015007650 0.26543139454988 6.31394133658287 4.32314016680965
2026-08-05T15:53:00.000 5074.936031480150 3729.831982579000 -2554.474425481200 -1.30895045997632 5.38738324098342 5.28637959833129
2026-08-05T15:57:00.000 4579.982223474980 4871.387862559840 -1208.018027140820 -2.79086794471394 4.06710506369681 5.86549944395251
2026-08-05T16:01:00.000 3751.467518626210 5658.125526367120 226.648803263761 -4.07141213383933 2.44863832944726 6.01672729767692
2026-08-05T16:05:00.000 2649.442920429830 6032.316275928580 1644.725484380000 -5.05596563125226 0.65040873016246 5.72800032318362
2026-08-05T16:09:00.000 1354.171470347840 5966.506387734580 2942.486601074010 -5.67185561473961 -1.19540091887347 5.02029580544021
2026-08-05T16:13:00.000 -39.865194525846 5465.578112838190 4025.056457323220 -5.87399404616628 -2.95326906833663 3.94586035133489
2026-08-05T16:17:00.000 -1431.011648515730 4566.300792227010 4813.446082323350 -5.64802592560509 -4.49465265819797 2.58395366553029
2026-08-05T16:21:00.000 -2717.965086431620 3334.488663913390 5250.321363372760 -5.01114612834467 -5.70756542354398 1.03457425241999
2026-08-05T16:25:00.000 -3807.165641664910 1860.026797671290 5304.075488750660 -4.01018848984611 -6.50452013112993 -0.58921892089158
2026-08-05T16:29:00.000 -4619.502112967030 250.275143664590 4970.994655087880 -2.71802002203587 -6.82817198480353 -2.16938994035469
2026-08-05T16:33:00.000 -5095.987505858620 -1377.678767973330 4275.476399477710 -1.22848462682775 -6.65532281880172 -3.59109769970703
2026-08-05T16:37:00.000 -5202.018959815150 -2905.481021391230 3268.268898945230 0.35026392874198 -5.99867489537214 -4.75091869221827
2026-08-05T16:41:00.000 -4929.915950899810 -4222.081990121980 2022.817025548720 1.90337411549218 -4.90609000819705 -5.56430898149659
2026-08-05T16:45:00.000 -4299.534445698680 -5231.847092174190 629.939988997641 3.31764084890884 -3.45742201069754 -5.97196333333215
2026-08-05T16:49:00.000 -3356.845820555460 -5861.594621239390 -808.830469672818 4.49004257278084 -1.75873672078205 -5.94451081013650
2026-08-05T16:53:00.000 -2170.531003120330 -6065.952892123370 -2188.753019961680 5.33555930396745 0.06576000945651 -5.48472387341233
2026-08-05T16:57:00.000 -826.857735266196 -5830.592771611640 -3409.589662377470 5.79352707067555 1.88326126284300 -4.62705397303791
2026-08-05T17:01:00.000 576.699585119968 -5173.092098231180 -4382.896646857910 5.83173343734695 3.56231787651145 -3.43465113059215
2026-08-05T17:05:00.000 1938.562479755580 -4141.455431943120 -5038.341010591230 5.44829518068495 4.98232387629844 -1.99430442797376
2026-08-05T17:09:00.000 3160.318173264970 -2810.493183027430 -5328.614065134560 4.67124516624067 6.04173894230668 -0.40992925347536
2026-08-05T17:13:00.000 4153.660771386580 -1276.416507359490 -5232.680390177580 3.55624895841655 6.66473411822430 1.20470592808597
2026-08-05T17:17:00.000 4846.585627865630 349.956066888428 -4757.227051582700 2.18273247599751 6.80607249224974 2.73362379263572
2026-08-05T17:21:00.000 5188.505700098130 1950.955171641310 -3936.274641887660 0.64879361082722 6.45430246473286 4.06631104416452
2026-08-05T17:25:00.000 5153.989565495920 3410.375921174350 -2828.941336579390 -0.93519044504364 5.63312204438525 5.10538546157863
2026-08-05T17:29:00.000 4744.835766889160 4621.860850847300 -1515.410888332730 -2.45402983566038 4.40057465108027 5.77384003211364
2026-08-05T17:33:00.000 3990.215534549240 5496.794694497510 -91.254558956629 -3.79628367625128 2.84563359938345 6.02138361379483
2026-08-05T17:37:00.000 2944.724856110180 5971.010036172890 1339.553735300340 -4.86289974152791 1.08180230981315 5.82879364838187
2026-08-05T17:41:00.000 1684.452856724130 6009.699637057240 2672.367772310230 -5.57504636894288 -0.76133631524518 5.20979336547992
2026-08-05T17:45:00.000 301.324581995892 5610.073768422950 3809.719662078940 -5.88044094269485 -2.54831860088754 4.21005591509248
2026-08-05T17:49:00.000 -1103.780473305900 4801.501628896500 4668.583039203350 -5.75716543730585 -4.14835310068065 2.90341111715173
2026-08-05T17:53:00.000 -2428.507639942750 3643.193773078850 5186.442369396890 -5.21482883007747 -5.44503044600407 1.38584282558097
2026-08-05T17:57:00.000 -3576.507831105560 2219.734819975100 5325.773064825400 -4.29351933328411 -6.34459288295063 -0.23168635152128
2026-08-05T18:01:00.000 -4464.395869862890 634.817668958466 5076.652226225070 -3.06044674425462 -6.78241072462458 -1.83152119522998
2026-08-05T18:05:00.000 -5027.697235132930 -996.272166114393 4457.378155849360 -1.60510721944846 -6.72704852107475 -3.29748445402425
2026-08-05T18:09:00.000 -5225.495722559780 -2554.944126912460 3513.146066784790 -0.03317176208007 -6.18262087085570 -4.52294608449354
2026-08-05T18:13:00.000 -5043.437171657350 -3927.893267086860 2312.812373580460 1.54102698842702 -5.18883075308638 -5.41860291801676
2026-08-05T18:17:00.000 -4494.819867988890 -5015.365841516560 943.904259373655 3.00278971861636 -3.81825831210461 -5.91914203879023
2026-08-05T18:21:00.000 -3619.659134185090 -5738.487499008210 -493.778291477691 4.24558678372255 -2.17124273334900 -5.98829080439255
2026-08-05T18:25:00.000 -2481.737341399250 -6045.058081791520 -1895.530817479650 5.17916802556586 -0.36828698799819 -5.62170443392581
2026-08-05T18:29:00.000 -1163.848410871580 -5913.301356597440 -3159.470709136430 5.73631656491995 1.45919128352392 -4.84704039619393
2026-08-05T18:33:00.000 238.345196292790 -5353.299282602960 -4193.975210569950 5.87761572754588 3.17880363586780 -3.72152809829821
2026-08-05T18:37:00.000 1623.315893485220 -4406.043863755140 -4924.253157971230 5.59378992960748 4.66688440643671 -2.32725898291979
2026-08-05T18:41:00.000 2890.956469870610 -3140.301243813030 -5297.588414559550 4.90581441073126 5.81694844809765 -0.76498179898477
2026-08-05T18:45:00.000 3949.658877564590 -1647.611464624130 -5286.974160797910 3.86307798457587 6.54672254478202 0.85304342733647
2026-08-05T18:49:00.000 4722.746196907410 -35.803654988889 -4892.973981620780 2.53991952359908 6.80349423069660 2.41061711661165
2026-08-05T18:53:00.000 5153.901536555870 1578.567258225770 -4143.734155659460 1.03074957138301 6.56770763945293 3.79537369508823
2026-08-05T18:57:00.000 5211.276012550510 3078.426178168680 -3093.139190431930 -0.55606233311387 5.85471430173489 4.90644639925251
2026-08-05T19:01:00.000 4889.991953011640 4354.570194145020 -1817.169925995210 -2.10542508356712 4.71454643077508 5.66174772472405
2026-08-05T19:05:00.000 4212.774850564280 5313.719771040040 -408.577926719746 -3.50384663236204 3.22916118699253 6.00460393620036
2026-08-05T19:09:00.000 3228.521759471760 5885.563453010510 1029.853929898000 -4.64819117810905 1.50683376403750 5.90873309806523
2026-08-05T19:13:00.000 2008.800133218280 6028.135017978020 2392.946492754030 -5.45392411263126 -0.32602672306766 5.38061057423353
2026-08-05T19:17:00.000 642.551532302568 5731.012801833920 3580.997332671570 -5.86174222504338 -2.13468005506153 4.45910480987617
2026-08-05T19:21:00.000 -770.553451071752 5016.063494271190 4507.233002022120 -5.84208936966011 -3.78656040370078 3.21234092485277
2026-08-05T19:25:00.000 -2127.536844737780 3935.688293947150 5104.195396067170 -5.39704662450172 -5.16133707782647 1.73206061510563
2026-08-05T19:29:00.000 -3329.672446959900 2568.826250534400 5328.578209053580 -4.55965940948024 -6.15948329185313 0.12652576734554
2026-08-05T19:33:00.000 -4289.622060991900 1015.104134699910 5164.262373873220 -3.39117524066859 -6.70912580210553 -1.48732016623360
2026-08-05T19:37:00.000 -4937.692193950610 -612.430488929874 4623.398902159330 -1.97648380935949 -6.77089434091272 -2.99224570857397
2026-08-05T19:41:00.000 -5226.820164243410 -2195.455219711660 3745.489678842740 -0.41821955516635 -6.34048413897589 -4.27888621342487
2026-08-05T19:45:00.000 -5136.004677153890 -3618.902933726970 2594.552674214260 1.17036525801257 -5.44921347486001 -5.25354497847189
2026-08-05T19:49:00.000 -4671.894165729920 -4779.335476234200 1254.509010459020 2.67353778593912 -4.16214164213590 -5.84513340807286
2026-08-05T19:53:00.000 -3868.344393395820 -5592.541204830470 -176.942832851489 3.98172525843902 -2.57344467005051 -6.01067290567060
2026-08-05T19:57:00.000 -2783.932302624480 -5999.726798797330 -1595.522939980000 4.99981109109697 -0.79941489940204 -5.73866048707608
2026-08-05T20:01:00.000 -1497.593878036760 -5971.781743180990 -2898.075029308970 5.65431860831449 1.03048925395381 -5.04985446965399
2026-08-05T20:05:00.000 -102.750852664145 -5511.259191350340 -3990.122763550850 5.89868946504547 2.78352090270479 -3.99529868482561
2026-08-05T20:09:00.000 1299.548606574930 -4651.984210892980 -4792.674575630040 5.71622951461386 4.33341057274010 -2.65211726555257
2026-08-05T20:13:00.000 2607.918797066860 -3456.411974223220 -5247.789552650600 5.12073632594957 5.56918464042283 -1.11750811217680
2026-08-05T20:17:00.000 3727.819405251450 -2011.051053622230 -5322.577339157960 4.15508097068110 6.40247066863163 0.49817936934607
2026-08-05T20:21:00.000 4578.195775743190 -420.313210162835 -5011.461858101350 2.88812687339317 6.77325708530945 2.07895343479709
2026-08-05T20:25:00.000 5097.202578233750 1200.811567927000 -4336.613539253260 1.41022853264514 6.65394904192038 3.51088491284355
2026-08-05T20:29:00.000 5246.684942560370 2734.848397073520 -3346.513793980810 -0.17264025717029 6.05163449993713 4.68993538381868
2026-08-05T20:33:00.000 5015.094150490980 4070.220631305370 -2112.680001845200 -1.74600377570658 5.00822478039442 5.52934935195000
2026-08-05T20:37:00.000 4418.583792631950 5109.401301997710 -724.697571430181 -3.19488440851845 3.59831941227571 5.96636044150117
2026-08-05T20:41:00.000 3500.096205207410 5776.239755043830 716.223833987256 -4.41249953255604 1.92442341117175 5.96761054912446
2026-08-05T20:45:00.000 2326.348998902960 6021.799694811500 2104.744184195770 -5.30885730261923 0.10932784206478 5.53232132831061
2026-08-05T20:49:00.000 982.907104597156 5828.098005120070 3339.289979107110 -5.81791380583859 -1.71349990133517 4.69244901662174
2026-08-05T20:53:00.000 -432.215934548866 5209.424472046670 4329.652357847910 -5.90260678881091 -3.41035016793614 3.51007825952581
2026-08-05T20:57:00.000 -1815.861458142160 4211.161538890940 5003.647723442310 -5.55732052104543 -4.85743820316032 2.07231940979653
2026-08-05T21:01:00.000 -3067.318021058110 2906.299312097860 5312.333147921450 -4.80786854474852 -5.94984370517548 0.48450184436662
2026-08-05T21:05:00.000 -4095.636602820740 1389.994673432470 5233.454830831340 -3.70923117686860 -6.60882484608585 -1.13766617146812
2026-08-05T21:09:00.000 -4826.155685353090 -227.384781875540 4772.951627071010 -2.34132917182983 -6.78707370822326 -2.67630928509714
2026-08-05T21:13:00.000 -5205.840753613590 -1828.234930320660 3964.490176380320 -0.80342184064595 -6.47194303224004 -4.01962149679814
2026-08-05T21:17:00.000 -5207.122673884980 -3296.194799532540 2867.039306307650 0.79278149838706 -5.68642895022881 -5.06982475499772
2026-08-05T21:21:00.000 -4829.948546939340 -4524.592421892560 1560.620175506980 2.33108582043030 -4.48783050454742 -5.75036344453782
2026-08-05T21:25:00.000 -4101.837507173360 -5424.254833714630 140.482331564058 3.69936493642454 -2.96380322301429 -6.01172439146394
2026-08-05T21:29:00.000 -3075.874910754960 -5930.066331570970 -1289.898813984210 4.79804811002772 -1.22590003190210 -5.83531586481382
2026-08-05T21:33:00.000 -1826.770908675040 -6005.718870699900 -2626.463363622560 5.54765070828049 0.59891890839847 -5.23487290372626
2026-08-05T21:37:00.000 -445.290464434054 -5646.247789522610 -3772.216837963670 5.89464098000587 2.37809771828124 -4.25507823647332
2026-08-05T21:41:00.000 968.435597072209 -4878.187806896300 -4644.241358205830 5.81489872253899 3.98327967249735 -2.96776057639085
2026-08-05T21:45:00.000 2312.165235465690 -3757.453651453120 -5179.568400422380 5.31495200172677 5.29941622708331 -1.46626632552323
2026-08-05T21:49:00.000 3488.815521078650 -2365.188978260250 -5339.539027446330 4.43094524771346 6.23244883434406 0.14136062607667
2026-08-05T21:53:00.000 4413.279003415840 -801.973262456581 -5112.456378169660 3.22595483426447 6.71535415757120 1.73973634355963
2026-08-05T21:57:00.000 5018.415842817110 819.238783236267 -4514.429895316820 1.78582379491844 6.71262935900449 3.21382658696323
2026-08-05T22:01:00.000 5259.883985581280 2381.043379429240 -3588.358888319080 0.21366429736723 6.22301516562275 4.45670453526538
2026-08-05T22:05:00.000 5119.485226050260 3769.947115651670 -2401.062783727790 -1.37703050190534 5.28028312973411 5.37720210657900
2026-08-05T22:09:00.000 4606.717394495480 4884.617135943570 -1038.649054015840 -2.87032761136676 3.95150548888711 5.90681183340618
2026-08-05T22:13:00.000 3758.346600108640 5643.421742554770 399.632012206094 -4.15638792718290 2.33288973417688 6.00531554733550
2026-08-05T22:17:00.000 2635.897422053950 5990.667655201230 1808.671361091450 -5.14012900898876 0.54300754585774 5.66454862255035
2026-08-05T22:21:00.000 1321.155085665370 5900.885391574940 3085.381395261800 -5.74893076856064 -1.28652611732828 4.90939722821040
2026-08-05T22:25:00.000 -89.947577093742 5380.734586515820 4136.425912139820 -5.93826216079241 -3.02132773090452 3.79568065264623
2026-08-05T22:29:00.000 -1494.505406798950 4468.412685435170 4885.143015084600 -5.69484248496758 -4.53464219612997 2.40556399944312
2026-08-05T22:33:00.000 -2790.245269411890 3230.679090831480 5277.107832638130 -5.03709281064518 -5.71662211265485 0.84099764341479
2026-08-05T22:37:00.000 -3882.959708310650 1757.848794688580 5283.988758804700 -4.01335204698023 -6.48193780324997 -0.78384808825148
2026-08-05T22:41:00.000 -4693.289426825050 157.171951790684 4905.502259243750 -2.69824633640688 -6.77560619364492 -2.35082552320600
2026-08-05T22:45:00.000 -5162.406395236930 -1454.935551871930 4169.358305937800 -1.18723367495820 -6.57663842450794 -3.74613595184579
2026-08-05T22:49:00.000 -5256.251655337110 -2961.278198823660 3129.266376940190 0.40994028235744 -5.89963005459338 -4.86824271169175
2026-08-05T22:53:00.000 -4968.044025699300 -4252.378847483610 1861.069352146190 1.97706909536601 -4.79394292806206 -5.63537426418319
2026-08-05T22:57:00.000 -4318.828456076420 -5234.475037045360 457.237042108782 3.39993241095732 -3.34041743266545 -5.99164575062523
2026-08-05T23:01:00.000 -3355.956818070640 -5836.420363900690 -979.915694074360 4.57491419945245 -1.64549414897658 -5.91144845855795
2026-08-05T23:05:00.000 -2149.577863754720 -6014.892125921800 -2345.789344432040 5.41687770522654 0.16690975438364 -5.40144856297533
2026-08-05T23:09:00.000 -787.401315671827 -5757.459756486530 -3541.201502313760 5.86548914036443 1.96492922897562 -4.49977667604751
2026-08-05T23:13:00.000 631.790494530665 -5083.297809699060 -4479.591181254850 5.88929360025654 3.61868191814937 -3.27273372283842
2026-08-05T23:17:00.000 2005.321742404790 -4041.577790799160 -5093.172627909720 5.48738859557209 5.00951293175361 -1.80947486176930
2026-08-05T23:21:00.000 3233.946834747770 -2707.789530561850 -5337.654609150420 4.68903894334461 6.03798620522431 -0.21545553643413
2026-08-05T23:25:00.000 4228.845590147790 -1178.310002668620 -5195.277750753630 3.55130816407188 6.63041157218917 1.39493573404403
2026-08-05T23:29:00.000 4917.853001684880 436.377606384057 -4676.053138546400 2.15518880506252 6.74358818214639 2.90594183236854
2026-08-05T23:33:00.000 5250.615031595650 2019.418455771030 -3817.164860946910 0.60046486652594 6.36801272106900 4.20818138882478
2026-08-05T23:37:00.000 5202.336672318980 3455.867996249570 -2680.509139350000 -1.00084756905371 5.52913767240890 5.20634535129880
2026-08-05T23:41:00.000 4775.813127849310 4641.015670258660 -1348.442643468680 -2.53223801705181 4.28641989229257 5.82638426553358
2026-08-05T23:45:00.000 4001.478285988280 5488.153304731580 82.081461242557 -3.88135222471641 2.72955803340130 6.02154766372855
2026-08-05T23:49:00.000 2935.376444633240 5935.129527449020 1506.585073830680 -4.94851961227204 0.97229148799082 5.77639699196969
2026-08-05T23:53:00.000 1655.126503306020 5949.140725880150 2820.856328370200 -5.65487490086660 -0.85620646737296 5.10861552609055
2026-08-05T23:57:00.000 254.131523273666 5529.213852717480 3928.781121317710 -5.94857846334319 -2.62158510865493 4.06751538255511
2026-08-06T00:01:00.000 -1165.407182844170 4706.206804217440 4749.488747073650 -5.80856103602923 -4.19462576709314 2.72995339747493
2026-08-06T00:05:00.000 -2500.071542983110 3540.394773659040 5223.268658812900 -5.24574308818318 -5.46091850078045 1.19422945986734
2026-08-06T00:09:00.000 -3652.792597790060 2116.902490603840 5315.822950816210 -4.30169603499030 -6.32898047013493 -0.42749992954857
2026-08-06T00:13:00.000 -4539.834394594010 539.427690285165 5020.632498687180 -3.04526871655299 -6.73636573561391 -2.01726049047799
2026-08-06T00:17:00.000 -5096.793381762630 -1077.270014845840 4359.365649003620 -1.56776935870375 -6.65390045546145 -3.45953380843277
2026-08-06T00:21:00.000 -5283.234702589130 -2615.656697691910 3380.292389252880 0.02355160876621 -6.08776710528383 -4.64946408533279
2026-08-06T00:25:00.000 -5085.641363372090 -3963.919630861600 2154.812092964880 1.61296113649355 -5.07923947320220 -5.50035786978838
2026-08-06T00:29:00.000 -4518.455055215090 -5024.121752869690 772.285147189396 3.08463774026147 -3.70200679058642 -5.95018890014812
2026-08-06T00:33:00.000 -3623.058285980360 -5719.403169906690 -666.506563769903 4.33134107641395 -2.05693388050949 -5.96645115285994
2026-08-06T00:37:00.000 -2464.708442163340 -5999.622397577030 -2056.805876567360 5.26262183143125 -0.26435777159425 -5.54871289755624
2026-08-06T00:41:00.000 -1127.667059850680 -5844.938062793280 -3297.602545616590 5.81150902235760 1.54517030945210 -4.72837606063870
2026-08-06T00:45:00.000 291.037163713163 -5267.088633215730 -4298.996144749500 5.93919501021814 3.24066476466591 -3.56596892063937
2026-08-06T00:49:00.000 1688.710288763320 -4308.335720664080 -4988.630092583270 5.63744956037073 4.70029362440451 -2.14618182539108
2026-08-06T00:53:00.000 2964.357723207730 -3038.228124595240 -5316.736183820200 4.92847259309581 5.81972735709413 -0.57141394674120
2026-08-06T00:57:00.000 4025.791720943910 -1548.572302773760 -5259.547931696510 3.86302276128783 6.51883129086664 1.04526421114724
2026-08-06T01:01:00.000 4796.105938049060 53.045680541649 -4820.957767165770 2.51696641312021 6.74697370366020 2.58774177377040
2026-08-06T01:05:00.000 5219.131375731520 1650.793083819980 -4032.313881877440 0.98633115605553 6.48650751928159 3.94460685471789
2026-08-06T01:09:00.000 5263.565141173440 3128.757595443720 -2950.372679382240 -0.61883138208641 5.75455445877422 5.01680794319877
2026-08-06T01:13:00.000 4925.458301478140 4379.295423655760 -1653.433933651350 -2.18197844706313 4.60261359053199 5.72503229581752
2026-08-06T01:17:00.000 4228.773455719500 5310.978956917520 -235.816098720593 -3.58852082574252 3.11362268798785 6.01605872493649
2026-08-06T01:21:00.000 3223.842839858130 5855.511536566340 1199.015359241730 -4.73477072867560 1.39618196362559 5.86745034564583
2026-08-06T01:25:00.000 1983.751972695210 5972.931599044380 2546.131493885040 -5.53603374220233 -0.42367767122236 5.28957271015579
2026-08-06T01:29:00.000 598.944877279066 5654.664931270620 3706.996860186180 -5.93333794110543 -2.21214578190526 4.32499388926777
2026-08-06T01:33:00.000 -829.552388889179 4924.131293022780 4596.832465140590 -5.89798322569798 -3.83817368228662 3.04497667652489
2026-08-06T01:37:00.000 -2197.644555407140 3834.866131718310 5150.839499431710 -5.43315192136109 -5.18335396850079 1.54366094957297
2026-08-06T01:41:00.000 -3405.788819842590 2466.452991597530 5328.853300941760 -4.57331668084225 -6.15032161962105 -0.06910783611914
2026-08-06T01:45:00.000 -4366.205173379600 918.622898145110 5118.146518282940 -3.38137917986353 -6.66948841452361 -1.67591943365712
2026-08-06T01:49:00.000 -5009.163195101870 -696.004851137180 4534.248082097350 -1.94395019741379 -6.70362187384216 -3.16007263367530
2026-08-06T01:53:00.000 -5287.984538565780 -2260.035802360980 3619.799540195810 -0.36540759550889 -6.25044441896774 -4.41368416420193
2026-08-06T01:57:00.000 -5182.442076241010 -3659.789114711660 2441.489554135780 1.23951645433772 -5.34302333202126 -5.34545647620867
2026-08-06T02:01:00.000 -4700.276032823050 -4793.574374332090 1085.238986262970 2.75391926200481 -4.04765326960892 -5.88746049490848
2026-08-06T02:05:00.000 -3876.669837952200 -5579.153084034570 -350.081685643389 4.06745858531745 -2.45913644887571 -6.00040855845908
2026-08-06T02:09:00.000 -2771.661302394390 -5959.773447023280 -1759.937618502710 5.08467651113969 -0.69371177845299 -5.67669509037883
2026-08-06T02:13:00.000 -1465.671190940640 -5908.276532510870 -3041.845401938690 5.73223900215943 1.11985319804557 -4.94086247077734
2026-08-06T02:17:00.000 -53.519564334537 -5428.927867507190 -4102.869288389260 5.96415741950218 2.85010688857671 -3.84735440045093
2026-08-06T02:21:00.000 1362.526633953420 -4556.891206918580 -4866.295954172770 5.76463419876518 4.37255406250081 -2.47600235303545
2026-08-06T02:25:00.000 2680.108502979220 -3355.505373959830 -5277.023877888310 5.14863915335842 5.57822877790301 -0.92597004001876
2026-08-06T02:29:00.000 3804.027809108230 -1911.653829709210 -5305.360419873680 4.16045061918147 6.38094445437997 0.69141570598488
2026-08-06T02:33:00.000 4652.920526506290 -329.609395787372 -4949.050190574730 2.87043647004834 6.72277665430961 2.26007413301601
2026-08-06T02:37:00.000 5165.005535681640 1276.265644494100 -4233.502101310370 1.37054845368417 6.57809410049049 3.66687446421182
2026-08-06T02:41:00.000 5302.578365857970 2789.565139484600 -3210.139985783390 -0.23162167345548 5.95569232329582 4.80941111957522
2026-08-06T02:45:00.000 5054.929752666090 4100.169412416920 -1952.936798561330 -1.82000808990828 4.89902034263422 5.60338861404437
2026-08-06T02:49:00.000 4439.394858357330 5112.338635433530 -553.232328879528 -3.27842956247362 3.48381574784677 5.98938580517587
2026-08-06T02:53:00.000 3500.326068654290 5751.901121125570 886.880201570663 -4.49940063756973 1.81302533234967 5.93788113995328
2026-08-06T02:57:00.000 2305.962578868870 5971.923157165230 2262.113012827530 -5.39269996312453 0.00922691094868 5.45200509407177
2026-08-06T03:01:00.000 943.383760753048 5756.299816614080 3471.866820761370 -5.89256748455098 -1.79495691457624 4.56743442322196
2026-08-06T03:05:00.000 -487.998034400140 5120.930002287680 4427.744998375450 -5.96261616621935 -3.46715478592599 3.34949999482296
2026-08-06T03:09:00.000 -1883.844078477100 4112.430193215460 5060.094773758910 -5.59837535109147 -4.88542883430964 1.88798115727128
2026-08-06T03:13:00.000 -3142.570013698880 2804.526124564290 5323.018646488250 -4.82701469644948 -5.94705790393906 0.28981797630286
2026-08-06T03:17:00.000 -4172.692390148600 1292.582737472110 5197.591447856880 -3.70501362432634 -6.57549158882776 -1.32850901103297
2026-08-06T03:21:00.000 -4899.406971485620 -313.353342852601 4693.151332173340 -2.31403766949646 -6.72563085663989 -2.84936786403559
2026-08-06T03:25:00.000 -5269.957265365790 -1896.511837221950 3846.569968857550 -0.75506351042604 -6.38685592726716 -4.16228743813867
2026-08-06T03:29:00.000 -5257.447513250480 -3341.816876756210 2719.591456670410 0.85864262006996 -5.58387803805225 -5.17171509907273
2026-08-06T03:33:00.000 -4862.841947752090 -4544.245958419380 1394.390973129540 2.40958425365382 -4.37531445410301 -5.80402587982664
2026-08-06T03:37:00.000 -4114.946977045790 -5416.533986325710 -32.412059382072 3.78471467051259 -2.84961356156406 -6.01327456571713
2026-08-06T03:41:00.000 -3068.300693493330 -5895.586240680100 -1456.871214432030 4.88401706397585 -1.11847787976904 -5.78474236075865
2026-08-06T03:45:00.000 -1799.109686381660 -5947.065587085160 -2775.389290885430 5.62806835721540 0.69171226326955 -5.13600000095230
2026-08-06T03:49:00.000 -399.576124202363 -5567.765011463010 -3892.316610944320 5.96377228264557 2.44955547244226 -4.11521821262518
2026-08-06T03:53:00.000 1028.888897389200 -4785.638682465060 -4726.853332753750 5.86786234637600 4.02836052366175 -2.79712230025556
2026-08-06T03:57:00.000 2382.998634017700 -3657.578964965070 -5218.748396546660 5.34796335905117 5.31503822391070 -1.27715350439375
2026-08-06T04:01:00.000 3564.917279863520 -2265.222054533790 -5332.466197393630 4.44155368658668 6.21760550012163 0.33536158977527
2026-08-06T04:05:00.000 4489.133679347970 -709.132404831782 -5059.631999647060 3.21327450666585 6.67117368934222 1.92470652992551
2026-08-06T04:09:00.000 5088.490178822400 898.249359062951 -4419.636620728850 1.75059414560339 6.64223420961918 3.37647571848763
2026-08-06T04:13:00.000 5319.019659490150 2440.490786595660 -3458.411300992200 0.15826561227024 6.13134306760617 4.58520965286442
2026-08-06T04:17:00.000 5163.282798693960 3805.470309817880 -2245.350879565730 -1.44866705592186 5.17376724011388 5.46204360377821
2026-08-06T04:21:00.000 4631.896399469320 4893.550791236090 -868.496585233703 -2.95286555994891 3.83780767721291 5.94152760207093
2026-08-06T04:25:00.000 3763.021388533560 5625.046367580000 571.793903127025 -4.24364980362303 2.22042434474265 5.98723737530916
2026-08-06T04:29:00.000 2619.708943330350 5946.283774485110 1970.252920804830 -5.22565011118817 0.44007754241462 5.59499715488273
2026-08-06T04:33:00.000 1285.286327793190 5833.717632829380 3224.569020938160 -5.82641270354911 -1.37227948798888 4.79349541037755
2026-08-06T04:37:00.000 -142.876710455903 5295.693355245560 4243.056982212630 -6.00208378769933 -3.08359340878207 3.64194950195071
2026-08-06T04:41:00.000 -1560.639391373610 4371.724300452290 4951.446823814790 -5.74039449687582 -4.56884384501646 2.22531248299864
2026-08-06T04:45:00.000 -2864.779396559030 3129.416656281310 5298.279428060950 -5.06113100532084 -5.72031642959169 0.64745475251352
2026-08-06T04:49:00.000 -3960.498716457450 1659.399098926100 5258.520116192830 -4.01419971005621 -6.45496650561438 -0.97661624529260
2026-08-06T04:53:00.000 -4768.220092869620 68.696835327506 4835.265525859780 -2.67578760190724 -6.71995820996844 -2.52883805574210
2026-08-06T04:57:00.000 -5229.298252121390 -1526.999823165760 4059.488206899480 -1.14311764342911 -6.49637501921477 -3.89638144445069
2026-08-06T05:01:00.000 -5310.264626442160 -3011.698433618390 2987.788610807770 0.47248852203088 -5.80063444456088 -4.97978324497859
2026-08-06T05:05:00.000 -5005.279488842240 -4277.507944802040 1698.312572649900 2.05347488857447 -4.68348044674151 -5.70007243710819
2026-08-06T05:09:00.000 -4336.615656026540 -5232.525331785710 285.080530678075 3.48459768803923 -3.22662033956394 -6.00481054996962
2026-08-06T05:13:00.000 -3353.048372954200 -5807.598325566410 -1148.923499619810 4.66166151003402 -1.53673579837097 -5.87222536033330
2026-08-06T05:17:00.000 -2126.229033180650 -5961.377047097550 -2499.360441700510 5.49944035230134 0.26267186602238 -5.31284777169606
2026-08-06T05:21:00.000 -745.335973008087 -5683.225624796490 -3668.210222031640 5.93796678513445 2.04079214844686 -4.36839388527997
2026-08-06T05:25:00.000 689.514724947418 -4993.799387289500 -4570.868787419900 5.94652795743172 3.66927094843826 -3.10817553057787
2026-08-06T05:29:00.000 2074.534024092350 -3943.341910984970 -5142.148096442350 5.52531637040823 5.03132312945772 -1.62364421024438
2026-08-06T05:33:00.000 3309.655469106590 -2607.935684765720 -5340.801299748460 4.70490265632613 6.02959755346723 -0.02167285848268
2026-08-06T05:37:00.000 4305.568466511650 -1084.049018081260 -5152.351060651170 3.54381719514922 6.59246931721750 1.58277893369358
2026-08-06T05:41:00.000 4989.998075813060 518.235302515408 -4590.122131964340 2.12473737075199 6.67878772491197 3.07429643708450
2026-08-06T05:45:00.000 5312.883393900120 2082.941900991700 -3694.405279152770 0.54908453000919 6.28092723432461 4.34485052489991
2026-08-06T05:49:00.000 5250.110769302750 3496.417834744130 -2529.783139630500 -1.06952488654795 5.42591640707621 5.30128126198069
2026-08-06T05:53:00.000 4805.518147377670 4655.581811441520 -1180.684801254950 -2.61319758677162 4.17441300176668 5.87246856652552
2026-08-06T05:57:00.000 4010.881110174980 5475.594070267040 254.639473576372 -3.96850475422745 2.61692345298078 6.01519676926924
2026-08-06T06:01:00.000 2923.770286312620 5896.300386073670 1671.328744109940 -5.03535096464697 0.86737518407000 5.71802660836649
2026-08-06T06:05:00.000 1623.363846094260 5886.847162613140 2965.740679453540 -5.73497924136535 -0.94560487614320 5.00251401245603
2026-08-06T06:09:00.000 204.543554252644 5448.006607473260 4043.223630851690 -6.01611208042919 -2.68882583440121 3.92150821112442
2026-08-06T06:13:00.000 -1229.195089166490 4612.035966895310 4825.152287652020 -5.85865501886924 -4.23474686213783 2.55480136464905
2026-08-06T06:17:00.000 -2573.419759248800 3440.159911342570 5254.669194198040 -5.27484367434986 -5.47103609152540 1.00278721641881
2026-08-06T06:21:00.000 -3730.383166191220 2017.927428120830 5300.714524530590 -4.30774219310901 -6.30844220461029 -0.62126140828881
2026-08-06T06:25:00.000 -4616.054738926130 448.921604160221 4960.156310229460 -3.02787042275196 -6.68678191133351 -2.19927413591355
2026-08-06T06:29:00.000 -5166.127295868740 -1152.735478468680 4257.945092794730 -1.52812180440425 -6.57889977811553 -3.61664313545716
2026-08-06T06:33:00.000 -5340.657955782660 -2670.596221796790 3245.322960141550 0.08254454497249 -5.99276603384858 -4.77021697674141
2026-08-06T06:37:00.000 -5127.006671809920 -3994.341452941230 1996.136745227920 1.68695838210615 -4.97118489547726 -5.57594360547554
2026-08-06T06:41:00.000 -4540.794710771010 -5027.832496217110 601.475108116502 3.16821398538466 -3.58884294583690 -5.97511583824673
2026-08-06T06:45:00.000 -3624.796271618260 -5696.172854284280 -837.008471924967 4.41839762744819 -1.94696873564399 -5.93899194421622
2026-08-06T06:49:00.000 -2445.767451694090 -5951.193040562780 -2214.605453482680 5.34684102237571 -0.16561703895352 -5.47098494440971
2026-08-06T06:53:00.000 -1089.464168769660 -5774.890035486240 -3431.258942895320 5.88685262200941 1.62548793438158 -4.60615988069020
2026-08-06T06:57:00.000 345.717891520888 -5180.564860413220 -4398.848564666790 6.00035069840401 3.29683743120946 -3.40820167474182
2026-08-06T07:01:00.000 1755.917723615330 -4211.637094172070 -5047.470677836650 5.68005005724795 4.72842082958329 -1.96424703568522
2026-08-06T07:05:00.000 3039.237157021510 -2938.356581458520 -5330.308659939330 4.94940769837114 5.81789743417802 -0.37838952158741
2026-08-06T07:09:00.000 4102.918973104430 -1452.735604520530 -5226.846290737460 3.86067854972444 6.48724458954774 1.23554054066221
2026-08-06T07:13:00.000 4869.858032565430 137.932935008563 -4744.293170943490 2.49132437333690 6.68784298899278 2.76160274493393
2026-08-06T07:17:00.000 5284.089530654980 1718.576937764380 -3917.172359544690 0.93911948277420 6.40395197866092 4.08941972957644
2026-08-06T07:21:00.000 5314.922242019590 3174.488166901920 -2805.051500124900 -0.68428460019072 5.65442921385682 5.12192951287151
2026-08-06T07:25:00.000 4959.379850319270 4399.593846751420 -1488.463133453130 -2.26092945724680 4.49208926126258 5.78262557826425
2026-08-06T07:29:00.000 4242.697351833230 5304.298387749720 -63.201132528153 -3.67518417735249 3.00068473072187 6.02174295439581
2026-08-06T07:33:00.000 3216.686303201280 5822.259689188920 1366.666359816470 -4.82266506885029 1.28906294080691 5.82063111378206
2026-08-06T07:37:00.000 1956.014625015240 5915.475089567390 2696.544396786440 -5.61858192193438 -0.51699932725043 5.19362850383575
2026-08-06T07:41:00.000 552.651852560923 5577.175443378430 3829.162825266490 -6.00447032037074 -2.28473365455288 4.18700813954809
2026-08-06T07:45:00.000 -891.014187168885 4832.259682456860 4681.827279023960 -5.95248525762625 -3.88469517303848 2.87511230281412
2026-08-06T07:49:00.000 -2269.784503435140 3735.322247996710 5192.471656221290 -5.46710475692457 -5.20038197388687 1.35439711327014
2026-08-06T07:53:00.000 -3483.355446007080 2366.501468289960 5324.110106935560 -4.58431843477280 -6.13668256628300 -0.26394682406601
2026-08-06T07:57:00.000 -4443.562590830820 825.541456634300 5067.391083542640 -3.36864351764895 -6.62623326602100 -1.86217475171194
2026-08-06T08:01:00.000 -5080.691923013470 -775.451138337743 4441.188021560170 -1.90840270113510 -6.63395805848718 -3.32421341365760
2026-08-06T08:05:00.000 -5348.478750273760 -2320.085320329520 3491.211193434510 -0.30955147205944 -6.15944596084245 -4.54380258368117
2026-08-06T08:09:00.000 -5227.486602631270 -3696.083123552730 2286.734729215020 1.31161632678338 -5.23726394384551 -5.43205672509211
2026-08-06T08:13:00.000 -4726.587697194940 -4803.474814020920 915.590077850977 2.83695762811780 -3.93481370060289 -5.92421702013369
2026-08-06T08:17:00.000 -3882.346707940840 -5561.946653589340 -522.266580119741 4.15531727286901 -2.34747656957126 -5.98466500585805
2026-08-06T08:21:00.000 -2756.314242788090 -5916.733878175100 -1922.127557491590 5.17095359022444 -0.59141847601303 -5.60967156071123
2026-08-06T08:25:00.000 -1430.433689352290 -5842.565992894350 -3182.256963688760 5.81071228582941 1.20533781282592 -4.82752235478994
2026-08-06T08:29:00.000 -0.958578212450 -5345.347731532820 -4211.322125708410 6.02917580601256 2.91264051056954 -3.69600346673480
2026-08-06T08:33:00.000 1428.601198028430 -4461.521045566990 -4934.941359065820 5.81156023617083 4.40769684116841 -2.29763769759950
2026-08-06T08:37:00.000 2754.922750850270 -3255.248498019400 -5300.888433560490 5.17409072753933 5.58357864632793 -0.73340407010278
2026-08-06T08:41:00.000 3882.162424644130 -1813.742340248760 -5282.681319057970 4.16247363654165 6.35616937314530 0.88437428042436
2026-08-06T08:45:00.000 4728.681128206940 -241.103804816475 -4881.408595855080 2.84871926336745 6.66963160793129 2.43953815964151
2026-08-06T08:49:00.000 5232.826529126530 1348.964103598270 -4125.722591395970 1.32647783421114 6.50028420448611 3.81984650075727
2026-08-06T08:53:00.000 5357.432672626620 2841.158601643280 -3069.971160642810 -0.29495396988584 5.85866787154721 4.92467508484085
2026-08-06T08:57:00.000 5092.720811549650 4126.849141591830 -1790.519749343200 -1.89798959096418 4.78968189790821 5.67235220341381
2026-08-06T09:01:00.000 4457.280026552710 5112.087675377950 -380.382579467345 -3.36530149641514 3.37011297533934 6.00679554657963
2026-08-06T09:05:00.000 3496.933559909600 5724.674477065130 1057.539100179660 -4.58874133118965 1.70332409276586 5.90230445252920
2026-08-06T09:09:00.000 2281.495024151320 5919.666147079050 2418.089137751080 -5.47788828364351 -0.08836448234643 5.36597070349357
2026-08-06T09:13:00.000 899.608048188017 5682.810691434060 3601.737671871580 -5.96728358692582 -1.87320073814293 4.43727504798565
2026-08-06T09:17:00.000 -547.891188311769 5031.576333062450 4522.018902897130 -6.02138972816713 -3.52032065697379 3.18484343467251
2026-08-06T09:21:00.000 -1955.486811237620 4013.732959393020 5111.895328637910 -5.63691511040950 -4.90964448754818 1.70086960026454
2026-08-06T09:25:00.000 -3220.739763047540 2703.691918102080 5328.580263444120 -4.84254666667152 -5.94054824280552 0.09397636602303
2026-08-06T09:29:00.000 -4251.704414819360 1196.965966715240 5156.534086979080 -3.69646557825416 -6.53880039556042 -1.51878900714088
2026-08-06T09:33:00.000 -4973.524100868660 -396.794107529082 4608.484902826440 -2.28204277509575 -6.66147577980673 -3.02028045016444
2026-08-06T09:37:00.000 -5333.798328934770 -1961.710949494680 3724.470378728200 -0.70193784088436 -6.29992820313650 -4.30141602030716
2026-08-06T09:41:00.000 -5306.372207370210 -3384.041888351030 2568.959310614040 0.92905967576764 -5.48053719867522 -5.26890106488394
2026-08-06T09:45:00.000 -4893.292639751190 -4560.446535796740 1226.206564262330 2.49217833015314 -4.26310311701487 -5.85221977199136
2026-08-06T09:49:00.000 -4124.711590762750 -5405.551913307820 -205.895251275410 3.87344316716412 -2.73669686296229 -6.00896806978559
2026-08-06T09:53:00.000 -3056.681780601600 -5858.250999679000 -1623.018507195560 4.97239569440305 -1.01313014284165 -5.72830561587581
2026-08-06T09:57:00.000 -1766.967005284770 -5886.132433050470 -2922.120552557230 5.70968582241568 0.78181551030965 -5.03164351855500
2026-08-06T10:01:00.000 -349.250990260691 -5487.701188365890 -4008.989176867350 6.03276673874608 2.51791622179200 -3.97062373311553
2026-08-06T10:05:00.000 1093.753734557400 -4692.280461889010 -4805.021717846480 5.91929961409393 4.07013405451758 -2.62279593552278
2026-08-06T10:09:00.000 2457.715190169070 -3557.698144263820 -5252.753819004180 5.37812550734683 5.32730868848724 -1.08568348892443
2026-08-06T10:13:00.000 3644.081752648780 -2166.036335309720 -5319.830463115100 4.44821371076492 6.19958731125074 0.53023379804784
2026-08-06T10:17:00.000 4566.995166265920 -617.796969558713 -5001.220168269680 3.19578922844392 6.62415623496433 2.10899332255225
2026-08-06T10:21:00.000 5159.350015974160 975.130388253964 -4319.614754505250 1.71006283569375 6.56951071949179 3.53682302191743
2026-08-06T10:25:00.000 5377.650695158680 2497.328561162520 -3323.972608645310 0.09749819911985 6.03802765809917 4.70989284428151
2026-08-06T10:29:00.000 5205.326810171160 3838.093492808740 -2086.223582468520 -1.52527747141352 5.06651600328531 5.54180886125171
2026-08-06T10:33:00.000 4654.201896570100 4899.527481119220 -696.251945366773 -3.03971420070752 3.72434936613357 5.97036422149729
2026-08-06T10:37:00.000 3763.901700472230 5603.877363522390 744.577895178972 -4.33422226730614 2.10908347488305 5.96284381934450
2026-08-06T10:41:00.000 2599.079047409980 5899.487389714250 2130.928670163870 -5.31322786672783 0.33919711117685 5.51912169971382
2026-08-06T10:45:00.000 1244.639653433790 5764.721918632210 3361.383908858880 -5.90461639586234 -1.45525736401146 4.67175921513924
2026-08-06T10:49:00.000 -200.586547690948 5209.554552942690 4346.021271482970 -6.06520296774541 -3.14261279895167 3.48334030265657
2026-08-06T10:53:00.000 -1631.214044819710 4274.741926175880 5013.061220256970 -5.78383367577953 -4.59963686854093 2.04145197555714
2026-08-06T10:57:00.000 -2943.087945666040 3028.675621512570 5314.066559950400 -5.08174773629241 -5.72065988020492 0.45175832782441
2026-08-06T11:01:00.000 -4040.848808604760 1562.253104134870 5227.345684479680 -4.01049722387509 -6.42485257942954 -1.16986315102652
2026-08-06T11:05:00.000 -4844.776571413000 -17.770365326867 4759.424776943780 -2.64807442736788 -6.66163940838454 -2.70554095864314
2026-08-06T11:09:00.000 -5296.506089810030 -1596.497601892580 3944.522989542350 -1.09338779083022 -6.41414888248356 -4.04373260646905
2026-08-06T11:13:00.000 -5363.235773376280 -3059.175670537900 2842.082231233820 0.54066720729088 -5.70048012578097 -5.08702698838941
2026-08-06T11:17:00.000 -5040.165217150400 -4299.521243066620 1532.497861229900 2.13508069170041 -4.57274756497834 -5.75938208770886
2026-08-06T11:21:00.000 -4350.891585975560 -5227.501039660830 111.245733581330 3.57369468426541 -3.11341741282383 -6.01193581874175
2026-08-06T11:25:00.000 -3345.686670929740 -5775.936141103100 -1318.119023330950 4.75177308483143 -1.42932088735624 -5.82668285980461
2026-08-06T11:29:00.000 -2097.775912061580 -5905.423876101850 -2651.609609912310 5.58402681743401 0.35645014418874 -5.21805253166179
2026-08-06T11:33:00.000 -697.861434562047 -5607.093697983170 -3792.465027893450 6.01094146674254 2.11415664464757 -4.23134198609263
2026-08-06T11:37:00.000 752.577352815323 -4903.048395682490 -4658.134575946020 6.00267009491181 3.71701368147560 -2.93886187199085
2026-08-06T11:41:00.000 2148.632334897030 -3844.560810392450 -5186.113827810470 5.56057853260280 5.05011147744620 -1.43430327198995
2026-08-06T11:45:00.000 3389.435478336450 -2508.270339689280 -5338.275146355730 4.71669007173421 6.01814062344582 0.17407605407301
2026-08-06T11:49:00.000 4385.248905507870 -990.697718510812 -5103.486524671880 3.53118189511323 6.55162833809319 1.77085414847143
2026-08-06T11:53:00.000 5063.772739648680 598.527748601576 -4498.407831760130 2.08842976259422 6.61144269459376 3.24112652071337
2026-08-06T11:57:00.000 5375.339320567040 2144.346689407290 -3566.440762962460 0.49163534930486 6.19181414133401 4.47824240867978
2026-08-06T12:01:00.000 5296.640977570330 3534.446158705400 -2374.830651183670 -1.14398077603590 5.32139775069914 5.39138127803733
2026-08-06T12:05:00.000 4832.674280820000 4667.424868536350 -1010.015752669210 -2.69918982376754 4.06206191896935 5.91250678087034
2026-08-06T12:09:00.000 4016.644801468980 5460.357179201660 428.564972196899 -4.05967804200405 2.50500603862514 6.00211191414819
2026-08-06T12:13:00.000 2907.705418658140 5855.086540759980 1835.786903527430 -5.12494138625150 0.76417010599803 5.65269804159764
2026-08-06T12:17:00.000 1586.656034547130 5822.691996419480 3108.699577819430 -5.81636629805321 -1.03238003472195 4.88981344011171
2026-08-06T12:21:00.000 149.881350851226 5365.652461760940 4154.258696846980 -6.08345334866388 -2.75277818778251 3.76982823904947
2026-08-06T12:25:00.000 -1297.844262073870 4517.547606311080 4896.199220900520 -5.90716610779247 -4.27132787703538 2.37528089581282
2026-08-06T12:29:00.000 -2651.082982157030 3340.452197749160 5280.580044193560 -5.30098663658306 -5.47769485031298 0.80847239771943
2026-08-06T12:33:00.000 -3811.427037854160 1920.277279088670 5279.624350010920 -4.30959776949789 -6.28474877096818 -0.81623421065397
2026-08-06T12:37:00.000 -4694.594588786730 360.448032790909 4893.614964421950 -3.00527314430864 -6.63446767635368 -2.38074275118801
2026-08-06T12:41:00.000 -5236.456988731500 -1225.582505785420 4150.810097298830 -1.48271386694393 -6.50179443000031 -3.77139044328276
2026-08-06T12:45:00.000 -5397.662245381500 -2722.512347277140 3105.406368149870 0.14751328433848 -5.89651161190583 -4.88697365892258
2026-08-06T12:49:00.000 -5166.533135600810 -4021.548349312560 1833.645456215700 1.76673267113726 -4.86279502214257 -5.64615208827567
2026-08-06T12:53:00.000 -4559.980005114250 -5028.361779721500 428.266867237037 3.25690523984540 -3.47629684829259 -5.99368258852471
2026-08-06T12:57:00.000 -3622.267751893520 -5670.021667115960 -1008.312352158820 4.50955703228479 -1.83854101627224 -5.90466912294773
2026-08-06T13:01:00.000 -2421.725966666670 -5900.312297562550 -2371.547102062580 5.43386925322461 -0.06922584838265 -5.38637778790201
2026-08-06T13:05:00.000 -1045.664640154740 -5703.029349892450 -3562.455418038370 5.96348149585986 1.70287257821277 -4.47755013690434
2026-08-06T13:09:00.000 406.101630699509 -5092.983800350590 -4494.813422013820 6.06109535738756 3.34967832388249 -3.24501186202502
2026-08-06T13:13:00.000 1828.526460343330 -4114.709300922340 -5101.284203476990 5.72056595041199 4.75301356539942 -1.77830236225155
2026-08-06T13:17:00.000 3118.833905329000 -2839.107672842690 -5338.094683453970 4.96676916263523 5.81254060965877 -0.18308777506121
2026-08-06T13:21:00.000 4183.756518497170 -1358.346654918840 -5188.041234111310 3.85358255383782 6.45234518157402 1.42614668309823
2026-08-06T13:25:00.000 4946.082550304830 220.631746535209 -4661.693948105070 2.46019189141908 6.62591387754107 2.93372927157981
2026-08-06T13:29:00.000 5350.154008755540 1783.594729199200 -3796.750315170070 0.88608444207138 6.31942084468093 4.23054971296026
2026-08-06T13:33:00.000 5365.995492798620 3217.096112796230 -2655.541249186390 -0.75541325114581 5.55333920620916 5.22169772479850
2026-08-06T13:37:00.000 4991.718898960030 4416.675878316120 -1320.747469013530 -2.34495684517965 4.38176250195561 5.83361249117227
2026-08-06T13:41:00.000 4253.936444382080 5294.598902358900 110.472411792439 -3.76589526847752 2.88922144662938 6.02008617084690
2026-08-06T13:45:00.000 3206.019469388010 5786.503598443510 1533.595043048290 -4.91338227387136 1.18474152407794 5.76643218636459
2026-08-06T13:49:00.000 1924.240897309810 5856.318533865080 2844.524253459200 -5.70267404298236 -0.60646822372415 5.09090230487325
2026-08-06T13:53:00.000 502.109724849181 5499.001671886170 3947.395359622420 -6.07583552656423 -2.35277036485809 4.04338089918667
2026-08-06T13:57:00.000 -956.635702394210 4740.840214576580 4761.717082191010 -6.00603716894303 -3.92638334682985 2.70119168399267
2026-08-06T14:01:00.000 -2345.728559727740 3637.363645733670 5228.238714615250 -5.49905249763411 -5.21289031544873 1.16285492877230
2026-08-06T14:05:00.000 -3564.120530085300 2269.140836116430 5313.167073205650 -4.59228368256513 -6.11923035250137 -0.45929412771877
2026-08-06T14:09:00.000 -4523.274963664370 735.856763980526 5010.525507161550 -3.35194552052099 -6.58010645796073 -2.04718844577685
2026-08-06T14:13:00.000 -5153.530681082070 -850.935387408429 4342.514170754570 -1.86815575305790 -6.56245261628239 -3.48546695858696
2026-08-06T14:17:00.000 -5409.106998778940 -2375.859727724740 3357.891969047760 -0.24867034620175 -6.06770369469554 -4.66948631056620
2026-08-06T14:21:00.000 -5271.458378630290 -3728.063863729040 2128.469876665950 1.38868062574130 -5.13193297118538 -5.51297027690581
2026-08-06T14:25:00.000 -4750.681544912300 -4809.308438414340 743.909637073723 2.92451512707333 -3.82359777189465 -5.95440826000799
2026-08-06T14:29:00.000 -3884.809336904910 -5541.201333977520 -694.850960740426 4.24690689123519 -2.23856822387343 -5.96197917257275
2026-08-06T14:33:00.000 -2736.981687003690 -5870.932116921750 -2083.062183144920 5.25988143269974 -0.49280168623202 -5.53589282005458
2026-08-06T14:37:00.000 -1390.727754249100 -5775.060612523870 -3319.868560883870 5.89053777503059 1.28648171734127 -4.70814787751813
2026-08-06T14:41:00.000 56.232462708996 -5261.066980248470 -4315.659862345590 6.09418611834055 2.97045299503340 -3.53979503906441
2026-08-06T14:45:00.000 1499.139030397250 -4366.595077297070 -4998.483801170320 5.85710574186710 4.43806715496560 -2.11595262409824
2026-08-06T14:49:00.000 2833.715396334150 -3156.561466565950 -5319.069458425790 5.19692279612402 5.58436945583468 -0.53936328296784
2026-08-06T14:53:00.000 3963.526586048370 -1718.438522326200 -5254.205261834820 4.16093612481727 6.32735957949779 1.07678947259368
2026-08-06T14:57:00.000 4806.740072370060 -156.078713993598 -4808.342233682920 2.82286744322068 6.61329712934210 2.61645614599805
2026-08-06T15:01:00.000 5301.925734800790 1417.548679115980 -4013.356159826030 1.27810929890908 6.42043636801096 3.96841841957970
2026-08-06T15:05:00.000 5412.552920889840 2888.319289836130 -2926.466944736440 -0.36237077633414 5.76107470810698 5.03397904791078
2026-08-06T15:09:00.000 5129.852148335270 4149.158704012110 -1626.332764585240 -1.97956344627526 4.68144632400160 5.73433574940146
2026-08-06T15:13:00.000 4473.725134216490 5107.927700150230 -207.496015632384 -3.45504425833532 3.25912427960418 6.01684750309715
2026-08-06T15:17:00.000 3491.521043292290 5694.367454232870 1226.486569504160 -4.68001621053772 1.59778311477824 5.85962830431027
2026-08-06T15:21:00.000 2254.663513788740 5865.477024785040 2570.746579179050 -5.56402109689960 -0.18059980422910 5.27375038936130
2026-08-06T15:25:00.000 853.347801205744 5608.772773173190 3726.969296565310 -6.04208059295147 -1.94536386222531 4.30236435456604
2026-08-06T15:29:00.000 -610.194037955315 4943.166961058630 4610.716952092050 -6.07948208240784 -3.56719991338037 3.01718686716404
2026-08-06T15:33:00.000 -2029.300901605640 3917.456621671310 5157.635668347680 -5.67418269234744 -4.92795379053177 1.51273712621495
2026-08-06T15:37:00.000 -3300.716943507970 2606.581623058220 5328.067579123590 -4.85631616800926 -5.92918237120264 -0.10100649335400
2026-08-06T15:41:00.000 -4332.037114701120 1106.070690877100 5109.805201540990 -3.68561239154135 -6.49868977754457 -1.70661457628229
2026-08-06T15:45:00.000 -5048.342203341260 -474.879913647362 4518.905652050950 -2.24719931563167 -6.59548025218854 -3.18736648822056
2026-08-06T15:49:00.000 -5397.599528324020 -2021.303140654420 3598.516873446430 -0.64553176885597 -6.21273147987284 -4.43557739244876
2026-08-06T15:53:00.000 -5354.445792832220 -3420.773746235850 2415.770415049750 1.00290902175208 -5.37837310346574 -5.36029783830884
2026-08-06T15:57:00.000 -4922.086394726810 -4571.594240525500 1056.926693348190 2.57798800827482 -4.15338168704948 -5.89407757029262
2026-08-06T16:01:00.000 -4132.106620547600 -5390.266509926070 -378.931810474346 3.96485000315995 -2.62749713313055 -5.99823708181051
2026-08-06T16:05:00.000 -3042.140621771700 -5817.625311845460 -1787.218401209510 5.06267226601581 -0.91246377593310 -5.66586982568332
2026-08-06T16:09:00.000 -1731.554277436170 -5823.115256286870 -3065.560983371930 5.79228182541218 0.86660473176222 -4.92215666917343
2026-08-06T16:13:00.000 -295.540846026890 -5406.867996179130 -4121.279169928060 6.10172521244862 2.58069756581554 -3.82211313582519
2026-08-06T16:17:00.000 1161.867980009180 -4599.490443973420 -4878.044794635800 5.96965352238270 4.10639493512410 -2.44607834025539
2026-08-06T16:21:00.000 2535.305163714220 -3459.665702077110 -5281.244703811670 5.40625625748543 5.33447316232156 -0.89354780753021
2026-08-06T16:25:00.000 3725.536360982600 -2069.848730564820 -5301.740949860030 4.45209419984509 6.17714409546838 0.72391759640901
2026-08-06T16:29:00.000 4646.422732369160 -530.407571009025 -4937.862897807490 3.17511078629755 6.57372068420931 2.29025224783804
2026-08-06T16:33:00.000 5230.993678661060 1047.398433635020 -4215.573388806200 1.66625362590457 6.49469119706995 3.69253291466819
2026-08-06T16:37:00.000 5436.297268032430 2549.231833679240 -3186.785641078510 0.03365081241310 5.94415523193724 4.82869027467462
2026-08-06T16:41:00.000 5246.698339103870 3865.844150868490 -1925.865863236660 -1.60449606878356 4.96034465672299 5.61488933197807
2026-08-06T16:45:00.000 4675.294137304530 4901.097766807550 -524.424595962984 -3.12845724468714 3.61370981523203 5.99227350297738
2026-08-06T16:49:00.000 3763.193533112990 5579.173311258800 915.320599084341 -4.42603195257676 2.00211839598223 5.93194611921930
2026-08-06T16:53:00.000 2576.644204960790 5850.343646386640 2288.105765805360 -5.40135103374376 0.24375955491821 5.43766851472909
2026-08-06T16:57:00.000 1202.150419415890 5694.775566739080 3493.513231904290 -5.98259760367729 -1.53209653980150 4.54578204104554
2026-08-06T17:01:00.000 -260.005943628338 5123.979684051760 4443.478398709430 -6.12747099699281 -3.19523060544002 3.32216830568669
2026-08-06T17:05:00.000 -1703.235847082880 4179.834057889790 5068.771060782590 -5.82594888121955 -4.62434097897659 1.85685556264605
2026-08-06T17:09:00.000 -3022.479902337220 2931.376753973720 5323.995150394450 -5.10068120665730 -5.71578672968080 0.25717313780932
2026-08-06T17:13:00.000 -4121.844975137510 1469.640533263280 5190.782847398270 -4.00482952903972 -6.39093532352303 -1.36036630626001
2026-08-06T17:17:00.000 -4921.466384375320 -98.990134143561 4679.010212252660 -2.61804258376216 -6.60118482626076 -2.87825645761925
2026-08-06T17:21:00.000 -5363.249461081930 -1660.432664447290 3826.062266717450 -1.04103244842484 -6.33141620011806 -4.18611690889304
2026-08-06T17:25:00.000 -5415.102355323350 -3101.157320280430 2694.157536373230 0.61152730406720 -5.60136264807305 -5.18867130754303
2026-08-06T17:29:00.000 -5073.311912221780 -4316.449954143730 1365.848607986060 2.21925067752230 -4.46435246562309 -5.81280126000174
2026-08-06T17:33:00.000 -4362.859889089120 -5218.086308323930 -61.999121877671 3.66490111087445 -3.00364168552783 -6.01313650238310
2026-08-06T17:37:00.000 -3335.597708806930 -5740.822272947000 -1485.345747652670 4.84325156469358 -1.32625063882836 -5.77566139835835
2026-08-06T17:41:00.000 -2066.368836643490 -5847.138443519960 -2800.667511391060 5.66911574157368 0.44529198418308 -5.11860617769220
2026-08-06T17:45:00.000 -647.422592383661 -5529.852878347670 -3912.542812712820 6.08349140486569 2.18231702803280 -4.09076806617599
2026-08-06T17:49:00.000 818.389405221734 -4812.439159365150 -4740.536802576780 6.05745569411724 3.75958495028075 -2.76738426807502
2026-08-06T17:53:00.000 2225.051832689700 -3747.129204500200 -5224.877118987180 5.59364831968964 5.06405641703669 -1.24432717568382
2026-08-06T17:57:00.000 3470.925516442830 -2411.045708069010 -5330.587921980960 4.72560648114588 6.00247919404906 0.36884694506614
2026-08-06T18:01:00.000 4465.892054644090 -900.696417957922 -5049.887649528750 3.51524298577113 6.50745415319371 1.95635860445879
2026-08-06T18:05:00.000 5137.698602505940 674.801140110527 -4402.754536493180 2.04871756443231 6.54190026460332 3.40394233049560
2026-08-06T18:09:00.000 5437.143951652610 2201.363394060820 -3435.639187836740 0.43093803881198 6.10183801334903 4.60652805581837
2026-08-06T18:13:00.000 5341.782273834900 3568.046341696930 -2218.360520995060 -1.22129910008808 5.21741394435634 5.47566372134937
2026-08-06T18:17:00.000 4857.819847904510 4675.131561861580 -839.266787069728 -2.78746367662693 3.95158537135593 5.94645139413424
2026-08-06T18:21:00.000 4019.942259233570 5441.581285442430 601.119293910431 -4.15233611618195 2.39616911741580 5.98310959462154
2026-08-06T18:25:00.000 2888.921532578610 5811.201028281790 1997.528164952890 -5.21517558704761 0.66505493907646 5.58215392181683
2026-08-06T18:29:00.000 1547.167505637090 5756.921467787770 3247.807010909280 -5.89760534333768 -1.11451893357588 4.77289737462073
2026-08-06T18:33:00.000 92.581206083735 5282.825902869760 4260.571260899390 -6.14973496218389 -2.81189898302918 3.61514967282985
2026-08-06T18:37:00.000 -1368.764225796230 4423.743949756070 4961.975730650010 -5.95370615093894 -4.30313412525465 2.19424141127825
2026-08-06T18:41:00.000 -2730.458402344360 3242.535600343480 5301.052062197590 -5.32448670939494 -5.47997234395013 0.61427098652978
2026-08-06T18:45:00.000 -3893.490358556770 1825.386183355320 5253.313495238390 -4.30835539549433 -6.25742989050641 -1.00951332804969
2026-08-06T18:49:00.000 -4773.375485072000 275.476806955259 4822.437634754880 -2.97930843570659 -6.57963561619965 -2.55907759708024
2026-08-06T18:53:00.000 -5306.198717178580 -1294.474740105790 4039.937371522040 -1.43379830006494 -6.42344845283805 -3.92183160384722
2026-08-06T18:57:00.000 -5453.244217300780 -2770.326902574900 2962.894450788280 0.21587165666954 -5.80026535235786 -4.99857489489319
2026-08-06T19:01:00.000 -5203.863360915050 -4044.799306403880 1669.856452457480 1.84954177003287 -4.75558434338345 -5.71077256816838
2026-08-06T19:05:00.000 -4576.300702476910 -5025.336927498510 255.118730825641 3.34809131423914 -3.36587544217585 -6.00656843804993
2026-08-06T19:09:00.000 -3616.371112419740 -5640.915805583900 -1178.209243080400 4.60236267913826 -1.73296348733915 -5.86486112981588
2026-08-06T19:13:00.000 -2394.045066791590 -5847.233269962300 -2525.827944976390 5.52149657279567 0.02374754840468 -5.29686620464270
2026-08-06T19:17:00.000 -998.213641499707 -5629.837513641700 -3689.915145028790 6.03961125023020 1.77649181237171 -4.34492596217928
2026-08-06T19:21:00.000 469.885523655115 -5004.989663773500 -4586.209546210090 6.12025187252250 3.39867752148619 -3.07893667653594
2026-08-06T19:25:00.000 1904.029889598440 -4018.273953453570 -5149.989746581730 5.75847227966945 4.77394682314459 -1.59077351526555
2026-08-06T19:29:00.000 3200.587037996450 -2741.181317028280 -5340.558435442410 4.98060809705632 5.80396458113256 0.01240756781674
2026-08-06T19:33:00.000 4265.809347356750 -1265.979075266210 -5144.036836223540 3.84219794138215 6.41486616673000 1.61554316590675
2026-08-06T19:37:00.000 5022.426345936620 300.775664833907 -4574.346730406130 2.42427443335018 6.56212719554690 3.10331814937952
2026-08-06T19:41:00.000 5415.168619272210 1845.705857831080 -3672.333748940370 0.82815388768357 6.23382664504246 4.36797881261567
2026-08-06T19:45:00.000 5414.863035853850 3256.641641052740 -2503.037066582820 -0.83123134263766 5.45200547065553 5.31687642563413
2026-08-06T19:49:00.000 5020.783876979020 4430.726572947400 -1151.218093577760 -2.43313667503298 4.27192340285337 5.87940353123984
2026-08-06T19:53:00.000 4261.003870317260 5282.061820835120 284.670607229264 -3.85987634070101 2.77886329933582 6.01293176566035
2026-08-06T19:57:00.000 3190.538001061190 5748.238054064750 1699.722986858560 -5.00613030345864 1.08203979856633 5.70674126519514
2026-08-06T20:01:00.000 1887.339007724270 5795.100536872430 2990.424301575450 -5.78733510333424 -0.69384446793905 4.98307747745319
2026-08-06T20:05:00.000 446.484986743537 5419.314154713520 4062.406138012460 -6.14625013603933 -2.41835531569402 3.89538914160937
2026-08-06T20:09:00.000 -1026.926701100690 4648.524437284700 4837.453990862950 -6.05709239716312 -3.96539504766510 2.52391952063144
2026-08-06T20:13:00.000 -2425.561681704360 3539.177576133750 5259.202551253230 -5.52704037562028 -5.22249974060574 0.96931798835591
2026-08-06T20:17:00.000 -3647.691137604220 2172.263316205100 5297.140400081610 -4.59526701434899 -6.09879976139977 -0.65495624020099
2026-08-06T20:21:00.000 -4604.525516744170 647.351569862067 4948.709737585610 -3.32974422808139 -6.53120471462596 -2.23077435559797
2026-08-06T20:25:00.000 -5226.573796935470 -924.630180374346 4239.437676922590 -1.82237665296721 -6.48869602417707 -3.64362173707238
2026-08-06T20:29:00.000 -5468.649738929410 -2429.394656576210 3221.084363982080 -0.18263189680489 -5.97449169476899 -4.79070370484064
2026-08-06T20:33:00.000 -5313.190232544580 -3757.566637253730 1967.918245067560 1.47015969224011 -5.02611187321084 -5.58841338330593
2026-08-06T20:37:00.000 -4771.590712354300 -4812.670853509510 571.326271618420 3.01549903544699 -3.71291725426301 -5.97863138600280
2026-08-06T20:41:00.000 -3883.400513417710 -5518.225139523170 -866.891258240630 4.34076551735458 -2.13111156751520 -5.93326516207264
2026-08-06T20:45:00.000 -2713.387097842290 -5823.348603458520 -2242.038114443220 5.34978194201490 -0.39645958390341 -5.45642589568105
2026-08-06T20:49:00.000 -1346.684085385110 -5706.401321550410 -3454.240874500570 5.97002424775869 1.36471231312113 -4.58385824932693
2026-08-06T20:53:00.000 117.526805404711 -5176.379677531270 -4415.708180490970 6.15759971722801 3.02499979229656 -3.37980093968232
2026-08-06T20:57:00.000 1573.259819713900 -4272.056016288190 -5056.987447230040 5.89993388326700 4.46515209194047 -1.93183361592909
2026-08-06T21:01:00.000 2915.315311740250 -3059.016794358290 -5331.800282136490 5.21602400562860 5.58219956432940 -0.34433439650254
2026-08-06T21:05:00.000 4046.692882036340 -1624.924465748630 -5220.216184468300 4.15477812852455 6.29614444562495 1.26874702661551
2026-08-06T21:09:00.000 4885.402758641780 -73.341972675115 -4730.042729482050 2.79169127105592 6.55522518118133 2.79150521446094
2026-08-06T21:13:00.000 5370.297289495070 1483.513863735840 -3896.365615841040 1.22403353984418 6.33957152028748 4.11381639862965
2026-08-06T21:17:00.000 5465.568709182450 2932.701937743100 -2779.230371486810 -0.43549422900429 5.66316192348580 5.13907586204948
2026-08-06T21:21:00.000 5163.545741055100 4168.685887373000 -1459.521500358050 -2.06647581771292 4.57347370080711 5.79133117723274
2026-08-06T21:25:00.000 4485.536430534350 5101.106741001230 -33.252295567342 -3.54935100128691 3.14886799749866 6.02137737480706
2026-08-06T21:29:00.000 3480.509671706530 5661.617151182140 1395.431207493530 -4.77470532389504 1.49329791934889 5.81119044216607
2026-08-06T21:33:00.000 2221.590744690950 5809.121432197690 2722.019261287490 -5.65202438219599 -0.27160033342007 5.17582120443787
2026-08-06T21:37:00.000 800.619699192183 5532.887658816670 3849.485736491980 -6.11686349466042 -2.01608564886147 4.16214923527272
2026-08-06T21:41:00.000 -678.729217178801 4853.283642228780 4695.516743946030 -6.13562672192433 -3.61241961619135 2.84503586669985
2026-08-06T21:45:00.000 -2108.651441674290 3820.125899278480 5198.529749630740 -5.70760896421038 -4.94442237945479 1.32124715684904
2026-08-06T21:49:00.000 -3385.098789853790 2508.891765829450 5322.073377601560 -4.86456487283246 -5.91567717754214 -0.29784866651326
2026-08-06T21:53:00.000 -4415.306031242520 1015.142887577780 5057.371142621310 -3.66815962602664 -6.45620179160604 -1.89440321471760
2026-08-06T21:57:00.000 -5124.450387359200 -552.428016766233 4423.866735765600 -2.20534368916523 -6.52715081681126 -3.35244657283112
2026-08-06T22:01:00.000 -5461.025988439940 -2079.834158469660 3467.810775689830 -0.58235654991690 -6.12355939515638 -4.56591034276114
2026-08-06T22:05:00.000 -5400.603219318860 -3456.041485177830 2258.934029441900 1.08274642317575 -5.27488027034156 -5.44638659187615
2026-08-06T22:09:00.000 -4947.662991386860 -4581.059689154150 885.397798219207 2.66860275353613 -4.04318417296347 -5.92968972353057
2026-08-06T22:13:00.000 -4135.299909416020 -5373.289887805060 -552.658731733471 4.05962034225690 -2.51871366033326 -5.98084308427763
2026-08-06T22:17:00.000 -3022.777940219070 -5775.517269986300 -1950.508947911330 5.15472598898522 -0.81310907708107 -5.59684495576233
2026-08-06T22:21:00.000 -1691.092223056990 -5759.032990939070 -3206.571306973260 5.87500556843278 0.94925030418189 -4.80667464130894
2026-08-06T22:25:00.000 -236.938545827248 -5325.566379514330 -4229.822826798280 6.16928011081664 2.64069672319380 -3.66870449944302
2026-08-06T22:29:00.000 1234.374848572180 -4506.942394313980 -4946.313134486780 6.01728101699097 4.13957933267481 -2.26589620673518
2026-08-06T22:33:00.000 2616.496406763360 -3362.611801775030 -5304.341044653780 5.43055792748541 5.33864309907070 -0.69955817053268
2026-08-06T22:37:00.000 3809.558687207420 -1975.311177117230 -5278.005061377300 4.45121068220265 6.15214385053602 0.91785587410904
2026-08-06T22:41:00.000 4727.177312894360 -445.210314857019 -4868.983956443930 3.14888989626690 6.52134326205995 2.47023136209600
2026-08-06T22:45:00.000 5302.565158983410 1117.088128975810 -4106.493794171680 1.61638721769088 6.41859510966025 3.84550682080229
2026-08-06T22:49:00.000 5493.398644847820 2598.333179140570 -3045.380871601710 -0.03633963459783 5.84971021254362 4.94342189405172
2026-08-06T22:53:00.000 5285.080004481940 3890.745385981270 -1762.396285103560 -1.68955505036459 4.85434494079686 5.68288748631699
2026-08-06T22:57:00.000 4692.061946850460 4899.931014620820 -350.788130635874 -3.22241136701682 3.50378810375730 6.00845097100188
2026-08-06T23:01:00.000 3757.033228626070 5551.952219024040 1086.443436367080 -4.52195410927890 1.89626025004230 5.89492461235956
2026-08-06T23:05:00.000 2547.940252320720 5798.989227284450 2444.181630243210 -5.49212012961258 0.14975047533862 5.35006182058529
2026-08-06T23:09:00.000 1152.960013994360 5622.985329363610 3623.099229642930 -6.06149004223135 -1.60733820764040 4.41399677973040
2026-08-06T23:13:00.000 -326.107659681183 5036.952646336170 4537.071285387150 -6.18862896970581 -3.24616714054977 3.15586535916516
2026-08-06T23:17:00.000 -1781.425527203250 4083.895642902600 5119.514713925450 -5.86491559128988 -4.64721852606693 1.66827896843965
2026-08-06T23:21:00.000 -3107.058433459390 2833.497685061720 5328.173074682240 -5.11462041197650 -5.70898551782221 0.06006834115807
2026-08-06T23:25:00.000 -4206.639790801880 1376.932189559610 5148.067609301490 -3.99268321211560 -6.35489207752096 -1.55163617513440
2026-08-06T23:29:00.000 -5000.292566141470 -179.775324103903 4592.504140635040 -2.58076920742499 -6.53848186213180 -3.04966717079084
2026-08-06T23:33:00.000 -5430.374987609310 -1723.415048308950 3702.074312724660 -0.98139960633554 -6.24667546791916 -4.32514433043082
2026-08-06T23:37:00.000 -5465.657438931550 -3141.763776391910 2541.732264726360 0.68912578626115 -5.50078646787292 -5.28517287235410
2026-08-06T23:41:00.000 -5103.648863650800 -4331.748440255800 1196.104082212480 2.30909450455895 -4.35533717085962 -5.85974389615674
2026-08-06T23:45:00.000 -4370.820177423660 -5207.012791845930 -236.686048679926 3.76038523148329 -2.89425768903704 -6.00714585791883
2026-08-06T23:49:00.000 -3320.658423077830 -5704.263778316440 -1652.258796097790 4.93743870433668 -1.22457080991800 -5.71729092737791
2026-08-06T23:53:00.000 -2029.663858373280 -5787.853718809330 -2947.690032523540 5.75521070619599 0.53183958008768 -5.01226285644746
2026-08-06T23:57:00.000 -591.650969965496 -5452.255336859070 -4029.045373953730 6.15533890002872 2.24745810228997 -3.94435249607063
2026-08-07T00:01:00.000 889.177408331221 -4722.258013086320 -4818.142204971250 6.11001928855107 3.79870368900126 -2.59163741668529
2026-08-07T00:05:00.000 2305.758467650500 -3650.962335558640 -5258.036726210030 5.62324362521325 5.07455218162891 -1.05192161003789
2026-08-07T00:09:00.000 3555.744671285250 -2315.872156651680 -5316.942358424610 4.73005726006087 5.98377919953210 0.56414525555139
2026-08-07T00:13:00.000 4548.695671552560 -813.391118174554 -4990.422618397760 3.49405808224764 6.46098007913535 2.14059421441145
2026-08-07T00:17:00.000 5212.451925678270 747.928516997622 -4301.739674094270 2.00318470229388 6.47091394362436 3.56384635264357
2026-08-07T00:21:00.000 5498.343613331760 2254.993582350780 -3300.360717546600 0.36419709492283 6.01131446923941 4.73038515417914
2026-08-07T00:25:00.000 5384.886048823320 3598.238947870800 -2058.630572781830 -1.30442803986905 5.11379914784273 5.55428922121545
2026-08-07T00:29:00.000 4879.610829316370 4679.631470197290 -666.721411035830 -2.88084658335247 3.84241371576437 5.97394929144921
2026-08-07T00:33:00.000 4018.769925225630 5420.013192249250 773.878700990799 -4.24913704967522 2.28944190992982 5.95736844697324
2026-08-07T00:37:00.000 2864.821534050490 5765.098775123640 2157.862300815100 -5.30824898253291 0.56859494315458 5.50498134625446
2026-08-07T00:41:00.000 1501.871552426580 5689.623999270820 3383.977579370580 -5.98007771612119 -1.19359042054596 4.64995291235460
2026-08-07T00:45:00.000 29.375433409840 5199.233861482240 4362.615464893480 -6.21560013523501 -2.86778758302308 3.45545236382085
2026-08-07T00:49:00.000 -1445.288366998850 4329.946130199880 5022.427017089510 -5.99814040473947 -4.33177122978920 2.00946213031851
2026-08-07T00:53:00.000 -2814.731552300070 3145.364567497910 5315.490319810040 -5.34423380632237 -5.47928208198613 0.41796910282404
2026-08-07T00:57:00.000 -3979.378884543710 1731.911612100990 5220.688899500900 -4.30198442306553 -6.22750929448754 -1.20300937982905
2026-08-07T01:01:00.000 -4854.626173262210 192.496320634678 4745.127436016890 -2.94727418297413 -6.52262788352930 -2.73567788656149
2026-08-07T01:05:00.000 -5376.905661265420 -1360.914891384610 3923.579579127960 -1.37852384494654 -6.34346456590475 -4.06862944737940
2026-08-07T01:09:00.000 -5508.294084155670 -2815.387364848550 2815.982207525160 0.29026371685516 -5.70319101185649 -5.10483789971096
2026-08-07T01:13:00.000 -5239.301875400560 -4065.219341345040 1503.114625602190 1.93756579039198 -4.64860044988169 -5.76874928081967
2026-08-07T01:17:00.000 -4589.616859293930 -5019.680218860680 80.710561959905 3.44328840726203 -3.25690194967496 -6.01210447135173
2026-08-07T01:21:00.000 -3606.671490627590 -5609.674610910140 -1347.586385621960 4.69779620850873 -1.63005355353547 -5.81768457373160
2026-08-07T01:25:00.000 -2362.103938665280 -5792.786020197630 -2677.880790090240 5.61029556472629 0.11303430791425 -5.20058507736996
2026-08-07T01:29:00.000 -946.396112674347 -5556.258321851920 -3813.652838051990 6.11546914271375 1.84567946347698 -4.20671243746571
2026-08-07T01:33:00.000 537.810805739962 -4917.723197795420 -4672.730934554650 6.17782755950336 3.44288254188826 -2.90890669066542
2026-08-07T01:37:00.000 1983.157934919240 -3923.720474515390 -5193.103538930070 5.79370508770077 4.79013359143876 -1.40126929835088
2026-08-07T01:41:00.000 3285.223291109020 -2646.221276848850 -5337.207832669570 4.99099204469927 5.79117257145691 0.20778665977043
2026-08-07T01:45:00.000 4349.853048407240 -1177.482540768930 -5094.487401243310 3.82687646086436 6.37413098107545 1.80284288324757
2026-08-07T01:49:00.000 5099.780744748460 376.417921340912 -4482.168831063560 2.38414869500791 6.49637693018191 3.26911165374973
2026-08-07T01:53:00.000 5480.166118256990 1903.009847306710 -3544.168631678140 0.76590225828354 6.14765173826073 4.50022911812225
2026-08-07T01:57:00.000 5462.693656825890 3291.407586517790 -2348.167155650840 -0.91116183016776 5.35149304694412 5.40576847092254
2026-08-07T02:01:00.000 5047.886784715420 4440.367841712360 -980.919972351392 -2.52486523500305 4.16434633954009 5.91826647100508
2026-08-07T02:05:00.000 4265.349506891810 5265.822672355650 457.959226440240 -3.95661274573713 2.67209825173898 5.99882861638295
2026-08-07T02:09:00.000 3171.780706202890 5707.262458633640 1863.332105988500 -5.10073052283794 0.98394343320638 5.64067861083217
2026-08-07T02:13:00.000 1846.831952810290 5732.352337503100 3132.391222776210 -5.87286779568141 -0.77606970641986 4.86989622674169
2026-08-07T02:17:00.000 387.174523201098 5339.353746670070 4172.350392351830 -6.21644943704858 -2.47866564118039 3.74335321016885
2026-08-07T02:21:00.000 -1100.723294417900 4557.185363792130 4907.341099368190 -6.10688781914219 -3.99933172777269 2.34419910263609
2026-08-07T02:25:00.000 -2508.486986416110 3443.120623456450 5283.931043341070 -5.55284849124353 -5.22764916647863 0.77501431070841
2026-08-07T02:29:00.000 -3733.720610776130 2078.480218999460 5274.898471262130 -4.59515934630108 -6.07482344388204 -0.84966977910275
2026-08-07T02:33:00.000 -4687.398248427860 562.661727420144 4881.117232089630 -3.30370729331426 -6.47987038834089 -2.41167054578422
2026-08-07T02:37:00.000 -5300.257965673550 -994.070961283598 4131.422471408160 -1.77231924463583 -6.41372658771877 -3.79752021988170
2026-08-07T02:41:00.000 -5527.791870839120 -2478.535069354520 3080.518987955100 -0.11225647862926 -5.88132387500608 -4.90639573080777
2026-08-07T02:45:00.000 -5353.511299905030 -3782.832070873790 1805.049302736900 1.55564969128462 -4.92154967902941 -5.65744442817056
2026-08-07T02:49:00.000 -4790.203978314950 -4812.239800705260 398.027940700840 3.10978881907427 -3.60467106168134 -5.99598766813804
2026-08-07T02:53:00.000 -3879.015978033990 -5492.175540179580 -1037.997154707430 4.43695765919001 -2.02719615734712 -5.89777328724361
2026-08-07T02:57:00.000 -2686.384017941470 -5773.650126270580 -2398.519229541040 5.44094094479566 -0.30450879294878 -5.37081250923540
2026-08-07T03:01:00.000 -1299.066599636340 -5636.751956327620 -3584.762768915300 6.04962857347717 1.43801021013631 -4.45448811012042
2026-08-07T03:05:00.000 182.289443794617 -5091.916056237740 -4510.852873950260 6.22002611908538 3.07443082160600 -3.21616222251137
2026-08-07T03:09:00.000 1650.487611207640 -4178.952544271020 -5109.911885345820 5.94076158773323 4.48731249783796 -1.74576142179924
2026-08-07T03:13:00.000 2999.436900332900 -2964.032586923950 -5338.703128728250 5.23228639941996 5.57563881630015 -0.14920914358709
2026-08-07T03:17:00.000 4131.625720622770 -1534.923138101970 -5180.602236388510 4.14521259571364 6.26144182426982 1.45893566585268
2026-08-07T03:21:00.000 4964.974404118470 5.184461706002 -4646.747597861570 2.75681551739589 6.49486957225010 2.96312722383116
2026-08-07T03:25:00.000 5438.676086296860 1544.884962598390 -3775.369525854810 1.16616779800956 6.25780740723245 4.25445067274102
2026-08-07T03:29:00.000 5517.687678623260 2972.438739785120 -2629.260781104460 -0.51230927763121 5.56569758222642 5.23837074681388
2026-08-07T03:33:00.000 5195.508492055760 4183.831162906080 -1291.466896816250 -2.15657624195846 4.46725818425592 5.84177968072827
2026-08-07T03:37:00.000 4494.945538519800 5090.485702878240 140.623725327551 -3.64602026009342 3.04169320967916 6.01912601484499
2026-08-07T03:41:00.000 3466.647190950500 5625.954279124160 1562.416953058000 -4.87076673832859 1.39308054466799 5.75637312403664
2026-08-07T03:45:00.000 2185.458477891630 5750.992283715670 2869.902859183160 -5.74040274132564 -0.35743377023876 5.07244263608891
2026-08-07T03:49:00.000 744.852954919643 5456.529924108980 3967.460255327030 -6.19110291008884 -2.08121601327901 4.01781807198355
2026-08-07T03:53:00.000 -750.063769298475 4764.278410576020 4774.971493610110 -6.19032799915462 -3.65203150307615 2.67035675341075
2026-08-07T03:57:00.000 -2190.361421118890 3724.984590798420 5233.688717263200 -5.73885784258539 -4.95564019177630 1.12906191959618
2026-08-07T04:01:00.000 -3471.258498459440 2414.559995259320 5310.401114056740 -4.87017342023268 -5.89777378783824 -0.49355244675529
2026-08-07T04:05:00.000 -4499.670736472360 928.487690892845 4999.730467638660 -3.64767383975945 -6.41052246988225 -2.07942242714412
2026-08-07T04:09:00.000 -5200.896595492450 -625.100693821708 4324.471363477080 -2.16025311694949 -6.45702874197602 -3.51325234888851
2026-08-07T04:13:00.000 -5524.011745815690 -2133.242500465870 3333.921861557120 -0.51596678711691 -6.03413069524935 -4.69079174048875
2026-08-07T04:17:00.000 -5445.571095435580 -3486.314631286010 2100.325664571860 1.16558701717506 -5.17270200876715 -5.52623749125064
2026-08-07T04:21:00.000 -4971.373212167030 -4586.023529107690 713.646953025870 2.76181451700695 -3.93575471434900 -5.95869609341780
2026-08-07T04:25:00.000 -4136.074114141810 -5352.631641337000 -725.027402429235 4.15637214796520 -2.41394280126359 -5.95697281501777
2026-08-07T04:29:00.000 -3000.611426011810 -5730.808265790640 -2110.952377191830 5.24798645275520 -0.71868829819717 -5.52197465923104
2026-08-07T04:33:00.000 -1647.638049953520 -5693.603063997360 -3343.452724466360 5.95808173160726 1.02646204380429 -4.68641629600134
2026-08-07T04:37:00.000 -175.369829843329 -5244.237464206230 -4333.250249851230 6.23625955607551 2.69518998548732 -3.51188753435317
2026-08-07T04:41:00.000 1309.599423577470 -4415.660137557990 -5008.834713853270 6.06342504503025 4.16755655331371 -2.08389383732080
2026-08-07T04:45:00.000 2699.948920533240 -3268.001876764490 -5321.454349176110 5.45255494103845 5.33825344047078 -0.50543195009791
2026-08-07T04:49:00.000 3895.204520536810 -1884.206898878720 -5248.461178530210 4.44735299959789 6.12349912659171 1.11019474019606
2026-08-07T04:53:00.000 4808.788827553860 -364.184839047253 -4794.885674147920 3.11930607057856 6.46650300931256 2.64693453707114
2026-08-07T04:57:00.000 5374.166948713710 1182.180037593240 -3993.154588201660 1.56303078469521 6.34143587321152 3.99381631246357
2026-08-07T05:01:00.000 5549.698406532840 2642.757202221780 -2900.965607150710 -0.10973913502300 5.75565829051268 5.05247569209435
2026-08-07T05:05:00.000 5321.874327587540 3911.226158772390 -1597.364226642020 -1.77769895716994 4.75006095260978 5.74454369965429
2026-08-07T05:09:00.000 4706.581616204130 4894.903549026950 -177.160718641882 -3.31870951842662 3.39681583932828 6.01795073418593
2026-08-07T05:13:00.000 3748.185435369050 5521.722147697590 1255.976140116170 -4.61917195102952 1.79451928088646 5.85151206879965
2026-08-07T05:17:00.000 2516.370484531720 5745.732319196690 2597.226250839710 -5.58308487977122 0.06079980396474 5.25692071323145
2026-08-07T05:21:00.000 1100.983791824620 5550.589342761580 3748.474234377660 -6.13953350022947 -1.67688411246311 4.27799067543091
2026-08-07T05:25:00.000 -394.685931264973 4950.727443457070 4625.638493707320 -6.24810389544412 -3.29114775329581 2.98703519452496
2026-08-07T05:29:00.000 -1861.610047828870 3990.171127702000 5164.847647920850 -5.90158404850821 -4.66436020743108 1.47904117050736
2026-08-07T05:33:00.000 -3193.029504348630 2739.138183372730 5327.016042364030 -5.12589201582114 -5.69711699294625 -0.13573664564510
2026-08-07T05:37:00.000 -4292.176852154990 1288.825829444580 5100.556554055200 -3.97782205064733 -6.31499481865014 -1.73977244791748
2026-08-07T05:41:00.000 -5079.211609598670 -255.221464066054 4502.131020064860 -2.54080577514560 -6.47351447260869 -3.21653849205542
2026-08-07T05:45:00.000 -5496.964576601270 -1780.713278089200 3575.441362177170 -0.91925451592151 -6.16133915579769 -4.45858855491212
2026-08-07T05:49:00.000 -5515.112529020990 -3176.750540491610 2388.086181767110 0.76889104716906 -5.40134188176753 -5.37545993382646
2026-08-07T05:53:00.000 -5132.419195117510 -4341.899374353250 1026.659681518680 2.40064003354966 -4.24909261304746 -5.90031272970144
2026-08-07T05:57:00.000 -4376.870937101270 -5191.628904299410 -409.575028594785 3.85701041827206 -2.78902430640465 -5.99512532899868
2026-08-07T06:01:00.000 -3303.612013753830 -5664.521892729670 -1816.013519016850 5.03211692114147 -1.12807201105940 -5.65367900802303
2026-08-07T06:05:00.000 -1990.814082406120 -5726.717320446290 -3090.429218161290 5.84114774140860 0.61254323276634 -4.90183757986054
2026-08-07T06:09:00.000 -533.841637210257 -5374.237136997650 -4140.446560833760 6.22645940520481 2.30660364981533 -3.79522714886927
2026-08-07T06:13:00.000 961.759646571772 -4633.061684067670 -4890.167275878710 6.16126606267292 3.83216936141008 -2.41461535882161
2026-08-07T06:17:00.000 2387.870236024470 -3557.063539548450 -5285.489740022430 5.65092661795293 5.08005709220892 -0.85975187820690
2026-08-07T06:21:00.000 3641.450383117690 -2224.056264443850 -5297.830531934730 4.73212103073251 5.96103503270090 0.75768651408550
2026-08-07T06:25:00.000 4631.771287512900 -730.278382814143 -4926.088002591390 3.47017672804924 6.41162146070898 2.32163198849505
2026-08-07T06:29:00.000 5286.821155047990 816.328468261576 -4196.781987789490 1.95493252685970 6.39839288650406 3.71926571537695
2026-08-07T06:33:00.000 5558.527271381180 2303.708969666850 -3162.335522171810 0.29493344084405 5.92077200445836 4.84882725496942
2026-08-07T06:37:00.000 5426.408225761130 3623.695149605260 -1897.525724211260 -1.38972816449937 5.01168442622642 5.62697326399531
2026-08-07T06:41:00.000 4899.348363970970 4679.919256924660 -494.246210805509 -2.97596342921653 3.73605331640702 5.99540402925277
2026-08-07T06:45:00.000 4015.206100054680 5395.034457033630 945.139437147123 -4.34696985161064 2.18654874111493 5.92583015129568
2026-08-07T06:49:00.000 2838.186079838340 5716.611610171880 2315.378418310330 -5.40148264547195 0.47681104832675 5.42268580641462
2026-08-07T06:53:00.000 1454.106196426160 5621.136071905540 3516.221696636370 -6.06184042307889 -1.26744345442031 4.52295119597876
2026-08-07T06:57:00.000 -36.024026113412 5115.735151803580 4459.922539083560 -6.27989069901188 -2.91825061645268 3.29311172363901
2026-08-07T07:01:00.000 -1523.541002086660 4237.536170097810 5077.703693802800 -6.04031792073799 -4.35511240514581 1.82371179448300
2026-08-07T07:05:00.000 -2900.136744034450 3050.793805975130 5324.727587729770 -5.36130730679335 -5.47385019970238 0.22240219053826
2026-08-07T07:09:00.000 -4065.729156428330 1642.072015233240 5183.233673661470 -4.29273895457850 -6.19376399625708 -1.39417075182986
2026-08-07T07:13:00.000 -4935.649455133100 113.921419392724 4663.721888345290 -2.91239723122059 -6.46309052137162 -2.90854327503821
2026-08-07T07:17:00.000 -5446.710585191470 -1422.525970056800 3804.152437639130 -1.32047023115953 -6.26249040364885 -4.21067700021228
2026-08-07T07:21:00.000 -5561.789073027410 -2855.562044002820 2667.225531914060 0.36729048760103 -5.60661140932804 -5.20570610121275
2026-08-07T07:25:00.000 -5272.588350264740 -4081.033314125970 1335.862194868680 2.02789936582431 -4.54341699194729 -5.82106458769719
2026-08-07T07:29:00.000 -4600.285683898410 -5009.984329089230 -92.852528660668 3.54027280583539 -3.15081320213615 -6.01206279756080
2026-08-07T07:33:00.000 -3593.973746020580 -5575.190690175960 -1514.825104066670 4.79434919868217 -1.53084431659560 -5.76536106669014
2026-08-07T07:37:00.000 -2326.986743890560 -5736.048603196170 -2826.640044928430 5.69943638982174 0.19813947245365 -5.09986631951118
2026-08-07T07:41:00.000 -891.426841315686 -5481.417149217930 -3933.140971113990 6.19076521294799 1.91052816447976 -4.06500570435491
2026-08-07T07:45:00.000 608.640049450016 -4830.229628403880 -4754.299164763640 6.23391501182920 3.48285043072977 -2.73653517949332
2026-08-07T07:49:00.000 2064.727738356810 -3829.914264594140 -5230.847148728180 5.82657395544453 4.80247244614175 -1.21063235523085
2026-08-07T07:53:00.000 3371.632436887540 -2552.869852382540 -5328.366314473690 4.99818340560706 5.77507496494501 0.40301975784242
2026-08-07T07:57:00.000 4434.820930207210 -1091.309474520560 -5039.644674469910 3.80771746299459 6.33076576072503 1.98864065489629
2026-08-07T08:01:00.000 5177.087666635730 449.196986330200 -4385.219561560100 2.33982103801971 6.42877647675516 3.43206344897377
2026-08-07T08:05:00.000 5544.102832854050 1957.111883328570 -3412.063483183540 0.69947434001172 6.06052697585149 4.62843185109518
2026-08-07T08:09:00.000 5508.499070972860 3322.860621249160 -2190.443875570960 -0.99489977992420 5.25100966951525 5.48970419078563
2026-08-07T08:13:00.000 5072.122158549960 4446.820652555980 -809.034285613709 -2.61976776661578 4.05776594547546 5.95159435656155
2026-08-07T08:17:00.000 4266.162874270230 5246.742009550960 631.470386481806 -4.05568468964399 2.56720989453324 5.97893586640292
2026-08-07T08:21:00.000 3149.051215727660 5663.988310192550 2025.775636490800 -5.19662075787902 0.88846894185817 5.56889529523910
2026-08-07T08:25:00.000 1802.191316035860 5668.013069902220 3271.867402410160 -5.95843410553554 -0.85504444175099 4.75147286822212
2026-08-07T08:29:00.000 323.877730886416 5258.641217695140 4278.655262082460 -6.28540006633339 -2.53530605467435 3.58706465385297
2026-08-07T08:33:00.000 -1178.056047550310 4465.988881108850 4972.715902038240 -6.15418468054140 -4.02951618379946 2.16150027721060
2026-08-07T08:37:00.000 -2594.212035725920 3348.099061577040 5303.616213334910 -5.57507316744038 -5.22914810314011 0.57931175060734
2026-08-07T08:41:00.000 -3821.597082633540 1986.567613908450 5247.482456683800 -4.59076299737493 -6.04758631173828 -1.04408076131465
2026-08-07T08:45:00.000 -4771.040233160220 480.550423784553 4808.616226930490 -3.27302970901047 -6.42593186963214 -2.59067634430962
2026-08-07T08:49:00.000 -5373.588771155850 -1060.410352256700 4019.127483981120 -1.71759116385636 -6.33704164675229 -3.94811120567070
2026-08-07T08:53:00.000 -5585.479719039520 -2524.287534598910 2936.614901443110 -0.03741836026240 -5.78750571579466 -5.01760067573327
2026-08-07T08:57:00.000 -5391.355841321520 -3804.686369125890 1640.024002485190 1.64515960236528 -4.81742737449533 -5.72117661527790
2026-08-07T09:01:00.000 -4805.452714449280 -4808.620471447160 223.905049577128 3.20741933249705 -3.49781421086903 -6.00760542209532
2026-08-07T09:05:00.000 -3870.571245987220 -5463.366007482440 -1208.533817387020 4.53556206551756 -1.92542448996761 -5.85646422277310
2026-08-07T09:09:00.000 -2654.879338205760 -5721.777590828630 -2553.062543704360 5.53333346208908 -0.21526553849379 -5.27967881811710
2026-08-07T09:13:00.000 -1246.806669090370 -5565.624808900140 -3712.095697023650 6.12915873821270 1.50825348090001 -4.32026555402008
2026-08-07T09:17:00.000 251.513118412856 -5006.727336370550 -4601.753301536790 6.28100871887767 3.12067413546487 -3.04862752359646
2026-08-07T09:21:00.000 1731.667158699100 -4085.888984094440 -5157.800275171720 5.97881200957562 4.50631270871450 -1.55703696680888
2026-08-07T09:25:00.000 3086.704111612650 -2869.823528597000 -5340.102540872150 5.24464534294612 5.56614217141626 0.04714893694550
2026-08-07T09:29:00.000 4218.654284494310 -1446.360505237490 -5135.367269097940 4.13084444962952 6.22416546673099 1.64885130047147
2026-08-07T09:33:00.000 5045.413469576110 81.710836580727 -4558.088489447560 2.71657668585380 6.43243755199889 3.13287786471542
2026-08-07T09:37:00.000 5506.609727451700 1603.831227631180 -3649.645157460910 1.10280738913147 6.17460033545799 4.39167319694656
2026-08-07T09:41:00.000 5568.077524323020 3009.498429776840 -2475.548676056920 -0.59425965914428 5.46761401008500 5.33292365765219
2026-08-07T09:45:00.000 5224.582145716070 4196.258997631990 -1120.924210014730 -2.25115744256305 4.36131036268592 5.88657781874512
2026-08-07T09:49:00.000 4500.503557010170 5077.311880332210 315.557821186656 -3.74617556462780 2.93562178506871 6.01067051625514
2026-08-07T09:53:00.000 3448.242989120860 5588.102547285930 1728.942600377180 -4.96905852563912 1.29479364112117 5.69519070674015
2026-08-07T09:57:00.000 2144.415233528590 5691.223337821090 3015.833232358650 -5.82960593254987 -0.44066364387866 4.96305941133662
2026-08-07T10:01:00.000 684.155530116690 5379.219755076290 4082.129670825080 -6.26468032589508 -2.14326966074124 3.86830960769092
2026-08-07T10:05:00.000 -825.994144729914 4675.084675409250 4850.019081324290 -6.24292277303340 -3.68840592750048 2.49170739075059
2026-08-07T10:09:00.000 -2275.998222794360 3630.426944562050 5263.652651767740 -5.76665739071481 -4.96369529025755 0.93431845803876
2026-08-07T10:13:00.000 -3560.370594042120 2321.546256244790 5293.113462004690 -4.87116470321645 -5.87693528650430 -0.69015139662802
2026-08-07T10:17:00.000 -4585.782138529010 843.805883707064 4936.478476840870 -3.62183790842668 -6.36236572934325 -2.26352132814146
2026-08-07T10:21:00.000 -5277.759014047630 -695.285592635681 4219.886244807090 -2.10947663059739 -6.38512167743183 -3.67150446593537
2026-08-07T10:25:00.000 -5586.041737856160 -2183.827800014680 3195.630936181090 -0.44388782415497 -5.94370615065320 -4.81169170217896
2026-08-07T10:29:00.000 -5488.261649138570 -3513.627764034430 1938.419678622640 1.25367516687238 -5.07039254176281 -5.60093298903088
2026-08-07T10:33:00.000 -4991.635160604460 -4588.102312381870 539.933179403554 2.85949354584206 -3.82906710546520 -5.98180653748364
2026-08-07T10:37:00.000 -4132.447513139420 -5329.357551178690 -897.894309368462 4.25654518920136 -2.31065012509370 -5.92685209296633
2026-08-07T10:41:00.000 -2973.375310162620 -5683.912989422190 -2270.390965765670 5.34336475523519 -0.62634021533288 -5.44089543670145
2026-08-07T10:45:00.000 -1598.782145512030 -5626.539571260390 -3477.882906014470 6.04178411393711 1.10116539749912 -4.56038191140727
2026-08-07T10:49:00.000 -108.436735363147 -5161.911263799060 -4432.931528348960 6.30229352776960 2.74692206152957 -3.35011479649508
2026-08-07T10:53:00.000 1389.771711201600 -4324.056108405360 -5066.553820652640 6.10705150942654 4.19269253576881 -1.89809666986191
2026-08-07T10:57:00.000 2787.566990063050 -3173.749062363560 -5333.024296199710 5.47059182601520 5.33506728438718 -0.30897704474033
2026-08-07T11:01:00.000 3983.923733104960 -1794.108557116220 -5213.014216960500 4.43841537996376 6.09227989483941 1.30318838236672
2026-08-07T11:05:00.000 4892.154254035870 -284.739590372488 -4714.931997604920 3.08386687247665 6.40946680075213 2.82257768423287
2026-08-07T11:09:00.000 5446.069338888130 1245.220407070610 -3874.425890816430 1.50351103918030 6.26257523707402 4.13931055377977
2026-08-07T11:13:00.000 5604.834183113880 2684.798182158790 -2752.033289700710 -0.18909703595664 5.66056873747221 5.15710996851075
2026-08-07T11:17:00.000 5356.149791060000 3929.171208392670 -1429.039574914540 -1.87110108432552 4.64557535942557 5.80048826096178
2026-08-07T11:21:00.000 4717.437433693420 4887.404627062130 -1.715791082676 -3.41926559720192 3.29057544696005 6.02095466476125
2026-08-07T11:25:00.000 3734.791239036210 5489.298222804300 1425.712648863490 -4.71942272026744 1.69434801493518 5.80121361880618
2026-08-07T11:29:00.000 2479.706141452710 5690.755790225640 2748.827723429450 -5.67555949535683 -0.02578170899104 5.15704973412648
2026-08-07T11:33:00.000 1043.737703598250 5477.121217964400 3870.870886077200 -6.21754515203213 -1.74345124044488 4.13599982705977
2026-08-07T11:37:00.000 -468.349111298516 4864.183116750710 4709.922711300380 -6.30607572520866 -3.33290940588752 2.81337317336771
2026-08-07T11:41:00.000 -1946.344022135920 3896.893276213020 5204.900580024730 -5.93530260913549 -4.67837719342045 1.28636691275132
2026-08-07T11:45:00.000 -3282.681277223550 2645.943570929690 5319.943299061530 -5.13290667881312 -5.68241780938996 -0.33337823420379
2026-08-07T11:49:00.000 -4380.235254518910 1202.516090692330 5046.892985444680 -3.95760882962558 -6.27266962136761 -1.92801058584884
2026-08-07T11:53:00.000 -5159.281199194990 -328.349874575018 4405.804584846530 -2.49485418084946 -6.40667513806237 -3.38165585636223
2026-08-07T11:57:00.000 -5563.231281730730 -1835.334800630660 3443.482811623770 -0.85087024561770 -6.07489825730872 -4.58859213780297
2026-08-07T12:01:00.000 -5562.755392884770 -3208.891527150370 2230.122248306530 0.85474756925882 -5.30159578407830 -5.46083148796372
2026-08-07T12:05:00.000 -5157.983363209380 -4349.231821982230 854.222424310074 2.49763704862607 -4.14338399932178 -5.93482651272711
2026-08-07T12:09:00.000 -4378.520409118430 -5173.654121294870 -583.912062244378 3.95809131870120 -2.68513231318155 -5.97636219107608
2026-08-07T12:13:00.000 -3281.245941900500 -5622.594299723940 -1979.561094300010 5.12994630867920 -1.03358058306055 -5.58309916883028
2026-08-07T12:17:00.000 -1946.072558792170 -5663.936918472320 -3231.311028529100 5.92865558348541 0.69077225152998 -4.78470912441662
2026-08-07T12:21:00.000 -469.974649344237 -5295.209872171110 -4248.462216515450 6.29737344164486 2.36295726680914 -3.64015347850120
2026-08-07T12:25:00.000 1040.134049661390 -4543.548456167810 -4957.517653574270 6.21052032532469 3.86268894230528 -2.23286517907977
2026-08-07T12:29:00.000 2475.094822240460 -3463.556473394130 -5307.315625919990 5.67497525260787 5.08263141917949 -0.66442189019935
2026-08-07T12:33:00.000 3731.224889334430 -2133.319145297080 -5272.548022374820 4.72918061656033 5.93551832826148 0.95255234813192
2026-08-07T12:37:00.000 4717.593904897790 -648.870854540325 -4855.506532731150 3.44036388102803 6.35986349629446 2.50196839431932
2026-08-07T12:41:00.000 5362.446377291440 882.517956101313 -4085.986035653760 1.90026155718325 6.32408779751603 3.87199980578180
2026-08-07T12:45:00.000 5618.419799965190 2349.872624671000 -3019.340067769400 0.21929592483030 5.82919653936231 4.96276022061181
2026-08-07T12:49:00.000 5466.167680582400 3646.457264300210 -1732.719117290900 -1.48083767722509 4.90942952081096 5.69365659849994
2026-08-07T12:53:00.000 4916.048282555960 4677.599210389850 -319.648057218294 -3.07581908285443 3.63058668421559 6.00979367045362
2026-08-07T12:57:00.000 4007.626254669390 5367.799990608730 1116.763898497090 -4.44819670307660 2.08568871442102 5.88680901281885
2026-08-07T13:01:00.000 2806.893185084820 5666.477443552730 2471.476574275490 -5.49664503304391 0.38802881851249 5.33311911797030
2026-08-07T13:05:00.000 1401.407470295750 5551.814687690010 3645.389084770080 -6.14397251808497 -1.33756642032552 4.38949945929487
2026-08-07T13:09:00.000 -106.269358031701 5032.352942009080 4552.757231924410 -6.34311042729051 -2.96459183156021 3.12566523379577
2026-08-07T13:13:00.000 -1606.228486384310 4146.227523975790 5127.480560083530 -6.08016312784242 -4.37445820906425 1.63452245740739
2026-08-07T13:17:00.000 -2989.273863506400 2958.227366079050 5327.847086791020 -5.37486972844459 -5.46493430382713 0.02514254170888
2026-08-07T13:21:00.000 -4154.841192452600 1554.987119950850 5139.472442181760 -4.27895805603898 -6.15728092468298 -1.58520604029479
2026-08-07T13:25:00.000 -5018.245099612150 38.655278414264 4576.254659099510 -2.87219023694571 -6.40167381370899 -3.07949887861028
2026-08-07T13:29:00.000 -5516.755343004730 -1480.485713289920 3679.335109164440 -1.25672647018749 -6.18056749787223 -4.34905960891132
2026-08-07T13:33:00.000 -5614.161902034210 -2891.981342687970 2514.145612278770 0.44990413445253 -5.51012602912905 -5.30139498372547
2026-08-07T13:37:00.000 -5303.464722691030 -4093.246390868760 1165.676596989300 2.12331928339161 -4.43942103506970 -5.86704587336843
2026-08-07T13:41:00.000 -4607.422193359980 -4997.098908710830 -267.736429504150 3.64146049785947 -3.04695057187777 -6.00501058436961
2026-08-07T13:45:00.000 -3576.873474907770 -5538.162368426290 -1681.677237294690 4.89389932192283 -1.43475421797932 -5.70591400509332
2026-08-07T13:49:00.000 -2286.918055571870 -5677.603658648980 -2973.348221727670 5.79013412458896 0.27943280879100 -4.99249548019159
2026-08-07T13:53:00.000 -831.312355955382 -5405.838839895940 -4049.089507787300 6.26611332723330 1.97115420114470 -3.91762156694072
2026-08-07T13:57:00.000 684.444068829425 -4743.030479533550 -4831.124855756130 6.28853074652698 3.51849019722832 -2.55988216317384
2026-08-07T14:01:00.000 2150.746167506430 -3737.429321770370 -5263.025957904930 5.85656879488375 4.81062553405553 -1.01747823734200
2026-08-07T14:05:00.000 3461.660421959290 -2461.800197654210 -5313.593637807880 5.00139581447618 5.75520562602715 0.59876171818814
2026-08-07T14:09:00.000 4522.358766056870 -1008.245418957090 -4978.997102730780 3.78386668281422 6.28432168303730 2.17287575298132
2026-08-07T14:13:00.000 5255.798944859750 518.238922189457 -4283.084634751610 2.29055047435297 6.35907228248856 3.59144057549605
2026-08-07T14:17:00.000 5608.270743754500 2007.121023148220 -3275.850947168360 0.62827993869379 5.97258683768727 4.75128384884248
2026-08-07T14:21:00.000 5553.450139021680 3350.201954269050 -2030.064762894020 -1.08286782902843 5.15119909909200 5.56699245206751
2026-08-07T14:25:00.000 5094.582277305230 4449.502570372460 -636.184606681379 -2.71806513051234 3.95334312993146 5.97756974570508
2026-08-07T14:29:00.000 4264.513771773840 5224.577829501070 804.157644081197 -4.15704884346895 2.46587417054632 5.95160821012214
2026-08-07T14:33:00.000 3123.453600139610 5618.634870237930 2185.671384984430 -5.29360770891697 0.79776868806408 5.49029581773010
2026-08-07T14:37:00.000 1754.551068779270 5602.849589268460 3407.296513189830 -6.04402273208041 -0.92841419650709 4.62744939518732
2026-08-07T14:41:00.000 257.692723020058 5178.499617218020 4379.755111144300 -6.35342505051385 -2.58599737463545 3.42678151512881
2026-08-07T14:45:00.000 -1257.960213429860 4376.782024175620 5032.152964387040 -6.19981030042683 -4.05393231981982 1.97672620581326
2026-08-07T14:49:00.000 -2682.038897859000 3256.362184247380 5317.101563079840 -5.59506956588959 -5.22572641050113 0.38347208683273
2026-08-07T14:53:00.000 -3910.976062455360 1898.971600460450 5214.045212083290 -4.58359781312130 -6.01671871993859 -1.23689980924864
2026-08-07T14:57:00.000 -4855.457566978840 403.451516173328 4730.666268565090 -3.23907922367144 -6.36985023345462 -2.76653948955759
2026-08-07T15:01:00.000 -5446.858548555090 -1121.407403487450 3902.300436708580 -1.65919611123518 -6.25974154346604 -4.09423095706563
2026-08-07T15:05:00.000 -5642.207723013580 -2564.724605797110 2789.385661682120 0.04118654010761 -5.69450058756770 -5.12326978286512
2026-08-07T15:09:00.000 -5427.360395306490 -3821.581631951060 1473.102309995120 1.73817992077644 -4.71545604226893 -5.77859041490993
2026-08-07T15:13:00.000 -4818.082654962400 -4800.711717815410 49.455427039983 3.30797348141732 -3.39435840212589 -6.01254539249334
2026-08-07T15:17:00.000 -3858.906084694000 -5431.213634148650 -1377.805727276470 4.63622673110089 -1.82809650791944 -5.80866508026028
2026-08-07T15:21:00.000 -2619.776211586310 -5667.720348717200 -2704.857216913440 5.62679822372028 -0.13116855992116 -5.18274099344751
2026-08-07T15:25:00.000 -1190.819728269070 -5493.593565804440 -3835.409831053610 6.20866946590070 1.57303390318465 -4.18132446795770
2026-08-07T15:29:00.000 324.322050991943 -4921.949847929300 -4687.670204897750 6.34083924893780 3.16147397603334 -2.87782954082763
2026-08-07T15:33:00.000 1816.029200521990 -3994.505622629120 -5200.123707460700 6.01467485452374 4.52023505710962 -1.36675762446913
2026-08-07T15:37:00.000 3176.520482191660 -2778.442821079850 -5335.786852369350 5.25396242447234 5.55220046208886 0.24317647262241
2026-08-07T15:41:00.000 4307.432761332300 -1361.587707530230 -5084.730154464440 4.11292209425787 6.18337250575276 1.83649668665786
2026-08-07T15:45:00.000 5126.725707708240 153.745568774166 -4464.790823792070 2.67264195444268 6.36771707972279 3.29857674773158
2026-08-07T15:49:00.000 5574.546889532180 1657.906921400800 -3520.439335744980 1.03595116881436 6.09055399954252 4.52336630071504
2026-08-07T15:53:00.000 5617.688223193190 3041.674173864000 -2319.819436260660 -0.67918126967598 5.37027058411213 5.42087747496403
2026-08-07T15:57:00.000 5252.259501682130 4204.185240965820 -950.026640993403 -2.34789479031552 4.25783140673485 5.92424524294738
2026-08-07T16:01:00.000 4504.244496926290 5060.425714442710 489.142982655726 -3.84768034889111 2.83360099400424 5.99525011225107
2026-08-07T16:05:00.000 3427.798364316830 5547.660270068970 1892.526316823340 -5.06784850121185 1.20173164561608 5.62777715247646
2026-08-07T16:09:00.000 2101.319271527040 5630.222964207880 3157.460976777660 -5.91842545702037 -0.51785011548418 4.84864958527487
2026-08-07T16:13:00.000 621.588374345500 5302.184591694450 4191.477821661220 -6.33715533261706 -2.19889666374405 3.71538985317406
2026-08-07T16:17:00.000 -903.463373769502 4587.698480145420 4919.143588255100 -6.29388170780296 -3.71853066185469 2.31148473953485
2026-08-07T16:21:00.000 -2362.733820164550 3539.098279594990 5287.548067598800 -5.79245966027851 -4.96624929457508 0.73993583520406
2026-08-07T16:25:00.000 -3650.075807847190 2232.932089051410 5270.062795629920 -4.86994481114681 -5.85193028036827 -0.88462259482934
2026-08-07T16:29:00.000 -4671.926676937810 764.326091623761 4868.147628420540 -3.59353336890343 -6.31171276766363 -2.44410507014272
2026-08-07T16:33:00.000 -5354.028025868870 -759.873300963882 4111.203886117500 -2.05596915026441 -6.31240715628684 -3.82511824505572
2026-08-07T16:37:00.000 -5646.812561942260 -2228.820351748320 3054.468008262520 -0.36903531926903 -5.85410411510199 -4.92709014849559
2026-08-07T16:41:00.000 -5529.038584836410 -3535.719716146370 1775.023786049070 1.34441219030711 -4.97030340396769 -5.66965594245602
2026-08-07T16:45:00.000 -5009.392084647250 -4585.633051961850 366.193774605076 2.95938539304010 -3.72573562965146 -5.99873779362511
2026-08-07T16:49:00.000 -4125.875435633070 -5302.464244662330 -1069.322019993760 4.35814555439739 -2.21170855275147 -5.89080338676131
2026-08-07T16:53:00.000 -2942.957431338910 -5634.530360772730 -2427.045254659940 5.43926293980786 -0.53902159616146 -5.35459918099463
2026-08-07T16:57:00.000 -1546.735483177650 -5558.242917964340 -3608.399315727440 6.12503504943148 1.17050436568002 -4.43020177737971
2026-08-07T17:01:00.000 -38.539228772156 -5079.647328649340 -4527.860954734410 6.36690194673608 2.79327339532298 -3.18554751739760
2026-08-07T17:05:00.000 1472.458570149080 -4233.776489484380 -5119.034449547200 6.14837517298358 4.21274157343602 -1.71107190495995
2026-08-07T17:09:00.000 2877.059568653100 -3081.974215996450 -5339.265392291370 5.48563164373716 5.32740603553657 -0.11300330976010
2026-08-07T17:13:00.000 4073.739510637900 -1707.463558989700 -5172.561730005690 4.42604793383625 6.05744876019274 1.49396853967914
2026-08-07T17:17:00.000 4975.777574845800 -209.483313090469 -4630.703456095020 3.04493003595270 6.34996010909432 2.99438238759584
2026-08-07T17:21:00.000 5517.414548587600 1303.641906287000 -3752.506154990850 1.44073617353026 6.18262898666469 4.27967625285206
2026-08-07T17:25:00.000 5658.684239599720 2722.138187405740 -2601.256289472660 -0.27123397923269 5.56589230276956 5.25572833699218
2026-08-07T17:29:00.000 5388.548266135100 3942.693715759480 -1260.372552189060 -1.96662227387233 4.54297926672545 5.85000529659167
2026-08-07T17:33:00.000 4726.006420692040 4876.102623121810 172.527094458436 -3.52108518261178 3.18758780516001 6.01760592815305
2026-08-07T17:37:00.000 3718.916952691820 5454.001405216010 1592.792393366940 -4.82005688227717 1.59861560777615 5.74524454038884
2026-08-07T17:41:00.000 2440.558299080970 5634.062064754200 2896.533912025430 -5.76767600575994 -0.10726474683040 5.05255868074544
2026-08-07T17:45:00.000 984.190890860283 5403.194572993990 3988.410700600360 -6.29437638553628 -1.80468648253777 3.99066510616178
2026-08-07T17:49:00.000 -543.930520645556 4778.455500355340 4788.729570297630 -6.36206760781353 -3.36942256181912 2.63792579963905
2026-08-07T17:53:00.000 -2032.449120559740 3805.645343811750 5239.252152452770 -5.96648258264265 -4.68760564841535 1.09360738890197
2026-08-07T17:57:00.000 -3373.048132078510 2555.832102353010 5307.346615201530 -5.13702254079254 -5.66379527138152 -0.52946900022341
2026-08-07T18:01:00.000 -4468.287666454860 1120.088179968100 4988.261587906180 -3.93430372471887 -6.22766899162229 -2.11321349335395
2026-08-07T18:05:00.000 -5238.584978396980 -397.126251639764 4305.386266429170 -2.44567464236452 -6.33860281099549 -3.54255432657312
2026-08-07T18:09:00.000 -5627.955878579260 -1885.476569762600 3308.558849009780 -0.77929684031289 -5.98860630872055 -4.71347307355200
2026-08-07T18:13:00.000 -5608.124673772190 -3236.744213014900 2070.492198195330 0.94348012808207 -5.20326566525889 -5.54057367042967
2026-08-07T18:17:00.000 -5180.636216448540 -4352.741790531310 681.492096299454 2.59703838087955 -4.04008427056796 -5.96357020946058
2026-08-07T18:21:00.000 -4376.771387247950 -5152.525342253330 -757.166191280327 4.06076804195065 -2.58437794510929 -5.95195980074047
2026-08-07T18:25:00.000 -3255.220131921960 -5578.338092619710 -2140.727447978280 5.22834180030701 -0.94279436070510 -5.50740510955381
2026-08-07T18:29:00.000 -1897.664320555350 -5599.761049151520 -3368.679668467150 6.01564866580116 0.76497365589357 -4.66330988338240
2026-08-07T18:33:00.000 -402.695300559922 -5215.766246019070 -4352.068699748430 6.36669231123319 2.41522223347596 -3.48192093459162
2026-08-07T18:37:00.000 1121.415715695570 -4454.582498866670 -5019.853403084520 6.25717801460340 3.88930817894909 -2.04925946490316
2026-08-07T18:41:00.000 2564.496588895780 -3371.483960012560 -5323.852601870050 5.69556275850407 5.08175391494795 -0.46867609705596
2026-08-07T18:45:00.000 3822.259200431190 -2044.767050731990 -5242.055290865490 4.72209040983936 5.90723188609982 1.14635215939136
2026-08-07T18:49:00.000 4803.622988006360 -570.218657984127 -4780.142315114560 3.40598003921243 6.30613588529426 2.67982093829361
2026-08-07T18:53:00.000 5437.168476759130 945.585423416453 -3971.160422089580 1.84097853898568 6.24871456478780 4.02098141193947
2026-08-07T18:57:00.000 5676.329621923850 2392.774378601540 -2873.337723167700 0.13931507214972 5.73752003260311 5.07197775551068
2026-08-07T19:01:00.000 5502.962714292390 3666.042453827730 -1566.121394032490 -1.57572986469540 4.80796993460875 5.75497942504667
2026-08-07T19:05:00.000 4928.972167381120 4672.389384551680 -144.586970262562 -3.17861027283130 3.52668845911240 6.01853216607959
2026-08-07T19:09:00.000 3995.696974952870 5338.128846148090 1287.493858510270 -4.55121909381941 1.98701608421263 5.84218850955993
2026-08-07T19:13:00.000 2770.978254073370 5614.495485759930 2625.383055505830 -5.59227251853117 0.30194041726075 5.23841922561214
2026-08-07T19:17:00.000 1344.135161031500 5481.332202919540 3771.223625570930 -6.22523882614433 -1.40469592774580 4.25171090936404
2026-08-07T19:21:00.000 -180.717151531755 4948.541783766880 4641.337773011680 -6.40409534140609 -3.00785691387310 2.95492252972847
2026-08-07T19:25:00.000 -1692.417436966540 4055.229835498050 5172.365458904460 -6.11643315530107 -4.39071613416349 1.44338130138194
2026-08-07T19:29:00.000 -3080.928147267620 2866.702481608980 5325.800467285130 -5.38388275811619 -5.45305842818274 -0.17242616625801
2026-08-07T19:33:00.000 -4245.307436721630 1469.613908847590 5090.673508095950 -4.26010392039076 -6.11821866829369 -1.77486509922810
2026-08-07T19:37:00.000 -5100.958024889140 -34.353140333343 4484.278140533450 -2.82682195550401 -6.33833505130738 -3.24745715497284
2026-08-07T19:41:00.000 -5585.707722253920 -1535.827905134480 3550.896388018290 -1.18812058229599 -6.09759053272600 -4.48309708959568
2026-08-07T19:45:00.000 -5664.341731798200 -2925.648909861990 2358.614927076010 0.53678570298881 -5.41358809375837 -5.39174458734859
2026-08-07T19:49:00.000 -5331.223421704910 -4102.813752152150 994.396777201041 2.22213047113269 -4.33635638764025 -5.90714611196792
2026-08-07T19:53:00.000 -4610.750086656550 -4981.897748208690 -442.283296160848 3.74498980987418 -2.94487631768378 -5.99196952623581
2026-08-07T19:57:00.000 -3555.545826937870 -5499.334961812800 -1846.777577262020 4.99457615252274 -1.34115604173909 -5.64073297210667
2026-08-07T20:01:00.000 -2242.506098366160 -5618.023257433210 -3116.999920319110 5.88066469052105 0.35772470803483 -4.88005374460613
2026-08-07T20:05:00.000 -767.049137389033 -5329.882554405370 -4160.881885823910 6.34002206238609 2.02851411082780 -3.76619772324517
2026-08-07T20:09:00.000 763.910473249715 -4656.238886239830 -4902.974527339000 6.34055378490375 3.55090397355906 -2.38046753050274
2026-08-07T20:13:00.000 2239.678239217170 -3646.089214921770 -5289.734530756750 5.88293592577009 4.81590971679159 -0.82298090981240
2026-08-07T20:17:00.000 3553.620344235570 -2372.496447630650 -5293.203095682540 5.00008118848984 5.73306040206278 0.79439278063276
2026-08-07T20:21:00.000 4610.650943644470 -927.408640289654 -4912.931463774160 3.75476731266854 6.23632172232394 2.35556051666205
2026-08-07T20:25:00.000 5333.946564679440 584.771092651671 -4176.069234078870 2.23560719560859 6.28856754844351 3.74791423445054
2026-08-07T20:29:00.000 5670.503577312320 2054.515952708990 -3135.595382785060 0.55139183592716 5.88456695295699 4.87010897542932
2026-08-07T20:33:00.000 5595.132405602520 3374.985881923740 -1866.716822242690 -1.17619689754497 5.05192011110373 5.63939621308232
2026-08-07T20:37:00.000 5112.564063365610 4449.814442734670 -461.617282345260 -2.82101581737594 3.84992790749053 5.99805058226075
2026-08-07T20:41:00.000 4257.392817731280 5200.325369356160 977.200890910569 -4.26197649065141 2.36584730201546 5.91847913531210
2026-08-07T20:45:00.000 3091.698800766870 5571.525572642720 2344.524302960490 -5.39267532819121 0.70850658325447 5.40589253533078
2026-08-07T20:49:00.000 1700.469089396710 5536.286443098280 3540.323362280780 -6.12986625732050 -1.00024439399306 4.49797552929087
2026-08-07T20:53:00.000 185.232520725139 5097.339009740220 4477.228137037920 -6.41980311345577 -2.63506625525242 3.26180531517281
2026-08-07T20:57:00.000 -1343.518098591930 4286.949600996240 5086.961775829910 -6.24191012795237 -4.07669426125158 1.78834800741276
2026-08-07T21:01:00.000 -2774.459013623670 3164.409105427350 5325.256823731350 -5.60980682170362 -5.22051987419072 0.18546143030674
2026-08-07T21:05:00.000 -4003.528965018100 1811.607731804180 5174.971994665600 -4.56997719968019 -5.98392751374826 -1.43005127671828
2026-08-07T21:09:00.000 -4941.422733605380 327.041523805547 4647.233522428300 -3.19813587605877 -6.31191990721814 -2.94079363101456
2026-08-07T21:13:00.000 -5520.000108075200 -1181.305174365460 3780.604806611300 -1.59393526297214 -6.18091654494010 -4.23688769553435
2026-08-07T21:17:00.000 -5697.232352540800 -2603.760162358420 2638.312107453630 0.12596186867593 -5.60054624731915 -5.22392854152641
2026-08-07T21:21:00.000 -5460.310958887640 -3836.935979345120 1303.676340012360 1.83622009896258 -4.61328702888050 -5.82994381337559
2026-08-07T21:25:00.000 -4826.623286054770 -4791.309682826280 -125.973754782957 3.41210813428415 -3.29150394338600 -6.01092532398430
2026-08-07T21:29:00.000 -3842.478070867400 -5397.805173832200 -1546.470372864290 4.73889280535416 -1.73213300329864 -5.75427654805085
2026-08-07T21:33:00.000 -2579.632429421070 -5612.822200604640 -2854.509345547310 5.72057339969646 -0.04915163546062 -5.07968906483533
2026-08-07T21:37:00.000 -1129.913608232810 -5421.293080173900 -3955.223915946020 6.28689118934445 1.63516892283778 -4.03726283807141
2026-08-07T21:41:00.000 401.570510854122 -4837.576236298990 -4769.015640002280 6.39799719700318 3.19936535612827 -2.70327114802209
2026-08-07T21:45:00.000 1904.047491497700 -3904.221873303310 -5237.160054966840 6.04672861701941 4.53133138650407 -1.17429673511638
2026-08-07T21:49:00.000 3268.964797447790 -2688.792460302840 -5325.854227907120 5.25854490873667 5.53587872076524 0.43977656109964
2026-08-07T21:53:00.000 4397.608289485250 -1279.040493023530 -5028.527320613390 4.08951070010264 6.14085565386856 2.02315594287705
2026-08-07T21:57:00.000 5208.049913021590 223.227732577378 -4366.343030436550 2.62270715471226 6.30199582185663 3.46180976916988
2026-08-07T22:01:00.000 5641.032907280230 1709.278574780970 -3386.842653959210 0.96297202945473 6.00625442553829 4.65123280132007
2026-08-07T22:05:00.000 5664.402670260780 3071.176200820190 -2160.751721724450 -0.76996759986133 5.27342248198549 5.50395266406651
2026-08-07T22:09:00.000 5275.694746731020 4209.626984247580 -777.049222496929 -2.44992025179726 4.15538327224643 5.95634773841166
2026-08-07T22:13:00.000 4502.586366076630 5041.344603175260 663.414605033225 -3.95346695083400 2.73294244018319 5.97383293622658
2026-08-07T22:17:00.000 3401.085505632730 5505.376955266750 2055.337830258470 -5.16954578984495 1.11023469448182 5.55426549682005
2026-08-07T22:21:00.000 2051.451136397520 5567.764299036500 3296.876015035250 -6.00848992167762 -0.59344557215864 4.72838540836914
2026-08-07T22:25:00.000 552.182662341036 5224.062070764160 4297.268938562880 -6.40888974467217 -2.25301576834816 3.55718695184914
2026-08-07T22:29:00.000 -987.344115552182 4499.584475617350 4983.556814804880 -6.34204297389194 -3.74716786253156 2.12699765459463
2026-08-07T22:33:00.000 -2454.976581302540 3447.392817605010 5305.864664438080 -5.81354786235914 -4.96736385362467 0.54262853636606
2026-08-07T22:37:00.000 -3743.950165106640 2144.293291048850 5240.920833068420 -4.86236612072661 -5.82539800564007 -1.08037416781343
2026-08-07T22:41:00.000 -4760.581244484970 685.206381236276 4793.655695387610 -3.55789555255704 -6.25940757777794 -2.62394634182494
2026-08-07T22:45:00.000 -5431.008550209520 -823.715409652220 3996.791440092670 -1.99491996854600 -6.23818103934093 -3.97591280479150
2026-08-07T22:49:00.000 -5706.524997532070 -2272.744590273400 2908.478135460120 -0.28708167066817 -5.76336934219600 -5.03782818756921
2026-08-07T22:53:00.000 -5567.166271242010 -3556.543730013560 1608.104573269330 1.44122156234907 -4.86972633834540 -5.73226364479338
2026-08-07T22:57:00.000 -5023.206793460010 -4581.875991218230 190.516602277973 3.06393811143207 -3.62274536601168 -6.00867957387388
2026-08-07T23:01:00.000 -4114.429188986410 -5274.461296930820 -1240.962608326820 4.46280907416219 -2.11389825407330 -5.84744989963802
2026-08-07T23:05:00.000 -2907.143977178030 -5584.400674966750 -2582.179071961550 5.53642750036029 -0.45357903390866 -5.26126290966296
2026-08-07T23:09:00.000 -1489.208633106750 -5489.728588444570 -3735.796693447580 6.20773429378128 1.23733637161576 -4.29383768857522
2026-08-07T23:13:00.000 36.503871124350 -4997.823395930280 -4618.345478645690 6.42932356470075 2.83670713477200 -3.01619012306665
2026-08-07T23:17:00.000 1559.598445329160 -4144.648196841040 -5166.121799369900 6.18616124282094 4.22984470459770 -1.52096780894861
2026-08-07T23:21:00.000 2970.021752953930 -2992.023138112740 -5339.592171770660 5.49606083574025 5.31714702280882 0.08422626568788
2026-08-07T23:25:00.000 4165.814303108130 -1623.190315158920 -5126.107659099350 4.40823111797674 6.02068652253643 1.68424091609850
2026-08-07T23:29:00.000 5060.270553476250 -136.968866495450 -4540.795110391800 2.99990555404957 6.28930603601216 3.16403206169403
2026-08-07T23:33:00.000 5588.122114385400 1359.140834253300 -3625.612896347530 1.37155687123745 6.10232482118527 4.41633366233736
2026-08-07T23:37:00.000 5710.367704108110 2756.561351542320 -2446.562155756620 -0.35962055475786 5.47161509724935 5.34929421069479
2026-08-07T23:41:00.000 5417.351147613580 3953.487037600200 -1089.129870198990 -2.06773420938317 4.44154938730840 5.89348024420383
2026-08-07T23:45:00.000 4729.747042853100 4862.432100262170 347.825466743830 -3.62754350319861 3.08639764334222 6.00769700219099
2026-08-07T23:49:00.000 3697.250375281710 5416.816237410460 1759.325980103090 -4.92400302372634 1.50506110562892 5.68254875696817
2026-08-07T23:53:00.000 2395.022566686130 5576.040354001110 3042.104973719120 -5.86141107607195 -0.18626891077448 4.94164521932379
2026-08-07T23:57:00.000 918.081331956970 5328.552060616830 4102.358553049900 -6.37103748410640 -1.86334297590464 3.83967090757435
2026-08-08T00:01:00.000 -625.811278017376 4692.621598582070 4862.708380007790 -6.41601743027338 -3.40345171817729 2.45789385841230
2026-08-08T00:05:00.000 -2124.137050611680 3714.869027226420 5267.846508521990 -5.99376309554482 -4.69451694683153 0.89776756841228
2026-08-08T00:09:00.000 -3467.866288089530 2466.717457841880 5288.469662961980 -5.13566590452426 -5.64312758388871 -0.72680914240214
2026-08-08T00:13:00.000 -4559.329615133620 1039.114412645880 4923.284508787820 -3.90438642269864 -6.18089631051274 -2.29768437219816
2026-08-08T00:17:00.000 -5319.224850648420 -464.057830578700 4199.046231371370 -2.38945798896016 -6.26907299227345 -3.70065550566413
2026-08-08T00:21:00.000 -5692.350930760510 -1933.486613444410 3168.621195264010 -0.70098106992296 -5.90143749142979 -4.83363696570083
2026-08-08T00:25:00.000 -5651.634868983980 -3262.351158579990 1907.176925216790 1.03812676865670 -5.10490142089498 -5.61403162478188
2026-08-08T00:29:00.000 -5200.160257572230 -4354.121325512940 506.720127388537 2.70104229232817 -3.93780952394216 -5.98501485301586
2026-08-08T00:33:00.000 -4370.970030358500 -5129.647758797000 -930.659146574214 4.16651678677935 -2.48576715288067 -5.91994724752617
2026-08-08T00:37:00.000 -3224.598593660460 -5532.968009993450 -2300.334984991850 5.32817825908840 -0.85512385136646 -5.42444382984400
2026-08-08T00:41:00.000 -1844.513291992810 -5535.315643003230 -3502.850623008780 6.10244270267946 0.83529762629626 -4.53562351551123
2026-08-08T00:45:00.000 -330.902867576783 -5137.041563813090 -4451.140264481540 6.43432180583532 2.46319104194693 -3.31890476109110
2026-08-08T00:49:00.000 1206.647567117720 -4367.380266387050 -5076.729426265760 6.30089177994291 3.91158914892311 -1.86278905549264
2026-08-08T00:53:00.000 2657.027150605300 -3282.174758898690 -5334.493666538370 5.71230555473420 5.07695854243159 -0.27216548633175
2026-08-08T00:57:00.000 3915.426051001540 -1959.826003185750 -5205.731117583080 4.71059415450026 5.87586548412311 1.33887244437172
2026-08-08T01:01:00.000 4890.687035941890 -495.779810976247 -4699.478011770770 3.36688703607461 6.25050906881140 2.85457834133278
2026-08-08T01:05:00.000 5511.776558116670 1004.138711880230 -3851.965091319540 1.77686335194449 6.17273702430686 4.16534786303506
2026-08-08T01:09:00.000 5732.980330352300 2431.171575209750 -2724.232331289260 0.05469157056228 5.64653140001138 5.17530631934905
2026-08-08T01:13:00.000 5537.446941817860 3681.445662215410 -1397.947833697000 -1.67468968007357 4.70850818569995 5.80955054216359
2026-08-08T01:17:00.000 4938.708096860280 4663.625722312070 30.382244290175 -3.28460610566228 3.42599821790391 6.02023061566599
2026-08-08T01:21:00.000 3979.930552921670 5305.793976271750 1456.468413900980 -4.65642973922432 1.89249371859698 5.79083838436013
2026-08-08T01:25:00.000 2730.832338512660 5560.917439032340 2776.005168803760 -5.68897319738986 0.22052482621175 5.13776861488371
2026-08-08T01:29:00.000 1282.522211280620 5410.395954395070 3892.475668730560 -6.30632760926082 -1.46703421840049 4.10911030589935
2026-08-08T01:33:00.000 -259.313240889561 4865.413307835410 4724.350799697270 -6.46368023762108 -3.04649709621780 2.78082638249130
2026-08-08T01:37:00.000 -1782.286309848830 3965.968817704020 5211.069644553220 -6.15021030721118 -4.40287620820253 1.25049493598731
2026-08-08T01:41:00.000 -3175.536046631790 2777.806049106320 5317.357741289760 -5.38934850963689 -5.43788572400524 -0.37001672308858
2026-08-08T01:45:00.000 -4337.766052113170 1387.545132196740 5035.692932115670 -4.23683716190214 -6.07684534100400 -1.96271709936082
2026-08-08T01:49:00.000 -5184.533001854550 -103.629989535699 4386.763950727910 -2.77651748628314 -6.27375099006687 -3.41187990052859
2026-08-08T01:53:00.000 -5654.319545490570 -1587.270384303870 3417.954272915870 -1.11450675159462 -6.01445924111760 -4.61209876207828
2026-08-08T01:57:00.000 -5713.019153059900 -2955.508462043560 2199.936305317210 0.62825619810590 -5.31797158501786 -5.47589504691585
2026-08-08T02:01:00.000 -5356.472030803910 -4108.926581438980 821.554133186910 2.32469040386562 -4.23531294714884 -5.94031183632347
2026-08-08T02:05:00.000 -4610.803680729040 -4963.858212092500 -616.694223826979 3.85110356004386 -2.84590348722242 -5.97181675486005
2026-08-08T02:09:00.000 -3530.476011653140 -5458.526085487300 -2010.076386407350 5.09655564466051 -1.25155381312745 -5.56887562163258
2026-08-08T02:13:00.000 -2194.197075733870 -5557.501147599450 -3257.350951272100 5.97118709430420 0.43139448729305 -4.76187354909738
2026-08-08T02:17:00.000 -699.042230221592 -5254.136772672800 -4268.153749503870 6.41267889379027 2.08095674628767 -3.61041301245883
2026-08-08T02:21:00.000 846.685068894711 -4570.836480693670 -4969.456371351320 6.39023220987196 3.57847458915980 -2.19839433752712
2026-08-08T02:25:00.000 2331.245880424370 -3557.256168619950 -5310.663177796220 5.90608950299697 4.81678103937793 -0.62774013033433
2026-08-08T02:29:00.000 3647.372510973810 -2286.668038537100 -5267.092130232020 4.99500604561135 5.70732128777393 0.98879910244005
2026-08-08T02:33:00.000 4699.800139552550 -850.777822092991 -4841.659615462490 3.72168229770806 6.18587641066337 2.53522904379072
2026-08-08T02:37:00.000 5411.992401473940 646.672981554899 -4064.755982054980 2.17668627563105 6.21699805800669 3.89989758638935
2026-08-08T02:41:00.000 5731.694929821230 2097.193312499350 -2992.261936005040 0.47069040548938 5.79686687884040 4.98329690421284
2026-08-08T02:45:00.000 5634.912354877850 3395.289204609640 -1701.756418085880 -1.27281435211907 4.95429595746702 5.70528649512291
2026-08-08T02:49:00.000 5127.955064937010 4446.202069819630 -287.056171064025 -2.92636980674646 3.74948003930689 6.01165461936547
2026-08-08T02:53:00.000 4247.229537780710 5173.008596521870 1148.606844732500 -4.36825731548887 2.26997888498122 5.87874140899538
2026-08-08T02:57:00.000 3056.702253010560 5522.462238124460 2500.241830449190 -5.49205857823476 0.62428114527801 5.31569618787492
2026-08-08T03:01:00.000 1643.185865487570 5469.039548940920 3668.967812247270 -6.21506491246236 -1.06661268749065 4.36395064526524
2026-08-08T03:05:00.000 109.839274800077 5016.812556465620 4569.400428487840 -6.48459422095332 -2.67866610151787 3.09377438397129
2026-08-08T03:09:00.000 -1431.527510488760 4199.031287550810 5135.943999632450 -6.28162643434457 -4.09432185815566 1.59867482698516
2026-08-08T03:13:00.000 -2868.692355285920 3075.519004602500 5327.494523433410 -5.62164581912979 -5.21095841320063 -0.01203227834039
2026-08-08T03:17:00.000 -4097.148096355940 1728.219174221840 5130.306806512690 -4.55303985109401 -5.94792377021999 -1.62102049103891
2026-08-08T03:21:00.000 -5027.623217673430 255.222745482712 4558.927010705330 -3.15363628855173 -6.25210231964924 -3.11127173137107
2026-08-08T03:25:00.000 -5592.521220013050 -1236.331928894980 3655.105914861660 -1.52514222382336 -6.10165731829251 -4.37444916164780
2026-08-08T03:29:00.000 -5750.815140222890 -2638.000233888350 2484.779192915340 0.21402591783615 -5.50764384553740 -5.31855471661008
2026-08-08T03:33:00.000 -5491.079922302660 -3847.914038578330 1133.312091667330 1.93709206628956 -4.51353596489458 -5.87472207182202
2026-08-08T03:37:00.000 -4832.382527085620 -4778.258541565010 -300.742873924987 3.51836697729893 -3.19224971044429 -6.00264530505870
2026-08-08T03:41:00.000 -3822.865131640650 -5361.727215843530 -1712.918221036870 4.84277846383201 -1.64068246765801 -5.69366175623492
2026-08-08T03:45:00.000 -2536.127030929090 -5556.411839425620 -3000.551073189130 5.81459718533959 0.02780407624462 -4.97131665110134
2026-08-08T03:49:00.000 -1065.706923938240 -5348.720102936960 -4070.293498088330 6.36434943790946 1.69209633155714 -3.88912161859191
2026-08-08T03:53:00.000 481.817011740669 -4754.161301004280 -4844.814632528420 6.45341384060460 3.23226690264878 -2.52614343402767
2026-08-08T03:57:00.000 1994.538279484750 -3816.032361880150 -5268.229290972140 6.07616188728500 4.53800466378318 -0.98091901316353
2026-08-08T04:01:00.000 3363.162181864990 -2602.203265914450 -5309.943028066420 5.25978874299082 5.51596114093901 0.63554354806322
2026-08-08T04:05:00.000 4488.677832808590 -1200.293682892070 -4966.757626499690 4.06233406255204 6.09581775887483 2.20723733274615
2026-08-08T04:09:00.000 5289.344635604500 288.455473229895 -4263.134705599450 2.56888461746673 6.23503811406683 3.62095276035502
2026-08-08T04:13:00.000 5706.566042400090 1756.262208322480 -3249.615683967840 0.88622376502762 5.92207669668276 4.77383054938945
2026-08-08T04:17:00.000 5709.296432885470 3096.473555501040 -1999.426181044100 -0.86416582274452 5.17795071694209 5.58090372767077
2026-08-08T04:21:00.000 5296.571734406120 4211.332375695880 -603.359754574798 -2.55459671698277 4.05545706409294 5.98175112860773
2026-08-08T04:25:00.000 4497.870078845040 5019.272206536010 836.776051859476 -4.06073610311343 2.63595760062534 5.94571506238454
2026-08-08T04:29:00.000 3371.108881173160 5461.106223701900 2215.696345302050 -5.27148077382629 1.02338320466289 5.47469302875953
2026-08-08T04:33:00.000 1998.407946935770 5504.519877947180 3432.511465503470 -6.09758714382357 -0.66371621743610 4.60321185479655
2026-08-08T04:37:00.000 479.957300290111 5146.481038497020 4398.286495552220 -6.47867331981267 -2.30147252646528 3.39565804389259
2026-08-08T04:41:00.000 -1073.481901218380 4413.367225315250 5042.613447896250 -6.38750381378631 -3.77024389954417 1.94100897622723
2026-08-08T04:45:00.000 -2548.764396609950 3358.865271294410 5318.701164377000 -5.83146376428710 -4.96343489245945 0.34581374998222
2026-08-08T04:49:00.000 -3838.592886060620 2059.931045567260 5206.656579153830 -4.85154374374867 -5.79485364950773 -1.27368125986632
2026-08-08T04:53:00.000 -4849.234362085420 611.155190645039 4714.824459141110 -3.51909723283236 -6.20454866534399 -2.79976833910281
2026-08-08T04:57:00.000 -5507.255494928290 -882.063459259246 3879.162037461210 -1.93097585470926 -6.16298587183779 -4.12142838403218
2026-08-08T05:01:00.000 -5764.860690334090 -2311.146113994300 2760.649487126710 -0.20267870318666 -5.67337034315471 -5.14243532164038
2026-08-08T05:05:00.000 -5603.394444656310 -3572.221970719800 1440.874271421500 1.53990882502852 -4.77153431731106 -5.78835058706126
2026-08-08T05:09:00.000 -5034.754035787490 -4573.726225441050 16.088485152208 3.16966145512765 -3.52359883367180 -6.01222572186827
2026-08-08T05:13:00.000 -4100.526975481110 -5243.134641874860 -1409.884537980130 4.56787483166161 -2.02109689394574 -5.79831858982036
2026-08-08T05:17:00.000 -2868.866517862040 -5532.253374610820 -2733.323481135350 5.63327309901562 -0.37393274677508 -5.16318186541997
2026-08-08T05:21:00.000 -1429.372598044870 -5420.629454006290 -3858.221919397980 6.28947428925033 1.29811410891584 -4.15406621485092
2026-08-08T05:25:00.000 113.551321009991 -4916.843717835640 -4703.215172816280 6.49015399256878 2.87435798525412 -2.84490041869911
2026-08-08T05:29:00.000 1648.284837973830 -4057.683472942890 -5207.319487158300 6.22174058271868 4.24178988468445 -1.33052294070266
2026-08-08T05:33:00.000 3063.941008429170 -2905.367763438560 -5334.143215331550 5.50381043460799 5.30265996855283 0.28017098483390
2026-08-08T05:37:00.000 4258.162574155530 -1543.091454851880 -5074.376334281160 4.38743573074302 5.98086050186994 1.87165704605505
2026-08-08T05:41:00.000 5144.314841794070 -69.205839062742 -4446.472820158900 2.95189660196595 6.22694506869178 3.32937945415604
2026-08-08T05:45:00.000 5657.691324130140 1409.661668835140 -3495.479162664960 1.29964424854762 6.02185205008089 4.54758249175468
2026-08-08T05:49:00.000 5760.304177080330 2786.154177285550 -2290.017981318320 -0.45032389081136 5.37873267821991 5.43675976494289
2026-08-08T05:53:00.000 5443.910663474440 3959.955142780130 -917.537454689956 -2.17063834075180 4.34287908636769 5.93061321325860
2026-08-08T05:57:00.000 4730.903851747910 4845.233462509420 521.957662225315 -3.73499154632986 2.98905933548834 5.99156902653457
2026-08-08T06:01:00.000 3672.879018580190 5377.140269542520 1923.264993983640 -5.02796396630520 1.41625979594924 5.61425048575435
2026-08-08T06:05:00.000 2346.894198441220 5516.746096214210 3183.856152621560 -5.95419896468901 -0.25993495886103 4.82618696224434
2026-08-08T06:09:00.000 849.719707884842 5253.956717019110 4211.561460995070 -6.44583012310932 -1.91639127227771 3.68557662082621
2026-08-08T06:13:00.000 -709.406060851346 4608.179652940940 4931.401786652540 -6.46740194309115 -3.43194646183018 2.27649557933348
2026-08-08T06:17:00.000 -2216.871379989090 3626.760559510970 5291.046113303580 -6.01809022948018 -4.69640190951053 0.70237302258157
2026-08-08T06:21:00.000 -3563.000158447150 2381.376012996610 5264.514649955110 -5.13121743130307 -5.61833547605199 -0.92196855904818
2026-08-08T06:25:00.000 -4649.958584651700 962.755956166730 4853.946196320730 -3.87152880936931 -6.13130693517275 -2.47841931161689
2026-08-08T06:29:00.000 -5398.772503218370 -525.890628710910 4089.385850998600 -2.33051822838539 -6.19834875383403 -3.85389165663450
2026-08-08T06:33:00.000 -5755.029632391090 -1976.305005734100 3026.624994864600 -0.62021142275937 -5.81466692765456 -4.94821483566779
2026-08-08T06:37:00.000 -5692.888869233810 -3283.038887117020 1743.190417485250 1.13479409749482 -5.00837787107412 -5.68158031892020
2026-08-08T06:41:00.000 -5217.009927191360 -4351.175435736180 332.694976249890 2.80649061486698 -3.83860038721362 -6.00061716938343
2026-08-08T06:45:00.000 -4362.226848614280 -5103.299892255180 -1102.049678131210 4.27304197047873 -2.39115871128752 -5.88254199169882
2026-08-08T06:49:00.000 -3190.934239650700 -5485.162258180870 -2456.631404854820 5.42806871471191 -0.77200758562797 -5.33684430401072
2026-08-08T06:53:00.000 -1788.401851977030 -5469.556127858410 -3632.711662026240 6.18848406130279 0.90088823287515 -4.40428986908350
2026-08-08T06:57:00.000 -256.429554448609 -5058.129187347940 -4545.166608577770 6.50039102978248 2.50656025601252 -3.15343408121142
2026-08-08T07:01:00.000 1294.095763704350 -4281.042787375720 -5128.119977212690 6.34229172074275 3.92974391052719 -1.67509989419280
2026-08-08T07:05:00.000 2751.128577034540 -3194.644522317500 -5339.508217696050 5.72599541955252 5.06869734576207 -0.07571542184476
2026-08-08T07:09:00.000 4009.355577836290 -1877.402334058060 -5163.956791568410 4.69545252112455 5.84183144375270 1.52998174117425
2026-08-08T07:13:00.000 4977.590577937750 -424.393505285328 -4613.862395239810 3.32379549759094 6.19310114571596 3.02659571637673
2026-08-08T07:17:00.000 5585.258119033790 1059.325267942270 -3728.626491500340 1.70876298446080 6.09593725430089 4.30575553322320
2026-08-08T07:21:00.000 5787.585383716400 2466.127004993760 -2572.053232987380 -0.03355879471534 5.55574660022214 5.27372977121974
2026-08-08T07:25:00.000 5569.083634273310 3693.577992577800 -1227.959471826130 -1.77666179101363 4.61025348643933 5.85859322545852
2026-08-08T07:29:00.000 4944.968199048070 4651.991752933100 205.799636659293 -3.39279980717344 3.32741162358738 6.01612216518382
2026-08-08T07:33:00.000 3960.277261232770 5271.182969957540 1624.494518995540 -4.76282715220929 1.80078959049471 5.73370932626501
2026-08-08T07:37:00.000 2686.660067654830 5505.811260556220 2924.331855165590 -5.78561993051364 0.14250578143391 5.03175442795648
2026-08-08T07:41:00.000 1217.050829593460 5338.802253026060 4010.245401645830 -6.38608465524658 -1.52556188549235 3.96206918212478
2026-08-08T07:45:00.000 -341.301777055915 4782.555322987000 4802.963700272170 -6.52071821889442 -3.08125758398086 2.60356702234725
2026-08-08T07:49:00.000 -1874.804098344510 3877.898024395820 5244.799230752510 -6.18039335693489 -4.41128767885753 1.05603435038993
2026-08-08T07:53:00.000 -3271.843270158200 2690.955576616280 5303.770576689560 -5.39056344685890 -5.41937805638384 -0.56745193537988
2026-08-08T07:57:00.000 -4430.863231018530 1308.244929473530 4975.803409994030 -4.20903501195444 -6.03282472449180 -2.14878122985706
2026-08-08T08:01:00.000 -5267.658635163590 -169.610654310742 4284.951614979320 -2.72173274382330 -6.20746401893341 -3.57304374549166
2026-08-08T08:05:00.000 -5721.435084351750 -1635.143850425250 3281.645614511490 -1.03668042214325 -5.93077834657989 -4.73664608701232
2026-08-08T08:09:00.000 -5759.241286907230 -2981.809730461080 2039.068103713650 0.72347389129644 -5.22297757581402 -5.55476095955311
2026-08-08T08:13:00.000 -5378.441665107260 -4111.756376651340 647.850452680563 2.43033375027034 -4.13590745001166 -5.96775476247861
2026-08-08T08:17:00.000 -4606.937937860840 -4943.027543065790 -790.577212334367 3.95943433781171 -2.74934865639810 -5.94586876402083
2026-08-08T08:21:00.000 -3501.081496755820 -5415.576952369670 -2171.482690184610 5.19966623796718 -1.16492323087780 -5.49150673945574
2026-08-08T08:25:00.000 -2141.434253495940 -5495.593715854760 -3394.557692704340 6.06164121558428 0.50179306728177 -4.63882586112625
2026-08-08T08:29:00.000 -626.748426730969 -5177.798806923900 -4371.217931703160 6.48400302625475 2.13009917743193 -3.45067401590037
2026-08-08T08:33:00.000 933.273011490500 -4485.618289397340 -5030.917047762950 6.43731299821832 3.60290134261224 -2.01354350924181
2026-08-08T08:37:00.000 2425.868576328330 -3469.323684914560 -5326.064242694920 5.92555081762689 4.81485701506728 -0.43106416144843
2026-08-08T08:41:00.000 3743.179272245100 -2202.356784905260 -5235.277381688280 4.98532140127320 5.67925440978770 1.18321782397012
2026-08-08T08:45:00.000 4789.814508225400 -776.157786886868 -4764.863664762070 3.68335862384134 6.13366240819466 2.71337987459229
2026-08-08T08:49:00.000 5489.609522483370 706.214838359289 -3948.464967691980 2.11229784991470 6.14429585710404 4.04885214437590
2026-08-08T08:53:00.000 5791.167579426460 2137.326601701780 -2844.847627319410 0.38478297228864 5.70879437093304 5.09209206697914
2026-08-08T08:57:00.000 5671.791285143980 3413.055682592150 -1533.893728157720 -1.37402733858551 4.85709229113020 5.76580605379054
2026-08-08T09:01:00.000 5139.447629340040 4440.243677070570 -110.968138520567 -3.03539099811336 3.65019836542317 6.01922541839872
2026-08-08T09:05:00.000 4232.427174676770 5143.709354772560 1320.046649567140 -4.47699609917563 2.17597069438408 5.83266018553452
2026-08-08T09:09:00.000 3016.645696851000 5471.939857506530 2654.481272889860 -5.59246846828194 0.54252689155326 5.21932726158358
2026-08-08T09:13:00.000 1580.780598432230 5400.982320196140 3794.719967745970 -6.29974553920290 -1.13007950207204 4.22439979456569
2026-08-08T09:17:00.000 29.632914057228 4936.197780453430 4657.481526943020 -6.54735504668834 -2.71921296742936 2.92132974396509
2026-08-08T09:21:00.000 -1523.691201951390 4111.749243102670 5179.932826694660 -6.31790210476295 -4.10899418634669 1.40594211521877
2026-08-08T09:25:00.000 -2966.099551472060 2987.947794468020 5324.195790366180 -5.62880697309057 -5.19868180103810 -0.21093618693942
2026-08-08T09:29:00.000 -4192.712993839720 1646.754093499340 5079.988477849510 -4.53063117651190 -5.90963890872148 -1.81155087882922
2026-08-08T09:33:00.000 -5114.408158311320 185.799436119495 4465.282468683430 -3.10332286752466 -6.19065881077135 -3.27959893568003
2026-08-08T09:37:00.000 -5664.228013608350 -1288.662929647920 3524.970270047050 -1.45056312134803 -6.02153889363890 -4.50835440779627
2026-08-08T09:41:00.000 -5802.238355890160 -2669.437937531990 2327.648554150680 0.30742987053582 -5.41473032019077 -5.40823121681341
2026-08-08T09:45:00.000 -5518.499901706740 -3856.194752873090 960.650496175727 2.04249922303959 -4.41465948121066 -5.91368863160269
2026-08-08T09:49:00.000 -4833.824625223010 -4762.813024302920 -476.352583810322 3.62811434792824 -3.09461639224703 -5.98810131146934
2026-08-08T09:53:00.000 -3798.249220119640 -5323.717478280610 -1878.689826026290 4.94885987349242 -1.55143484027385 -5.62674265661013
2026-08-08T09:57:00.000 -2487.264953851140 -5498.648771469420 -3144.438302295290 5.90934679199537 0.10216599647849 -4.85699921667070
2026-08-08T10:01:00.000 -996.155115140079 -5275.443730193450 -4181.866447092900 6.44097885609205 1.74624280988649 -3.73580141557173
2026-08-08T10:05:00.000 567.022440595678 -4670.713677196570 -4916.001067737870 6.50644946531753 3.26238969657708 -2.34494845002012
2026-08-08T10:09:00.000 2089.239374345640 -3728.462392547350 -5293.874246591100 6.10177241478062 4.54204101145690 -0.78489502488779
2026-08-08T10:13:00.000 3460.508298302040 -2516.833788714320 -5288.167067073380 5.25606902834061 5.49371055524615 0.83231852452464
2026-08-08T10:17:00.000 4581.601018121070 -1123.274608914470 -4899.082585348410 4.02938349427623 6.04889303279230 2.39064034937262
2026-08-08T10:21:00.000 5371.050090677030 351.563824242738 -4154.393315926870 2.50889937374378 6.16672431732820 3.77767136476712
2026-08-08T10:25:00.000 5771.034632023350 1800.877576732740 -3107.636823135390 0.80342644168157 5.83719512597118 4.89237329159909
2026-08-08T10:29:00.000 5751.739961412780 3119.323132074230 -1834.493046487510 -0.96378223317150 5.08254716222501 5.65243920100136
2026-08-08T10:33:00.000 5313.812232734050 4210.710188251760 -427.478132118692 -2.66371009552363 3.95646042970690 6.00086789248872
2026-08-08T10:37:00.000 4488.585642676720 4995.180409081440 1010.758422004790 -4.17126745823359 2.54058732774875 5.91083754207566
2026-08-08T10:41:00.000 3335.958757181320 5415.282397815780 2375.039621789320 -5.37515955912925 0.93880159944368 5.38834658045970
2026-08-08T10:45:00.000 1939.963271634650 5440.335611950080 3565.564729192180 -6.18685643012393 -0.73119228537046 4.47183777755061
2026-08-08T10:49:00.000 402.474597328717 5068.661686126020 4495.345964902830 -6.54709420591600 -2.34694301729607 3.22893506821321
2026-08-08T10:53:00.000 -1164.368985179010 4327.615871590260 5096.615755380650 -6.43010053701056 -3.79047401223548 1.75112492197115
2026-08-08T10:57:00.000 -2646.446368739030 3271.451503030920 5325.728480715010 -5.84514874355870 -4.95697864022027 0.14663405508850
2026-08-08T11:01:00.000 -3935.968288505730 1977.239185835360 5166.214816386060 -4.83531892391940 -5.76220060463909 -1.46765341819141
2026-08-08T11:05:00.000 -4939.226236199630 539.221761259299 4629.880950388780 -3.47417651636465 -6.14810514491765 -2.97437827907806
2026-08-08T11:09:00.000 -5583.330812670370 -937.997468123616 3755.923942553640 -1.86062307506195 -6.08692116016532 -4.26399642774630
2026-08-08T11:13:00.000 -5821.490463447650 -2347.012570284230 2608.109236486650 -0.11198104702267 -5.58323047153301 -5.24254811752775
2026-08-08T11:17:00.000 -5636.470477344950 -3585.420204764140 1270.169785965990 1.64427776407286 -4.67394765282612 -5.83868760277796
2026-08-08T11:21:00.000 -5041.896243964530 -4563.327721248690 -160.327375492240 3.28009155176689 -3.42575428613471 -6.00920674720421
2026-08-08T11:25:00.000 -4081.240551251970 -5209.941185647100 -1579.163456994770 4.67633692283564 -1.93015010062020 -5.74224347812754
2026-08-08T11:29:00.000 -2824.577570059580 -5478.732632311770 -2883.161597727000 5.73190696698072 -0.29651623090769 -5.05826375237126
2026-08-08T11:33:00.000 -1363.309542813350 -5350.722843511330 -3977.759948661780 6.37120019935426 1.35642555381280 -4.00804015549562
2026-08-08T11:37:00.000 196.602032193848 -4835.663379802090 -4783.815243813290 6.54914488614814 2.90944741401162 -2.66841440029638
2026-08-08T11:41:00.000 1742.324331713750 -3971.128132166000 -5243.164820928530 6.25376952100471 4.25123840142616 -1.13630563895790
2026-08-08T11:45:00.000 3162.177237703660 -2819.701206671340 -5322.637364976830 5.50653080554094 5.28585464288113 0.47816377847165
2026-08-08T11:49:00.000 4353.484777847770 -1464.502642359480 -5016.329265057300 4.36055850728211 5.93904654652073 2.05916195628463
2026-08-08T11:53:00.000 5229.792430908860 -3.369771532039 -4346.050456180220 2.89720481987070 6.16311618080210 3.49284943049534
2026-08-08T11:57:00.000 5727.069255899480 1457.973334481460 -3359.925057755990 1.22098014577770 5.94051371670286 4.67506742044164
2026-08-08T12:01:00.000 5808.478501212140 2813.414405826650 -2129.158209471310 -0.54727985986269 5.28569829561741 5.51883511021990
2026-08-08T12:05:00.000 5467.320677091540 3964.150864375330 -743.084216168221 -2.27876983736416 4.24489278943228 5.96109151351761
2026-08-08T12:09:00.000 4727.816517057240 4826.040591829720 697.259617569713 -3.84630502235405 2.89335093630661 5.96810985310318
2026-08-08T12:13:00.000 3643.516893344650 5335.964055410030 2086.592683243580 -5.13424967745588 1.32991230093427 5.53853564864344
2026-08-08T12:17:00.000 2293.419053162670 5456.623207970140 3323.264597932540 -6.04761921725143 -0.33048677907267 4.70382680016516
2026-08-08T12:21:00.000 776.054840337329 5179.333066277240 4316.886308668250 -6.51964803893771 -1.96594045971317 3.52566546209983
2026-08-08T12:25:00.000 -797.895264288004 4524.554708165690 4994.997169193490 -6.51638710677480 -3.45698442026251 2.09078215688100
2026-08-08T12:29:00.000 -2313.764422574010 3540.253741533380 5308.305911124310 -6.03870272678088 -4.69524532116775 0.50430676842209
2026-08-08T12:33:00.000 -3661.259052013940 2298.294683212970 5234.191549763820 -5.12191007956505 -5.59112516069181 -1.11800927776186
2026-08-08T12:37:00.000 -4742.433617393520 889.150629310405 4778.246496335500 -3.83291739102256 -6.08002584826836 -2.65820884616695
2026-08-08T12:41:00.000 -5478.721180750580 -584.653965075582 3973.816437116540 -2.26537881201534 -6.12670463467152 -4.00431130474173
2026-08-08T12:45:00.000 -5816.619444744070 -2015.939733259770 2879.607234361550 -0.53330112848864 -5.72788497410996 -5.05825266916966
2026-08-08T12:49:00.000 -5731.630746616420 -3300.655294515750 1575.447806325440 1.23710829731950 -4.91279489428193 -5.74319082308013
2026-08-08T12:53:00.000 -5230.095238908400 -4345.493108783460 156.463225514125 2.91665689036898 -3.74123228010128 -6.00932986839603
2026-08-08T12:57:00.000 -4348.735990674140 -5074.755969785040 -1273.933386545010 4.38299037665345 -2.29919137177454 -5.83783997397438
2026-08-08T13:01:00.000 -3151.883930603130 -5435.877420398630 -2611.678520257310 5.52982504885135 -0.69219318840570 -5.24212677925448
2026-08-08T13:05:00.000 -1726.653043639490 -5403.164617314860 -3759.694531825640 6.27474642416043 0.96277012175074 -4.26658152666234
2026-08-08T13:09:00.000 -176.467191656274 -4979.495454857230 -4634.921836191760 6.56500261010718 2.54609167121973 -2.98280851230609
2026-08-08T13:13:00.000 1386.490515148420 -4195.897595409900 -5174.193130685790 6.38066525950842 3.94416096389064 -1.48391105228220
2026-08-08T13:17:00.000 2849.289772497480 -3109.168126251140 -5338.597007460640 5.73538404239697 5.05703355208363 0.12226551600984
2026-08-08T13:21:00.000 4106.199664909170 -1797.784939217380 -5116.140486492770 4.67514227405683 5.80496596034427 1.72051511145029
2026-08-08T13:25:00.000 5066.113521205850 -356.400426259393 -4522.599898962250 3.27516729056453 6.13368324770377 3.19590625886341
2026-08-08T13:29:00.000 5659.033842341790 1110.765859132320 -3600.530827573980 1.63523098932925 6.01825058873519 4.44150134445330
2026-08-08T13:33:00.000 5841.236518715530 2497.279329794120 -2416.432081414830 -0.12671195315049 5.46538618604569 5.36594239715752
2026-08-08T13:37:00.000 5598.690986494380 3702.170001116830 -1056.150774631950 -1.88264105175395 4.51375989985459 5.90042746458997
2026-08-08T13:41:00.000 4948.375622990640 4637.394605282830 381.245643314134 -3.50379527524793 3.23186321196002 6.00439778741054
2026-08-08T13:45:00.000 3937.263259119430 5234.482384993300 1790.744143678550 -4.87065645271096 1.71329309668420 5.66927677620560
2026-08-08T13:49:00.000 2638.938375472240 5449.735581721540 3069.234291485890 -5.88243342638843 0.06953774420883 4.91939562297473
2026-08-08T13:53:00.000 1148.129913990780 5267.507151122620 4123.229203578320 -6.46486517896422 -1.57864659422138 3.81008833115077
2026-08-08T13:57:00.000 -426.385706949331 4701.305335094410 4875.813124775810 -6.57582911722981 -3.11064097354114 2.42315568836348
2026-08-08T14:01:00.000 -1969.867000763430 3792.655379602320 5272.240736680430 -6.20794466847412 -4.41501174475636 0.86034184615923
2026-08-08T14:05:00.000 -3369.987581970050 2607.926640974680 5283.817120922410 -5.38851351633922 -5.39733121173020 -0.76432876408099
2026-08-08T14:09:00.000 -4524.943100772530 1233.455246895810 4909.885676142960 -4.17740074241648 -5.98662621148637 -2.33260869534684
2026-08-08T14:13:00.000 -5350.792847634040 -230.729247236722 4177.830512834710 -2.66268727507333 -6.14041559256449 -3.73047389524035
2026-08-08T14:17:00.000 -5787.515970298270 -1678.132175417160 3141.086995592510 -0.95448948013438 -5.84764978089671 -4.85614472840992
2026-08-08T14:21:00.000 -5803.407389395530 -3003.509947811460 1875.293957183790 0.82278071713768 -5.12979082089415 -5.62752651952248
2026-08-08T14:25:00.000 -5397.442924173030 -4110.561339685740 472.794628863179 2.53942657123684 -4.03947601469516 -5.98842420304792
2026-08-08T14:29:00.000 -4599.387738941380 -4919.012180223270 -964.157137533199 4.07024092791072 -2.65678904946096 -5.91299930943198
2026-08-08T14:33:00.000 -3467.543010899760 -5370.496250719650 -2330.964937293480 5.30411044313735 -1.08301127792673 -5.40763468755850
2026-08-08T14:37:00.000 -2084.357025144570 -5432.737282721500 -3528.377372952650 6.15216297986961 0.56711238126095 -4.51016489956513
2026-08-08T14:41:00.000 -550.281805350522 -5101.743638853750 -4469.699616506580 6.55409135214687 2.17410645438681 -3.28665687905749
2026-08-08T14:45:00.000 1023.591858952140 -4401.888648920100 -5086.963370827260 6.48196589608662 3.62247085414437 -1.82607876450145
2026-08-08T14:49:00.000 2523.512548816590 -3383.985704110770 -5335.648343243480 5.94157650184978 4.80861427535198 -0.23368654212141
2026-08-08T14:53:00.000 3841.097387687040 -2121.585080015770 -5197.722001789360 4.97155932112781 5.64767728007408 1.37629241537043
2026-08-08T14:57:00.000 4880.927522682080 -705.793688886483 -4682.889079198640 3.64073948074120 6.07903215921961 2.88822173328411
2026-08-08T15:01:00.000 5567.309180729400 761.075629294023 -3828.002603473570 2.04380379523128 6.07050172843976 4.19277389017912
2026-08-08T15:05:00.000 5849.799136949500 2172.692601312370 -2694.640736602880 0.29535190735094 5.62111696848755 5.19449697574240
2026-08-08T15:09:00.000 5707.089475177340 3426.348049221140 -1364.886817963490 -1.47785377598902 4.76195994628011 5.81909753795326
2026-08-08T15:13:00.000 5148.848918889110 4430.503022934530 64.502199173219 -3.14604458303318 3.55456293521581 6.01945042384496
2026-08-08T15:17:00.000 4215.266618596340 5111.659690720140 1489.155176733300 -4.58631536732844 2.08685130015277 5.77974216021335
2026-08-08T15:21:00.000 2974.219661163080 5419.954518783980 2804.865101103730 -5.69240381836595 0.46655626559598 5.11718213657759
2026-08-08T15:25:00.000 1516.228844270880 5332.918071602810 3915.407496504380 -6.38308610813997 -1.18728072901388 4.08061043096769
2026-08-08T15:29:00.000 -52.318047797545 4857.083885785980 4739.693352003010 -6.60813253240710 -2.75354458121591 2.74645957887976
2026-08-08T15:33:00.000 -1617.068571880230 4027.398481065670 5217.707464229560 -6.35178054311063 -4.11805741166814 1.21276853687006
2026-08-08T15:37:00.000 -3064.120086864480 2904.520171376110 5314.807862413820 -5.63338097430333 -5.18200893079987 -0.40840650089687
2026-08-08T15:41:00.000 -4288.249654935840 1570.298110876170 5024.114678235780 -4.50545346233030 -5.86857417639708 -1.99912430530614
2026-08-08T15:45:00.000 -5200.474586129360 121.848312886224 4366.946657625240 -3.05003814177585 -6.12813426707946 -3.44370926944272
2026-08-08T15:49:00.000 -5734.490361748180 -1335.464668465410 3391.286544454000 -1.37294828595859 -5.94200187366777 -4.63699658118592
2026-08-08T15:53:00.000 -5851.504541374050 -2695.665525248570 2168.319057267830 0.40371283907799 -5.32384287417973 -5.49198138162526
2026-08-08T15:57:00.000 -5543.117406564660 -3859.895300786180 787.266013325054 2.15033436245410 -4.31896913511998 -5.94633004885086
2026-08-08T16:01:00.000 -4831.975585106100 -4743.677369715200 -651.158429739155 3.73946865954498 -3.00119156997817 -5.96725361759524
2026-08-08T16:05:00.000 -3770.069771679980 -5283.121998586440 -2042.199147833900 5.05557756476054 -1.46712501105612 -5.55404546889024
2026-08-08T16:09:00.000 -2434.812423450560 -5439.537981739890 -3284.783764060280 6.00367910154742 0.17121086708258 -4.73785679481587
2026-08-08T16:13:00.000 -923.241556059450 -5202.107487903420 -4288.887141411700 6.51612754936585 1.79502405924214 -3.57893813198993
2026-08-08T16:17:00.000 655.114234910402 -4588.468061958520 -4981.966072299310 6.55702281587762 3.28741057698057 -2.16176373611667
2026-08-08T16:21:00.000 2186.137017279260 -3643.257228811360 -5314.029172685150 6.12413505332204 4.54154044143101 -0.58863993347793
2026-08-08T16:25:00.000 3559.203230550900 -2434.825463782640 -5261.065212114960 5.24859175056107 5.46773204316207 1.02748368300658
2026-08-08T16:29:00.000 4674.950043526070 -1050.388321322650 -4826.687093537640 3.99256934781625 5.99931223395687 2.57063433965494
2026-08-08T16:33:00.000 5452.281412030160 410.057540704132 -4041.939142470160 2.44532923050758 6.09708607971478 3.92946342995364
2026-08-08T16:37:00.000 5834.230817606690 1840.736797117780 -2963.270935818490 0.71760581487292 5.75247715283143 5.00486839530786
2026-08-08T16:41:00.000 5792.275663825650 3137.639073847110 -1668.709950067870 -1.06564138303702 4.98882338105224 5.71729811001561
2026-08-08T16:45:00.000 5328.719885840340 4206.130735253960 -252.373221072956 -2.77408844491259 3.86057628217990 6.01319898852452
2026-08-08T16:49:00.000 4476.789773606780 4968.044304743020 1182.386166297520 -4.28205903645251 2.44966286895267 5.86971207866913
2026-08-08T16:53:00.000 3298.335023175020 5367.591322652260 2530.645902828390 -5.47827380901524 0.85948174677808 5.29677610482964
2026-08-08T16:57:00.000 1879.281371048140 5375.594386368320 3693.777431246610 -6.27471165299270 -0.79307361189250 4.33654392854976
2026-08-08T17:01:00.000 323.190724711177 4991.633302224430 4586.814211387560 -6.61332758271968 -2.38683267244061 3.05991983884450
2026-08-08T17:05:00.000 -1256.466807536210 4243.953292749570 5144.691028106170 -6.47001034510128 -3.80555234835172 1.56073354500458
2026-08-08T17:09:00.000 -2744.655961616730 3187.265101016020 5326.916997120710 -5.85586131295488 -4.94625777783147 -0.05131386034201
2026-08-08T17:13:00.000 -4033.143785257400 1898.648441666870 5120.426810321450 -4.81602528828301 -5.72659748257345 -1.65880158418206
2026-08-08T17:17:00.000 -5028.274828179250 471.911521600327 4540.425796690120 -3.42612804461531 -6.09027665490082 -3.14491136996778
2026-08-08T17:21:00.000 -5657.710979852170 -989.159953577748 3629.273694890860 -1.78716865286114 -6.01097932729667 -4.40151633909866
2026-08-08T17:25:00.000 -5875.711515185420 -2378.305119982900 2453.451593109890 -0.01847031131210 -5.49458534080194 -5.33699174856437
2026-08-08T17:29:00.000 -5666.514120457760 -3594.541175411990 1098.742036675120 1.75100244236652 -4.57893866145617 -5.88312633356410
2026-08-08T17:33:00.000 -5045.526165879190 -4549.568549143300 -336.047532505522 3.39210225596074 -3.33127265577897 -6.00031714653745
2026-08-08T17:37:00.000 -4058.183106494970 -5174.269859463540 -1746.382266344760 4.78536011173058 -1.84315858966921 -5.68074165224803
2026-08-08T17:41:00.000 -2776.510943504620 -5423.726335655200 -3029.726448470410 5.83002214922212 -0.22336750868707 -4.94871246534484
2026-08-08T17:45:00.000 -1293.725139422240 -5280.366443228610 -4093.038770356000 6.45131899378790 1.41041996209891 -3.85847155105625
2026-08-08T17:49:00.000 282.664534137142 -4755.048734889950 -4859.458040116990 6.60551327452717 2.94042924352544 -2.48968871451719
2026-08-08T17:53:00.000 1838.638957416760 -3886.074854199400 -5273.690730468180 6.28231317315974 4.25703267150082 -0.94133139086824
2026-08-08T17:57:00.000 3261.768856028490 -2736.334434030390 -5305.818329336860 5.50511038236165 5.26609358865906 0.67534730378230
2026-08-08T18:01:00.000 4449.116422836880 -1388.823869966510 -4953.347604601840 4.32916305179053 5.89511896776238 2.24433011048896
2026-08-08T18:05:00.000 5314.488466335950 59.161738565821 -4241.426893275080 2.83800600643124 6.09813577179872 3.65258063473612
2026-08-08T18:09:00.000 5794.620391421330 1502.831536401570 -3221.205190699990 1.13815306684791 5.85909111044962 4.79772364173279
2026-08-08T18:13:00.000 5853.894304305930 2837.325665821510 -1966.387862521460 -0.64778658202733 5.19360869240941 5.59533898381421
2026-08-08T18:17:00.000 5487.219829567120 3965.338178423780 -568.106784595004 -2.38958196151817 4.14877005910901 5.98565411236089
2026-08-08T18:21:00.000 4720.703512573920 4804.378668754870 871.663232031297 -3.95918682499565 2.80024689200543 5.93878027447884
2026-08-08T18:25:00.000 3609.904182538040 5293.017593181130 2247.663419716420 -5.24083701326822 1.24675672860069 5.45745123935118
2026-08-08T18:29:00.000 2235.766395304030 5395.539718243210 3459.226942472450 -6.14014040928968 -0.39754146479566 4.57696126211417
2026-08-08T18:33:00.000 698.575691292344 5104.593923493190 4417.809452300050 -6.59133265075481 -2.01198446843871 3.36234509413521
2026-08-08T18:37:00.000 -889.537780598290 4441.639222463400 5053.529782173260 -6.56201802491001 -3.47866013342579 1.90302950988708
2026-08-08T18:41:00.000 -2412.888328880980 3455.232607174090 5320.209310054490 -6.05505305102679 -4.69102370358681 0.30585438344484
2026-08-08T18:45:00.000 -3760.658421222420 2217.374655940000 5198.621409902450 -5.10784169062383 -5.56139293643948 -1.31275866695388
2026-08-08T18:49:00.000 -4834.885071897390 818.221075124474 4697.806051655950 -3.78943188860248 -6.02702505302160 -2.83509750236572
2026-08-08T18:53:00.000 -5557.497091451390 -640.445300424476 3854.372642886730 -2.19559404936251 -6.05432665777516 -4.15046437605896
2026-08-08T18:57:00.000 -5875.976858247970 -2052.551470575770 2729.865005076120 -0.44224392287694 -5.64140279960871 -5.16304338400761
2026-08-08T19:01:00.000 -5767.233296983050 -3315.437633498660 1406.318619706920 1.34278937023615 -4.81848286026382 -5.79897036959937
2026-08-08T19:05:00.000 -5239.344123542060 -4337.385239958770 -19.728764185169 3.02924193651075 -3.64595554613022 -6.01204450546661
2026-08-08T19:09:00.000 -4330.960272207230 -5044.364260864020 -1444.350750929890 4.49422363342417 -2.20991194381740 -5.78730845600036
2026-08-08T19:13:00.000 -3108.392627790220 -5385.440302135830 -2763.920372978550 5.63158588395778 -0.61545170653853 -5.14214610576334
2026-08-08T19:17:00.000 -1660.617916120470 -5336.382612239220 -3882.713629492740 6.35972385619313 1.02141746173071 -4.12453676455456
2026-08-08T19:21:00.000 -92.672736229462 -4901.239879783870 -4719.811727763740 6.62713192019168 2.58249957769321 -2.80904095116162
2026-08-08T19:25:00.000 1481.989644579680 -4111.839283220570 -5214.808908457720 6.41547853008112 3.95584070657257 -1.29095251593625
2026-08-08T19:29:00.000 2949.585913955820 -3025.365706556140 -5331.977227576090 5.74028223617205 5.04324517281189 0.32056579108187
2026-08-08T19:33:00.000 4204.006682038650 -1720.263523932440 -5062.714803991990 4.64959148041956 5.76672219856951 1.90990271800433
2026-08-08T19:37:00.000 5154.278350235410 -290.741161072623 -4426.173740636510 3.22083114991083 6.07365365280665 3.36266705283452
2026-08-08T19:41:00.000 5731.067546842010 1159.812523838520 -3468.035925439840 1.55594196299981 5.94066584322250 4.57347069785533
2026-08-08T19:45:00.000 5891.795948027850 2526.138353386810 -2257.438719107970 -0.22529642954702 5.37574264833241 5.45341658463975
2026-08-08T19:49:00.000 5623.977352041970 3708.700045714480 -882.196906867364 -1.99336964693195 4.41845007313469 5.93681996837627
2026-08-08T19:53:00.000 4946.442264239360 4621.057965957410 557.476098530636 -3.61847673175745 3.13778568471200 5.98682913041843
2026-08-08T19:57:00.000 3908.190040166590 5196.410783514740 1956.358913173250 -4.98072088969444 1.62737337015940 5.59891613179829
2026-08-08T20:01:00.000 2584.831653598450 5392.672595696200 3212.105334537890 -5.97969036550949 -0.00180304262808 4.80140448626542
2026-08-08T20:05:00.000 1072.941586388470 5195.617764642850 4232.907710934290 -6.54221650916500 -1.63009545370947 3.65318785957457
2026-08-08T20:09:00.000 -517.171464990309 4619.846918405420 4944.297300014120 -6.62766252939698 -3.13845316656846 2.23888035705360
2026-08-08T20:13:00.000 -2069.631284602700 3707.577741234590 5294.548169857110 -6.23047484009834 -4.41716934996903 0.66217803357909
2026-08-08T20:17:00.000 -3471.463357089550 2525.445613475820 5258.347157316840 -5.38017837987569 -5.37367742400691 -0.96187198901120
2026-08-08T20:21:00.000 -4620.760609957690 1159.587810972750 4838.522969399060 -4.13887233182288 -5.93894563110574 -2.51517258121630
2026-08-08T20:25:00.000 -5434.001242478160 -290.604808364022 4065.797281703500 -2.59678811639063 -6.07221638575114 -3.88475989496857
2026-08-08T20:29:00.000 -5852.088858849160 -1719.664436852210 2996.569212637410 -0.86605088761488 -5.76393164054222 -4.97090229875991
2026-08-08T20:33:00.000 -5844.687905401140 -3023.694445578260 1708.846946146200 0.92724517203990 -5.03671167249485 -5.69440222413276
2026-08-08T20:37:00.000 -5412.487528743250 -4107.966459651040 296.561265142072 2.65225887749368 -3.94390238973130 -6.00262052186562
2026-08-08T20:41:00.000 -4587.165831126830 -4893.884238499980 -1137.341631279590 4.18323845129397 -2.56574795472776 -5.87356443429031
2026-08-08T20:45:00.000 -3429.007512090280 -5324.739871125370 -2488.510495148880 5.40906302384105 -1.00321023639510 -5.31757073778094
2026-08-08T20:49:00.000 -2022.359706589430 -5369.771787753130 -3658.871547815800 6.24156485804564 0.62985568882328 -4.37620111084026
2026-08-08T20:53:00.000 -469.339567444036 -5026.226368478410 -4563.729571959300 6.62162967121415 2.21534860776020 -3.11860898525098
2026-08-08T20:57:00.000 1117.626682433000 -4319.352782593290 -5137.769835687060 6.52288636577790 3.63939652028346 -1.63610521016992
2026-08-08T21:01:00.000 2623.859632234360 -3300.425929446340 -5339.581775014730 5.95292450149062 4.80019663705967 -0.03539498803846
2026-08-08T21:05:00.000 3940.500676338530 -2043.033502963630 -5154.486302547930 4.95236059290119 5.61461701318691 1.56870998539258
2026-08-08T21:09:00.000 4972.152105175950 -637.913577326256 -4595.573420695580 3.59215788220759 6.02368664028138 3.06090259557113
2026-08-08T21:13:00.000 5643.661562556400 813.373173126635 -3702.889527896580 1.96918322415716 5.99676313695271 4.33313602986592
2026-08-08T21:17:00.000 5905.632759228720 2205.599176316980 -2540.777939202980 0.20001205091459 5.53423445599410 5.29223362988532
2026-08-08T21:21:00.000 5738.230208847500 3437.440318547830 -1193.441416996260 -1.58703724126379 4.66814706761735 5.86696096582463
2026-08-08T21:25:00.000 5152.912300322340 4418.918258319630 241.043104160152 -3.26110955662831 3.46054670721569 6.01375024437475
2026-08-08T21:29:00.000 4191.860019861790 5078.173997940480 1657.884244554000 -4.69873935963378 1.99948482779330 5.72072123149904
2026-08-08T21:33:00.000 2924.988340117320 5366.949823470580 2953.416845383830 -5.79384576282222 0.39226625944146 5.00908523173940
2026-08-08T21:37:00.000 1444.736462430580 5264.213203051570 4032.884353564790 -6.46599631001802 -1.24300509208857 3.93135112722969
2026-08-08T21:41:00.000 -140.859242885887 4777.664479578800 4817.484270031690 -6.66643524562761 -2.78655992784833 2.56704518055968
2026-08-08T21:45:00.000 -1716.207513211720 3943.035272807450 5250.116934510420 -6.38124708833563 -4.12599694998437 1.01631494797615
2026-08-08T21:49:00.000 -3166.627384803980 2821.337683763250 5299.448593827140 -5.63180454856901 -5.16427444935296 -0.60758244061960
2026-08-08T21:53:00.000 -4386.644833017770 1494.349758789540 4962.091901976770 -4.47298814383929 -5.82639401725793 -2.18641966563964
2026-08-08T21:57:00.000 -5287.592714328190 58.662073834618 4262.781683851410 -2.98910320439629 -6.06461657799100 -3.60545229895153
2026-08-08T22:01:00.000 -5803.997210805450 -1381.293840315730 3252.575269793390 -1.28803777503653 -5.86176835497493 -4.76137171193462
2026-08-08T22:05:00.000 -5898.367648050940 -2720.811943068620 2005.181627781370 0.50633069770485 -5.23278140452818 -5.56991511720063
2026-08-08T22:09:00.000 -5563.973089385050 -3862.552264842190 611.599302844164 2.26311003718463 -4.22378062935811 -5.97217929948571
2026-08-08T22:13:00.000 -4825.368654990340 -4723.694957383090 -826.558898438639 3.85413709543438 -2.90888806385681 -5.93921462119197
2026-08-08T22:17:00.000 -3736.555228504330 -5242.021516689210 -2204.582570928570 5.16377752612782 -1.38453392011316 -5.47429715768586
2026-08-08T22:21:00.000 -2376.894453667950 -5380.398901223000 -3422.383762988510 6.09762226084468 0.23801878121968 -4.61236676317404
2026-08-08T22:25:00.000 -845.165574080757 -5129.327533213840 -4391.778443785710 6.58918679983149 1.84121675408796 -3.41696907170901
2026-08-08T22:29:00.000 747.692286093060 -4507.409448613080 -5042.763249619310 6.60410175456800 3.30982243093591 -1.97507052735236
2026-08-08T22:33:00.000 2286.543123518240 -3559.832511144050 -5328.382925024800 6.14189419397405 4.53875997603777 -0.39062938231799
2026-08-08T22:37:00.000 3660.196305113820 -2355.072287550880 -5227.950480219270 5.23566292624863 5.44011903066179 1.22267430399682
2026-08-08T22:41:00.000 4769.205809150040 -980.056754323958 -4748.470680908310 3.94965033136801 5.94887663215245 2.74901850170787
2026-08-08T22:45:00.000 5532.902714434690 465.885002545366 -3924.238657693440 2.37528576657271 6.02736550968183 4.07809414623383
2026-08-08T22:49:00.000 5895.263080359170 1877.995067086680 -2814.589024143180 0.62539452899824 5.66837450121693 5.11280777044124
2026-08-08T22:53:00.000 5829.174302623240 3153.582417982010 -1499.844421879570 -1.17330911071918 4.89638601828247 5.77650274871633
2026-08-08T22:57:00.000 5338.699376901970 4199.557087790760 -75.628521059385 -2.88937776545914 3.76651008333132 6.01922521549131
2026-08-08T23:01:00.000 4459.029553785520 4939.382999286160 1354.094316720020 -4.39649045189029 2.36079890584835 5.82194889694644
2026-08-08T23:05:00.000 3254.067500717370 5318.889466183830 2684.739291863220 -5.58336700162456 0.78237805781856 5.19864934558716
2026-08-08T23:09:00.000 1811.696526606160 5310.376851464640 3818.961758555530 -6.36273067296618 -0.85275871246608 4.19524331395937
2026-08-08T23:13:00.000 237.194791217383 4914.631684862440 4673.911760365210 -6.67777874468869 -2.42474090952725 2.88578194572349
2026-08-08T23:17:00.000 -1354.607409844000 4160.764598462630 5187.317432000260 -6.50614995598107 -3.81888951999505 1.36656626856498
2026-08-08T23:21:00.000 -2847.790274391100 3103.936556315430 5321.952427204640 -5.86108003917890 -4.93408583852955 -0.25131679400831
2026-08-08T23:25:00.000 -4133.754876595240 1821.233247092260 5068.218870483570 -4.78990416683259 -5.68977712845146 -1.85007876856269
2026-08-08T23:29:00.000 -5119.028790406450 406.048902178711 4444.772616463080 -3.37062857643768 -6.03141119210912 -3.31344902776284
2026-08-08T23:33:00.000 -5732.015114738370 -1038.666785836880 3497.157909750260 -1.70643910613184 -5.93439465736858 -4.53497084794980
2026-08-08T23:37:00.000 -5928.191227413030 -2407.859501952800 2294.521292183020 0.08154257114660 -5.40592825642842 -5.42562097922995
2026-08-08T23:41:00.000 -5693.403752334640 -3602.019139106580 924.601079432855 1.86292123272615 -4.48476908649702 -5.92048422579427
2026-08-08T23:45:00.000 -5044.945419758920 -4534.481288914050 -512.699102870323 3.50769424562570 -3.23857016196549 -5.98377486792955
2026-08-08T23:49:00.000 -4030.264216579970 -5137.802091880840 -1912.693422591620 4.89619966832167 -1.75879600429987 -5.61167250813050
2026-08-08T23:53:00.000 -2723.365812652660 -5368.643663900070 -3173.644167827030 5.92814725583605 -0.15355679837626 -4.83234074096883
2026-08-08T23:57:00.000 -1219.263967545980 -5210.791242164470 -4204.181944308090 6.52977227915924 1.46066146466767 -3.70340813815339
2026-08-09T00:01:00.000 373.024732853733 -4676.134521846880 -4929.855123226490 6.65878253777029 2.96756489564655 -2.30728063041131
2026-08-09T00:05:00.000 1938.374902109440 -3803.614127268470 -5298.333597532680 6.30671508970069 4.25930969860555 -0.74474501655477
2026-08-09T00:09:00.000 3363.700840931940 -2656.325067258980 -5282.980179586120 5.49888326237462 5.24353951288089 0.87206534801680
2026-08-09T00:13:00.000 4545.887536639220 -1317.050159689970 -4884.692877377110 4.29260594666193 5.84946429559516 2.42712432123131
2026-08-09T00:17:00.000 5399.063868083940 117.517218703338 -4131.902409764250 2.77350399658132 6.03263115337851 3.80829293839140
2026-08-09T00:21:00.000 5860.789359508150 1543.531033138290 -3078.724973044360 1.05018879829962 5.77833466319564 4.91493601558441
2026-08-09T00:25:00.000 5896.757060997910 2857.381191002440 -1801.300194182680 -0.75285524124887 5.10337051793129 5.66534054092940
2026-08-09T00:29:00.000 5503.575243812360 3963.246902438720 -392.448226877944 -2.50403894310240 4.05558292811667 6.00318569592037
2026-08-09T00:33:00.000 4709.303231623700 4780.252432985160 1045.057396140400 -4.07459969493738 2.71094334740988 5.90248657320685
2026-08-09T00:37:00.000 3571.540696252720 5248.586351240630 2406.111355087900 -5.34873252635851 1.16788918542902 5.36995346137027
2026-08-09T00:41:00.000 2173.213619898820 5334.020179436150 3591.134789717040 -6.23257978664344 -0.46019780364389 4.44465042756353
2026-08-09T00:45:00.000 616.382215134125 5030.459753826820 4513.524808812690 -6.66157406601261 -2.05380050333980 3.19490628550784
2026-08-09T00:49:00.000 -985.398132242130 4360.290758351720 5106.046752755530 -6.60496644934740 -3.49660109865722 1.71268531760576
2026-08-09T00:53:00.000 -2515.442271442630 3372.589971556310 5325.675420377820 -6.06753788983402 -4.68380808977978 0.10651962018241
2026-08-09T00:57:00.000 -3862.436824740240 2139.444847594710 5156.627036006240 -5.08893339794709 -5.52957892153278 -1.50650779851170
2026-08-09T01:01:00.000 -4928.471532253720 750.665173010561 4611.404162405240 -3.74049274641938 -5.97290590135773 -3.00914223622254
2026-08-09T01:05:00.000 -5636.075810764100 -692.709125494359 3729.855924925380 -2.12024754397387 -5.98178317949057 -4.29209567187214
2026-08-09T01:09:00.000 -5933.845657105840 -2085.709555129810 2576.310926353030 -0.34608311410521 -5.55571371004627 -5.26190213799914
2026-08-09T01:13:00.000 -5800.225572736140 -3327.078040623260 1234.928669995400 1.45264578826324 -4.72597225090498 -5.84783742541064
2026-08-09T01:17:00.000 -5245.130981543970 -4326.690065281740 -196.458016325736 3.14470143016046 -3.55350024376331 -6.00741960772567
2026-08-09T01:21:00.000 -4309.206446199180 -5012.174887791880 -1613.559877927210 4.60687209750578 -2.12435846846356 -5.72967544376392
2026-08-09T01:25:00.000 -3060.759845011430 -5334.185110538630 -2913.335490650650 5.73329927933927 -0.54310210378276 -5.03586547621489
2026-08-09T01:29:00.000 -1590.621688305760 -5269.886909086760 -4001.540792386510 6.44326909907615 1.07530887182899 -3.97749584831870
2026-08-09T01:33:00.000 -5.408362272806 -4824.420434001830 -4799.508171462630 6.68664045558402 2.61414354677319 -2.63197568546992
2026-08-09T01:37:00.000 1580.212382480180 -4030.325149297850 -5249.670864422530 6.44674814935187 3.96310908309987 -1.09666224750955
2026-08-09T01:41:00.000 3051.682233183310 -2945.084489569820 -5319.533173884690 5.74109129840685 5.02579229155522 0.51812946557205
2026-08-09T01:45:00.000 4302.604892981740 -1647.017719598250 -5003.877486137510 4.61977846080105 5.72591101989128 2.09662770497823
2026-08-09T01:49:00.000 5242.220283908130 -229.813108501996 -4325.177343735220 3.16233951280043 6.01243059429226 3.52514372982657
2026-08-09T01:53:00.000 5801.908466460490 1204.014947090460 -3332.156099023980 1.47275618528350 5.86332203021626 4.69989274676722
2026-08-09T01:57:00.000 5940.285824952470 2550.377038948070 -2096.516694987250 -0.32722432654109 5.28771746504983 5.53435892792626
2026-08-09T02:01:00.000 5646.497297303660 3711.161387893640 -707.954871895982 -2.10651016471219 4.32611044507444 5.96617240202224
2026-08-09T02:05:00.000 4941.295949900010 4601.517742709120 732.308978408024 -3.73446300714643 3.04790897963974 5.96236456443665
2026-08-09T02:09:00.000 3875.721499871240 5156.259568384930 2118.999263573300 -5.09101031335756 1.54655311030359 5.52239766635346
2026-08-09T02:13:00.000 2527.395422457390 5334.816730026980 3350.660000394770 -6.07618670604520 -0.06761078439006 4.67844310999428
2026-08-09T02:17:00.000 994.720648965347 5124.267391597800 4337.246917472620 -6.61785617056965 -1.67603332078921 3.49277376194903
2026-08-09T02:21:00.000 -610.475301120453 4540.214536863130 5006.801718585820 -6.67695898513777 -3.16111231239298 2.05281877638810
2026-08-09T02:25:00.000 -2171.234350062410 3625.479615868760 5310.666429155450 -6.24992393200668 -4.41494722120505 0.46404449186744
2026-08-09T02:29:00.000 -3573.986096353400 2446.862322431520 5226.901896819190 -5.36833550427335 -5.34679169693014 -1.15767260705692
2026-08-09T02:33:00.000 -4716.745062252140 1090.236871489620 4761.805978422480 -4.09656734378907 -5.88936742418642 -2.69432071196977
2026-08-09T02:37:00.000 -5516.466392522510 -345.680590015136 3949.408267775840 -2.52712632136569 -6.00356034460879 -4.03418780879348
2026-08-09T02:41:00.000 -5915.044959287670 -1756.462317984510 2848.998634807840 -0.77413246395880 -5.68119988501251 -5.07973445969463
2026-08-09T02:45:00.000 -5883.572842771850 -3039.541983549770 1540.856744497430 1.03467560786100 -4.94593249063949 -5.75468733885236
2026-08-09T02:49:00.000 -5424.512062562900 -4101.726641883350 120.403964820166 2.76728334277863 -3.85175989650740 -6.00998770147531
2026-08-09T02:53:00.000 -4571.515793324250 -4866.049000917910 -1308.833214030720 4.29742142693318 -2.47904513178815 -5.82757751871658
2026-08-09T02:57:00.000 -3386.886598718140 -5277.395693640510 -2642.875907222570 5.51414243441389 -0.92833564206149 -5.22173788031255
2026-08-09T03:01:00.000 -1956.873970034220 -5306.431454512420 -3784.932155102110 6.33002730329098 0.68747772460867 -4.23761812281820
2026-08-09T03:05:00.000 -385.258164026985 -4951.551388254930 -4652.388003024360 6.68721686180736 2.25163243722757 -2.94740562284568
2026-08-09T03:09:00.000 1214.222721838440 -4238.792546574330 -5182.642550487030 6.56096269001988 3.65188817912011 -1.44462706782186
2026-08-09T03:13:00.000 2725.994814693510 -3219.815535813380 -5337.431738415250 5.96071086815433 4.78813903638645 0.16262259977250
2026-08-09T03:17:00.000 4040.779982365660 -1968.185016383910 -5105.451514760880 4.92917960000327 5.57895852591375 1.75904572441135
2026-08-09T03:21:00.000 5063.280045550520 -574.213576676970 -4503.157589661410 3.53950200406752 5.96699204215277 3.22988859575833
2026-08-09T03:25:00.000 5718.954662440670 861.327439647716 -3573.726073041600 1.89065411493594 5.92301834017590 4.46850116612013
2026-08-09T03:29:00.000 5959.510221735960 2234.315997576800 -2384.187674707280 0.10115234579833 5.44860959236027 5.38398731312991
2026-08-09T03:33:00.000 5766.650541238900 3444.780767043130 -1020.796063912310 -1.69899214378488 4.57671126077211 5.90812815032760
2026-08-09T03:37:00.000 5153.727024771500 4404.287456915980 417.136548745303 -3.37776224983807 3.37003232766916 6.00113605050787
2026-08-09T03:41:00.000 4164.979748637760 5042.604225555730 1824.548166576150 -4.81144931783157 1.91658885116905 5.65524076041885
2026-08-09T03:45:00.000 2872.370386046580 5313.020549298750 3098.464845330530 -5.89428403543101 0.32312695544075 4.89555080868459
2026-08-09T03:49:00.000 1370.231815830850 5195.869918356940 4145.724789624020 -6.54683304470900 -1.29323549775864 3.77814105557662
2026-08-09T03:53:00.000 -231.809740293665 4699.924566814410 4889.896714950740 -6.72182150659724 -2.81415476725957 2.38543574631373
2026-08-09T03:57:00.000 -1816.979844958720 3861.605178829270 5276.855006668240 -6.40722577164400 -4.12897447335640 0.81964522092301
2026-08-09T04:01:00.000 -3269.906338830350 2742.180335526890 5278.610513267870 -5.62660459417085 -5.14249502818850 -0.80496755692220
2026-08-09T04:05:00.000 -4484.950396659850 1423.239267088810 4895.229524538880 -4.43698392912606 -5.78152662285925 -2.37023342810586
2026-08-09T04:09:00.000 -5373.799291773150 0.780754874967 4154.790294129540 -2.92490997528681 -5.99991884444434 -3.76227731302196
2026-08-09T04:13:00.000 -5871.867765734850 -1421.731943812660 3111.352890612780 -1.20036696451606 -5.78200248671405 -4.87978021153019
2026-08-09T04:17:00.000 -5943.006490438980 -2740.874890064200 1841.045706379040 0.61106407407784 -5.14380448300074 -5.64128218322501
2026-08-09T04:21:00.000 -5582.188790811140 -3860.808775550560 436.535764725364 2.37721134930285 -4.13216517108020 -5.99133040097486
2026-08-09T04:25:00.000 -4815.907649742280 -4700.325214311900 -999.785422374183 3.96926834407694 -2.82139740865517 -5.90487122470188
2026-08-09T04:29:00.000 -3700.176474567760 -5198.798689379290 -2363.374069909350 5.27160696812999 -1.30759786308151 -5.38911489422842
2026-08-09T04:33:00.000 -2316.293506519830 -5320.545857412110 -3555.232769639870 6.19043922247770 0.29883594213457 -4.48270240505957
2026-08-09T04:37:00.000 -764.762965303699 -5057.256690113970 -4489.091919759010 6.66039970461600 1.88161787195183 -3.25231140355342
2026-08-09T04:41:00.000 842.070436758949 -4428.387483699320 -5097.532735925160 6.64866083349192 3.32701956022459 -1.78734033787791
2026-08-09T04:45:00.000 2388.080108681990 -3479.594247509660 -5336.666111889170 6.15662577873159 4.53166297138607 -0.19329879332568
2026-08-09T04:49:00.000 3761.550578595880 -2279.407516798760 -5189.132957168740 5.21938721769075 5.40933839503950 1.41548708541199
2026-08-09T04:53:00.000 4863.010587688710 -914.417451861642 -4665.318584240980 3.90336936752255 5.89661258647631 2.92341792583500
2026-08-09T04:57:00.000 5612.295921093530 516.762198463611 -3802.722260629140 2.30216435772642 5.95734170439479 4.22144422555985
2026-08-09T05:01:00.000 5954.382184734880 1910.418839417580 -2663.473395681670 0.53057910417647 5.58553437229247 5.21458657810835
2026-08-09T05:05:00.000 5863.604567696750 3165.167096725460 -1330.082538950230 -1.28297410102970 4.80660018082886 5.82912109289925
2026-08-09T05:09:00.000 5345.830466251410 4189.398844024590 100.416268621295 -3.00577391550467 3.67621239247744 6.01860742266471
2026-08-09T05:13:00.000 4438.287936649630 4908.159566015740 1523.555496877510 -4.51091964461224 2.27664457232918 5.76803381856363
2026-08-09T05:17:00.000 3206.952823664730 5268.838238014000 2835.221407535910 -5.68735004726029 0.71061389372581 5.09538171056921
2026-08-09T05:21:00.000 1741.657369438350 5245.137483469630 3939.464980083320 -6.44861487897337 -0.90676725167389 4.05023740531995
2026-08-09T05:25:00.000 149.356038219354 4838.976852303530 4755.646160622000 -6.73932277326064 -2.45698164285946 2.70971110644975
2026-08-09T05:29:00.000 -1453.836494251100 4080.239438334870 5224.345256063840 -6.53896150893355 -3.82699595607785 1.17237044750206
2026-08-09T05:33:00.000 -2951.192644239730 3024.432686567140 5311.609015220320 -5.86284176955669 -4.91753148528572 -0.44946600053709
2026-08-09T05:37:00.000 -4233.825031661120 1748.552284599150 5011.292266577210 -4.76055614388754 -5.64984089043562 -2.03775917638875
2026-08-09T05:41:00.000 -5208.511854562080 345.474383538477 4345.429734830590 -3.31227291753465 -5.97107523864543 -3.47708787428497
2026-08-09T05:45:00.000 -5804.411562974620 -1082.733789981080 3362.639879248190 -1.62328380230612 -5.85799959052052 -4.66266065066707
2026-08-09T05:49:00.000 -5978.249315256470 -2432.209754808300 2134.634836665580 0.18339277384042 -5.31902267953452 -5.50803799454627
2026-08-09T05:53:00.000 -5717.513337483420 -3604.882795442320 751.005100168166 1.97597392863834 -4.39372702163493 -5.95162061358355
2026-08-09T05:57:00.000 -5041.401795105870 -4515.668953830890 -687.355342987813 3.62367539171784 -3.15009262911406 -5.96143881395241
2026-08-09T06:01:00.000 -3999.377469755660 -5098.714832048760 -2075.708006968310 5.00669414803101 -1.67934646274685 -5.53760329312544
2026-08-09T06:05:00.000 -2667.426150400070 -5312.160209100040 -3313.187671701210 6.02516755079024 -0.08892534328238 -4.71203338979643
2026-08-09T06:09:00.000 -1142.360242050980 -5141.055102462900 -4310.158122655360 6.60642094462712 1.50581422096015 -3.54569526328583
2026-08-09T06:13:00.000 465.321275924247 -4598.227940130230 -4994.609639950400 6.70963871338312 2.99011173416055 -2.12355056419871
2026-08-09T06:17:00.000 2039.394851505000 -3723.175548500730 -5317.176565341280 6.32810428374111 4.25775447421772 -0.54818350279254
2026-08-09T06:21:00.000 3466.133360081940 -2579.148805857170 -5254.516160346410 5.48917198832662 5.21808389838046 1.06735832630826
2026-08-09T06:25:00.000 4642.285932091830 -1248.682805988560 -4810.918425115360 4.25229740736393 5.80194421655923 2.60713578145397
2026-08-09T06:29:00.000 5482.365684215480 172.147794094306 -4018.079734920220 2.70531209327310 5.96634638535579 3.95997321947327
2026-08-09T06:33:00.000 5924.842407288110 1580.455142039640 -2933.038212182030 0.95893537679491 5.69794545168658 5.02713878930025
2026-08-09T06:37:00.000 5936.784712096360 2873.884353670240 -1634.292120230940 -0.86058759564991 5.01461047077597 5.72969103628942
2026-08-09T06:41:00.000 5516.549229500500 3958.080860012070 -216.265298530397 -2.62036749448498 3.96486315229514 6.01479256517483
2026-08-09T06:45:00.000 4694.181865773000 4753.737263560270 1217.552611484270 -4.19093485651455 2.62484478601325 5.86030802647167
2026-08-09T06:49:00.000 3529.372873381250 5202.602961202370 2562.288149891400 -5.45636730256681 1.09277380042874 5.27698282832609
2026-08-09T06:53:00.000 2107.066860731250 5271.900848397740 3719.555952822610 -6.32353708236688 -0.51870959198075 4.30776405867486
2026-08-09T06:57:00.000 531.088524644732 4956.733495122530 4604.805171461880 -6.72919032593641 -2.09141724832545 3.02419252546842
2026-08-09T07:01:00.000 -1083.605806235510 4280.340711631140 5153.530983192610 -6.64432011346920 -3.51052423124162 1.52068528348971
2026-08-09T07:05:00.000 -2619.403360888200 3292.259620157510 5325.924033364850 -6.07585055085581 -4.67304444687150 -0.09270105116192
2026-08-09T07:09:00.000 -3964.590617730430 2064.593714635660 5109.646667031370 -5.06565374651640 -5.49496934662046 -1.69846043367182
2026-08-09T07:13:00.000 -5021.395740401970 686.741984475161 4520.635907907880 -3.68733480863297 -5.91701729735719 -3.17986294101974
2026-08-09T07:17:00.000 -5713.020000940360 -741.065433452899 3601.922884744490 -2.04103922113888 -5.90874335863986 -4.42918983064416
2026-08-09T07:21:00.000 -5989.209842489230 -2114.997991053250 2420.538600996180 -0.24656200268459 -5.47081995309239 -5.35538207578787
2026-08-09T07:25:00.000 -5829.983395934350 -3335.179470655320 1062.671570588150 1.56519791526749 -4.63538430819248 -5.89089019294599
2026-08-09T07:29:00.000 -5247.132843487380 -4313.026388883100 -372.646175618934 3.26202523948881 -3.46382573608502 -5.99693519477926
2026-08-09T07:33:00.000 -4283.336822019550 -4977.759971770610 -1780.851408415900 4.72039144550899 -2.04217420262337 -5.66649100928735
2026-08-09T07:37:00.000 -3008.930507465690 -5281.555143534260 -3059.573104988590 5.83480533683686 -0.47441793015158 -4.92468876136140
2026-08-09T07:41:00.000 -1516.612816789710 -5202.898308158360 -4116.121619133760 6.52547962876887 1.12556695993487 -3.82647993283956
2026-08-09T07:45:00.000 85.410094905655 -4747.952087502120 -4874.138458234990 6.74367449552948 2.64241757515912 -2.45209595223583
2026-08-09T07:49:00.000 1681.273496944890 -3949.917814730570 -5278.947570545490 6.47455108158650 3.96748548047031 -0.90086480075180
2026-08-09T07:53:00.000 3155.678137843600 -2866.532802822290 -5301.304289640000 5.73757127693886 5.00605627150088 0.71582995342607
2026-08-09T07:57:00.000 4401.981714384550 -1575.968537486220 -4939.398417201410 4.58500797677811 5.68350097848563 2.28201344626209
2026-08-09T08:01:00.000 5329.709985945390 -171.378699501344 -4219.037757800570 3.09861586482070 5.95033261931556 3.68480695102032
2026-08-09T08:05:00.000 5871.054100181810 1245.605949735030 -3191.976910786390 1.38452239696459 5.78588480450449 4.82213799849275
2026-08-09T08:09:00.000 5985.932594494700 2572.077810951120 -1932.427285825130 -0.43361833771830 5.20038907091532 5.61010475543390
2026-08-09T08:13:00.000 5665.201263739520 3711.338810862290 -531.882185516486 -2.22324483946559 4.23517693654901 5.98963727907753
2026-08-09T08:17:00.000 4931.603060409860 4580.106388807940 907.509415328877 -3.85289808148928 2.96005349884891 5.93165207050189
2026-08-09T08:21:00.000 3838.280724379140 5114.789117005960 2280.503875525270 -5.20237267888862 1.46828875699883 5.43967678360251
2026-08-09T08:25:00.000 2464.910769273790 5276.302828928080 3486.641229035980 -6.17222941646589 -0.13049241898717 4.54979019206675
2026-08-09T08:29:00.000 911.745831866918 5052.985234890120 4437.761495748210 -6.69152548211403 -1.71891008175848 3.32770063187869
2026-08-09T08:33:00.000 -707.890011942602 4461.369682994390 5064.514623322730 -6.72288507781674 -3.18086652637554 1.86340373921342
2026-08-09T08:37:00.000 -2275.985279193530 3544.832743281450 5321.375365611510 -6.26476668212772 -4.41011545394733 0.26417409214408
2026-08-09T08:41:00.000 -3678.444822319140 2370.305543186900 5189.850553789830 -5.35108480287425 -5.31775824470944 -1.35336875696456
2026-08-09T08:45:00.000 -4813.320678694930 1023.351740623850 4679.720769057210 -4.04852700282786 -5.83830307703680 -2.87162377940812
2026-08-09T08:49:00.000 -5598.146822544740 -398.025268742732 3828.284801527900 -2.45179593923920 -5.93420147439905 -4.18021992743927
2026-08-09T08:53:00.000 -5975.899093889940 -1790.462860237950 2697.674229463620 -0.67698088394122 -5.59863547857392 -5.18382844888488
2026-08-09T08:57:00.000 -5919.191357913020 -3052.743988196470 1370.373595437950 1.14654085749759 -4.85624037726760 -5.80928501922476
2026-08-09T09:01:00.000 -5432.322886577370 -4093.198017725050 -56.810486470515 2.88572327283588 -3.76147094219993 -6.01114343249806
2026-08-09T09:05:00.000 -4550.979090920490 -4836.443829208960 -1479.869614856910 4.41376844531190 -2.39477822001557 -5.77527291626221
2026-08-09T09:09:00.000 -3339.526992882010 -5228.911859324700 -2795.297859173040 5.61996397212656 -0.85624266604309 -5.11988946360300
2026-08-09T09:13:00.000 -1886.152273540690 -5242.639207106120 -3907.684503993180 6.41772053435421 0.74219086386479 -4.09374069548288
2026-08-09T09:17:00.000 -296.306821337025 -4877.116328286350 -4736.589320605290 6.75053065166936 2.28509212348341 -2.77197621416426
2026-08-09T09:21:00.000 1314.970653391990 -4159.123833879430 -5222.203274480040 6.59535878993239 3.66179457384706 -1.25030204201261
2026-08-09T09:25:00.000 2831.256547410830 -3140.673263528090 -5329.477101014760 5.96369155324572 4.77389023161786 0.36188024471598
2026-08-09T09:29:00.000 4142.929734129910 -1895.268911457220 -5050.512818437300 4.90038838909528 5.54163577764482 1.94895959086366
2026-08-09T09:33:00.000 5154.871682591490 -512.775427642510 -4405.146071384530 3.48081442833329 5.90923026358535 3.39672256085308
2026-08-09T09:37:00.000 5793.261773581240 906.844849488120 -3439.683469616780 1.80615467639608 5.84888958469991 4.60007351835226
2026-08-09T09:41:00.000 6011.028214321270 2260.592667555280 -2223.804106797230 -0.00310009164043 5.36336063211995 5.47054512334688
2026-08-09T09:45:00.000 5791.526812391470 3449.872277435190 -845.728113673153 -1.81539238809207 4.48648902114364 5.94315747114027
2026-08-09T09:49:00.000 5150.063386007340 4387.778861392170 594.113381742936 -3.49769835835775 3.28136160020450 5.98188243188662
2026-08-09T09:53:00.000 4133.007095502590 5005.666703871080 1990.479977304000 -4.92594991077193 1.83610008216687 5.58302685470004
2026-08-09T09:57:00.000 2814.418383769450 5258.361173138370 3241.210342069800 -5.99496168378421 0.25684938633121 4.77574482702956
2026-08-09T10:01:00.000 1290.521868173580 5127.506966721670 4254.857506340480 -6.62636787042068 -1.34046214247971 3.61957608265940
2026-08-09T10:05:00.000 -327.473729274648 4622.866574055030 4957.461971190450 -6.77442167872480 -2.83894479232744 2.19973414757248
2026-08-09T10:09:00.000 -1921.632705080380 3781.487452386410 5297.939144390020 -6.42907865508530 -4.12952928910517 0.62037616280718
2026-08-09T10:13:00.000 -3375.932013106890 2664.857541096370 5251.690901934820 -5.61612136709984 -5.11879093675190 -1.00327687332362
2026-08-09T10:17:00.000 -4584.635854628270 1354.359042505180 4822.287646415490 -4.39496538203213 -5.73531441425986 -2.55309588401521
2026-08-09T10:21:00.000 -5459.903153091320 -54.635567358329 4041.161585570290 -2.85443449381521 -5.93462591707632 -3.91640819059276
2026-08-09T10:25:00.000 -5938.131320481590 -1459.654172176830 2965.329530069180 -1.10651851542272 -5.70240224277069 -4.99394062669429
2026-08-09T10:29:00.000 -5984.617169476810 -2758.550738868500 1673.290032099220 0.72138647900337 -5.05573113737489 -5.70711934932608
2026-08-09T10:33:00.000 -5596.144715751980 -3856.976844158650 259.288312150251 2.49594110262399 -4.04210990631127 -6.00412236870679
2026-08-09T10:37:00.000 -4801.220174780230 -4675.302557144160 -1173.611023255200 4.08777165695853 -2.73595007022560 -5.86374856651499
2026-08-09T10:41:00.000 -3657.942968889440 -5154.454376490620 -2521.132447545560 5.38126168200391 -1.23301769414554 -5.29718863873952
2026-08-09T10:45:00.000 -2249.604341863350 -5260.156951048440 -3685.479378292790 6.28335374437602 0.35715119656694 -4.34678116227358
2026-08-09T10:49:00.000 -678.461030683386 -4985.253823250940 -4582.406013499700 6.72994948274040 1.91951965710061 -3.08233792424862
2026-08-09T10:53:00.000 941.745050113935 -4350.015421342280 -5147.177150568330 6.68988076794015 3.34189256774140 -1.59560160216044
2026-08-09T10:57:00.000 2493.928113354800 -3400.530691166660 -5339.050057208050 6.16653015926342 4.52252635786901 0.00642287342135
2026-08-09T11:01:00.000 3865.916087127120 -2205.363388266670 -5144.063771428000 5.19718563316746 5.37690895251578 1.60882094284572
2026-08-09T11:05:00.000 4958.317247008900 -850.731661899578 -4576.018640465920 3.85050577254645 5.84323594394052 3.09643474463029
2026-08-09T11:09:00.000 5691.580606455950 565.486298331526 -3675.616117449920 2.22230766136541 5.88677510864991 4.36153767159437
2026-08-09T11:13:00.000 6011.817175401470 1940.635468244290 -2507.756438473890 0.42945743530994 5.50279622397017 5.31143051811817
2026-08-09T11:17:00.000 5894.942245979930 3174.654122661050 -1157.074378628060 -1.39798605354473 4.71764641497273 5.87545302982095
2026-08-09T11:21:00.000 5348.741141068420 4177.441639756470 278.088919279677 -3.12618561547718 3.58757082618274 6.01089205424804
2026-08-09T11:25:00.000 4412.540980722430 4875.623407540530 1692.899353904080 -4.62783614419759 2.19486074806712 5.70676077714073
2026-08-09T11:29:00.000 3154.439136321210 5218.114080095770 2983.844746016670 -5.79210831276266 0.64178896701648 4.98506732306870
2026-08-09T11:33:00.000 1666.235135263290 5179.976208722040 4056.518236171900 -6.53360801698196 -0.95751102110671 3.89910111535129
2026-08-09T11:37:00.000 56.530463245599 4764.190932036020 4832.619055875970 -6.79849915658012 -2.48598207819328 2.52889255772416
2026-08-09T11:41:00.000 -1557.321385250800 4001.315825706740 5255.656679921240 -6.56806695958948 -3.83227813036577 0.97499569760261
2026-08-09T11:45:00.000 -3057.816947844640 2947.136963610640 5294.993262019390 -5.85973432898869 -4.89877322744012 -0.64904639737300
2026-08-09T11:49:00.000 -4335.833795887560 1678.521115170960 4947.966687459200 -4.72542404364533 -5.60842809113218 -2.22505278871434
2026-08-09T11:53:00.000 -5298.476801984520 287.816393999343 4240.009017596750 -3.24765243838074 -5.91001365371569 -3.63844046541633
2026-08-09T11:57:00.000 -5875.778306637440 -1123.814526438740 3222.810779331610 -1.53386369823774 -5.78176974885168 -4.78628355367668
2026-08-09T12:01:00.000 -6025.816546995640 -2453.722846553370 1970.600654045860 0.29107544633860 -5.23318412818804 -5.58488553612285
2026-08-09T12:05:00.000 -5737.830661977700 -3605.265705371730 574.738030146067 2.09396634046214 -4.30457333987311 -5.97610051350252
2026-08-09T12:09:00.000 -5033.026609283920 -4494.916975606900 -863.006063334946 3.74332663688011 -3.06421345520291 -5.93187692040093
2026-08-09T12:13:00.000 -3962.958596980200 -5058.381850476690 -2237.967838180870 5.11931762148523 -1.60305625562425 -5.45628212558454
2026-08-09T12:17:00.000 -2605.641456612820 -5255.233729831400 -3450.291305014180 6.12265404446026 -0.02777177010918 -4.58501832411497
2026-08-09T12:21:00.000 -1059.707250400950 -5071.720185557480 -4412.198723494490 6.68179846894133 1.54744793762233 -3.38231095362439
2026-08-09T12:25:00.000 562.858433598080 -4521.550610854970 -5054.239951812810 6.75755692629418 3.00931124313233 -1.93565740751900
2026-08-09T12:29:00.000 2144.774300864590 -3644.729278027930 -5330.114184826000 6.34514507923463 4.25321847778950 -0.34932287057082
2026-08-09T12:33:00.000 3571.749935052400 -2504.617960230680 -5219.839451166100 5.47408473736509 5.19019202992612 1.26288884409363
2026-08-09T12:37:00.000 4740.504197277250 -1183.462666255680 -4731.133468764790 4.20608912197095 5.75271970897264 2.78522125482548
2026-08-09T12:41:00.000 5566.059955307970 223.336609531985 -3898.959170370630 2.63120217631973 5.89934805925601 4.10767577675195
2026-08-09T12:45:00.000 5987.911789622970 1613.901255824930 -2783.223682560470 0.86221078638028 5.61797625113054 5.13363784888318
2026-08-09T12:49:00.000 5974.615178429070 2887.150031826430 -1464.685155436810 -0.97289662123225 4.92743302868734 5.78709461454277
2026-08-09T12:53:00.000 5526.372086613700 3950.191607156510 -39.245275380732 -2.74000546081985 3.87683965802126 6.01876409466229
2026-08-09T12:57:00.000 4675.295105649530 4725.276350973290 1389.038960321000 -4.30906551138493 2.54251016004105 5.81050888891702
2026-08-09T13:01:00.000 3483.185218452320 5155.683009340710 2715.701265205580 -5.56434958023003 1.02223209972609 5.17710330034976
2026-08-09T13:05:00.000 2036.980422718200 5209.997889141690 3843.693060441090 -6.41350318007803 -0.57225729110033 4.16519030524880
2026-08-09T13:09:00.000 442.236288430268 4884.423861573600 4690.626710036010 -6.79467210591805 -2.12407052427815 2.84944340315112
2026-08-09T13:13:00.000 -1184.753692025870 4202.943420917670 5194.814150765350 -6.68069734144608 -3.52004534067383 1.32653820667611
2026-08-09T13:17:00.000 -2725.504685214170 3215.421320262680 5319.677104876670 -6.08048470696730 -4.65891028404421 -0.29224095548168
2026-08-09T13:21:00.000 -4067.926351158330 1993.894896047820 5056.308046482710 -5.03809361569405 -5.45825415289422 -1.88896294516576
2026-08-09T13:25:00.000 -5114.419907954570 627.315102876057 4424.055573826500 -3.62946531304410 -5.86036133990863 -3.34750682248586
2026-08-09T13:29:00.000 -5788.911802966830 -784.891766894493 3469.100854175360 -1.95701758551007 -5.83617739190086 -4.56169824974538
2026-08-09T13:33:00.000 -6042.396219742300 -2140.014937913450 2261.134272685630 -0.14253214476054 -5.38759629788946 -5.44302496498572
2026-08-09T13:37:00.000 -5856.554944464080 -3339.543887323720 888.298522808748 1.68157968281290 -4.54756164564665 -5.92721432491669
2026-08-09T13:41:00.000 -5245.148146873900 -4296.408845971860 -549.275831713917 3.38214253579347 -3.37788369530427 -5.97932050431890
2026-08-09T13:45:00.000 -4252.957466689000 -4941.378634450430 -1946.884111926860 4.83545005678786 -1.96442884563410 -5.59636432325996
2026-08-09T13:49:00.000 -2952.386874624200 -5228.073837273600 -3202.962156126670 5.93645811656036 -0.41053379384085 -4.80729180886949
2026-08-09T13:53:00.000 -1438.026536578460 -5136.225013478570 -4226.496953133580 6.60641569211013 1.17095002785598 -3.67045467447688
2026-08-09T13:57:00.000 180.340900781292 -4672.945719721560 -4943.546044796290 6.79812743011675 2.66606710436308 -2.26880042383663
2026-08-09T14:01:00.000 1785.686400027450 -3872.025965753470 -5302.403597801110 6.49864638792363 3.96774275620711 -0.70354839003225
2026-08-09T14:05:00.000 3262.036945994160 -2791.400801445520 -5277.139052953210 5.72958995601696 4.98294513620374 0.91295816339957
2026-08-09T14:09:00.000 4502.606287185510 -1509.034173183510 -4869.371981422000 4.54547964991961 5.63871333660527 2.46475001585627
2026-08-09T14:13:00.000 5417.315990752320 -117.488249354306 -4108.219349744580 3.03029776602059 5.88707020752689 3.83992521491818
2026-08-09T14:17:00.000 5939.278218314720 1282.537235582080 -3048.406660190610 1.29230863794236 5.70867894926461 4.93825699571842
2026-08-09T14:21:00.000 6029.813781807720 2589.362924788110 -1766.559892518020 -0.54302643843460 5.11488122949443 5.67864613860191
2026-08-09T14:25:00.000 5681.548886876100 3707.725272153060 -355.818807980700 -2.34187418760837 4.14759141079968 6.00552657711861
2026-08-09T14:29:00.000 4919.243709452740 4555.864675410810 1080.903220046420 -3.97200529067167 2.87680512229912 5.89364579017820
2026-08-09T14:33:00.000 3798.161643670350 5071.714182937140 2438.549328245360 -5.31317330661544 1.39557978452689 5.35057971280338
2026-08-09T14:37:00.000 2400.010504055590 5217.594305652200 3617.800208541590 -6.26669348503847 -0.18726255905374 4.41622352272661
2026-08-09T14:41:00.000 826.828559420474 4982.989415332810 4532.483291726810 -6.76286175917250 -1.75563494392747 3.15949636276074
2026-08-09T14:45:00.000 -806.623756064339 4385.241863815130 5115.923331357820 -6.76600290310388 -3.19494659473609 1.67287691330122
2026-08-09T14:49:00.000 -2381.356543921120 3468.146054013100 5325.754627268950 -6.27662932499186 -4.40070246964851 0.06516393839387
2026-08-09T14:53:00.000 -3782.797690851530 2298.627404883990 5146.881279705930 -5.33076044698323 -5.28570014153851 -1.54654890833612
2026-08-09T14:57:00.000 -4909.039735686170 961.867320046697 4592.492214339830 -3.99731368232313 -5.78592053315158 -3.04501929440632
2026-08-09T15:01:00.000 -5678.204072639750 -444.859875642583 3703.099245971080 -2.37327525365397 -5.86522469728212 -4.32118412657460
2026-08-09T15:05:00.000 -6034.388144727930 -1819.231627104230 2543.612361391830 -0.57686272293552 -5.51796449421016 -5.28201938715580
2026-08-09T15:09:00.000 -5951.782045256420 -3061.319642926880 1198.640312657460 1.26089399080877 -4.76966111725117 -5.85743478522203
2026-08-09T15:13:00.000 -5436.605600118870 -4080.920292192960 -233.699945270569 3.00580787851005 -3.67535281379854 -6.00571274673451
2026-08-09T15:17:00.000 -4526.636636758090 -4804.188906448630 -1649.036544365980 4.53075536623657 -2.31544373533817 -5.71676222585273
2026-08-09T15:21:00.000 -3288.338876995110 -5179.020218539520 -2944.455393003990 5.72533162202531 -0.78950058521667 -5.01269145221570
2026-08-09T15:25:00.000 -1811.843399337210 -5178.736657674250 -4026.028898822520 6.50386501233074 0.79149751361495 -3.94573794745825
2026-08-09T15:29:00.000 -204.265435745852 -4803.841180018260 -4815.569732950330 6.81126657139732 2.31342216515543 -2.59394809640978
2026-08-09T15:33:00.000 1418.084642365700 -4081.783376776010 -5256.128699848690 6.62633874986571 3.66714542781618 -1.05514654972373
2026-08-09T15:37:00.000 2937.988844411620 -3064.859583356400 -5315.912038245760 5.96268268179674 4.75589407958529 0.56008148256770
2026-08-09T15:41:00.000 4245.564080960000 -1826.461229615640 -4990.447330763040 4.86744441727959 5.50160232681244 2.13591624182221
2026-08-09T15:45:00.000 5245.976119819130 -455.947517169288 -4302.925764080620 3.41824314708821 5.85003358515360 3.55891857576981
2026-08-09T15:49:00.000 5866.215622506080 947.578135871370 -3302.710945892450 1.71837247791396 5.77476735059243 4.72569700843983
2026-08-09T15:53:00.000 6060.504633508250 2282.266100803170 -2062.028726672560 -0.10976565568776 5.27960656170834 5.55032090554484
2026-08-09T15:57:00.000 5813.911920600570 3450.891846050610 -670.943842372239 -1.93308392731744 4.39919923733016 5.97110748285650
2026-08-09T16:01:00.000 5143.738611044640 4368.073669449040 769.137249618207 -3.61779143661057 3.19701331086743 5.95591321696966
2026-08-09T16:05:00.000 4098.452138454930 4966.694095079220 2152.950385885530 -5.03965772954321 1.76087037401251 5.50502304257676
2026-08-09T16:09:00.000 2754.185962044530 5202.990339965340 3379.251631362090 -6.09391453016084 0.19627938884006 4.65143610187973
2026-08-09T16:13:00.000 1209.045598759930 5059.821592541030 4358.398248264960 -6.70338525569985 -1.38188304378441 3.45816453838041
2026-08-09T16:17:00.000 -424.236925822747 4547.849440503890 5018.972906193220 -6.82403252751881 -2.85826990235464 2.01303298406360
2026-08-09T16:21:00.000 -2026.636039194620 3704.630191480550 5312.951626618380 -6.44772324812635 -4.12546337415860 0.42195679992190
2026-08-09T16:25:00.000 -3481.537472846050 2591.755771684380 5219.115798921270 -5.60245450264671 -5.09178045014700 -1.19901551356874
2026-08-09T16:29:00.000 -4683.148132875950 1290.300160746120 4744.477472694570 -4.34985033451781 -5.68743271726711 -2.73203257482157
2026-08-09T16:33:00.000 -5544.101577150480 -105.027912327225 3923.737101478330 -2.78097168670220 -5.86928959495635 -4.06556532134978
2026-08-09T16:37:00.000 -6001.809565418550 -1492.722618441560 2816.799989171960 -1.01002239778233 -5.62423753481720 -5.10240589651131
2026-08-09T16:41:00.000 -6023.061674314380 -2771.870583468840 1504.441159913530 0.83387405622118 -4.97031174963329 -5.76693142942254
2026-08-09T16:45:00.000 -5606.496202099350 -3849.537833955780 82.407569159698 2.61609603619392 -3.95560143775902 -6.01082175372261
2026-08-09T16:49:00.000 -4782.706050022010 -4647.609802995370 -1345.641206676400 4.20668469490036 -2.65471955079859 -5.81689976635506
2026-08-09T16:53:00.000 -3611.910324853130 -5108.500106342710 -2675.806906552280 5.49026703035681 -1.16300256604264 -5.20030284383597
2026-08-09T16:57:00.000 -2179.400133321560 -5199.266680753580 -3811.576241428970 6.37456094348689 0.41084641838734 -4.20698256119527
2026-08-09T17:01:00.000 -589.174386028291 -4913.835125135860 -4670.793626952070 6.79680317790878 1.95303606531368 -2.90980484115004
2026-08-09T17:05:00.000 1043.653689796960 -4273.227882353340 -5191.459499710390 6.72757453549857 3.35285575105374 -1.40281713955397
2026-08-09T17:09:00.000 2601.086315527580 -3323.907984765970 -5336.015416105290 6.17230451780005 4.51020508906618 0.20556399777133
2026-08-09T17:13:00.000 3970.555225180480 -2134.419879262220 -5093.909119839110 5.17053216561063 5.34218391966309 1.79996504167994
2026-08-09T17:17:00.000 5052.829133436610 -790.578432394238 -4482.343444664640 3.79325864927753 5.78857969251582 3.26575583070121
2026-08-09T17:21:00.000 5769.064089119410 610.506529471587 -3545.173524203400 2.13848979146899 5.81607247483832 4.49673569267937
2026-08-09T17:25:00.000 6066.576135592650 1967.252297051240 -2349.984973937370 0.32505384693836 5.42105400855977 5.40254976242125
2026-08-09T17:29:00.000 5922.921978450540 3180.908712402160 -983.443436475846 -1.51536693308697 4.63073172624828 5.91565006018659
2026-08-09T17:33:00.000 5347.854878831310 4162.847671195730 454.905135279213 -3.24785276027267 3.50182351822496 5.99705738199154
2026-08-09T17:37:00.000 4382.844381984860 4841.230887211830 1859.968316767650 -4.74477302402298 2.11665487027601 5.63987585475796
2026-08-09T17:41:00.000 3098.106342446490 5166.444531544380 3128.951361458220 -5.89578134424244 0.57690312999774 4.87005458130953
2026-08-09T17:45:00.000 1587.386954893790 5114.820628981770 4169.057871939290 -6.61640847229898 -1.00431457452619 3.74440467659824
2026-08-09T17:49:00.000 -39.062544773108 4690.330032372140 4904.385822748390 -6.85439458849112 -2.51127781610041 2.34591514259380
2026-08-09T17:53:00.000 -1662.681572097940 3924.162553130100 5281.441842246220 -6.59308590800833 -3.83426467396742 0.77713351942643
2026-08-09T17:57:00.000 -3165.277780389670 2872.327904365420 5272.937331063460 -5.85211654628671 -4.87738471766996 -0.84743014860592
2026-08-09T18:01:00.000 -4437.580801972890 1611.501857212210 4879.684350506520 -4.68570921403494 -5.56531461205163 -2.40954059725031
2026-08-09T18:05:00.000 -5387.099614135090 233.445950750752 4130.474939156010 -3.17865774142162 -5.84836679489525 -3.79561423939037
2026-08-09T18:09:00.000 -5944.806151194590 -1161.602353969600 3080.000418524380 -1.44055362364933 -5.70605933431181 -4.90471869264179
2026-08-09T18:13:00.000 -6070.195987843060 -2472.190170528390 1804.911673414310 0.40191168924565 -5.14887407068327 -5.65593745791675
2026-08-09T18:17:00.000 -5754.305961848540 -3603.074617286330 398.238581867399 2.21423567839768 -4.21777486703912 -5.99458180170881
2026-08-09T18:21:00.000 -5020.385306386590 -4472.227263159320 -1037.456904983910 3.86419523451811 -2.98123745665796 -5.89643213830049
2026-08-09T18:25:00.000 -3922.129262127320 -5016.851656157220 -2397.668606831870 5.23191487960980 -1.52999678940684 -5.36958465397496
2026-08-09T18:29:00.000 -2539.604448287120 -5197.902122921650 -3583.642792478430 6.21885418126207 0.03005042821819 -4.45349257039693
2026-08-09T18:33:00.000 -973.253595951234 -5002.766059085410 -4509.537145640120 6.75471599905139 1.58590933963862 -3.21555686439689
2026-08-09T18:37:00.000 663.477177485239 -4445.970990597020 -5108.516034427550 6.80196741242923 3.02575015696243 -1.74572723320529
2026-08-09T18:41:00.000 2252.283739238110 -3567.970569617070 -5337.380305366020 6.35779349281713 4.24656027110635 -0.14986341833208
2026-08-09T18:45:00.000 3678.354219020930 -2432.191120940090 -5179.523516306830 5.45390493755906 5.16096972369212 1.45755074166086
2026-08-09T18:49:00.000 4838.428488819770 -1120.566578833430 -4646.089242049010 4.15434726485559 5.70298208993688 2.96102413461730
2026-08-09T18:53:00.000 5648.118931995760 272.169579136594 -3775.284756196390 2.55151817102821 5.83258785419904 4.25182078280215
2026-08-09T18:57:00.000 6048.041807433730 1645.130556470810 -2629.837041925270 0.76024872500900 5.53891102971914 5.23555850681868
2026-08-09T19:01:00.000 6008.321714887580 2898.480864598230 -1292.700303013960 -1.08978098400539 4.84166878501505 5.83917016452300
2026-08-09T19:05:00.000 5531.087897639390 3940.748143348660 138.813850580034 -2.86320244843593 3.79053989863660 6.01695861163965
2026-08-09T19:09:00.000 4650.605005288640 4695.691900481500 1560.155593016390 -4.42937934293562 2.46201267400491 5.75480153013400
2026-08-09T19:13:00.000 3430.869664343160 5108.083569453500 2867.347210891360 -5.67282006966467 0.95355465990702 5.07156349005691
2026-08-09T19:17:00.000 1960.860919620130 5147.859093775560 3964.776299615110 -6.50218324336677 -0.62398608324336 4.01761997981866
2026-08-09T19:21:00.000 347.870812995065 4812.299382984290 4772.311123438550 -6.85711451631464 -2.15505074021114 2.67071373093911
2026-08-09T19:25:00.000 -1290.480279555380 4126.113630817650 5231.157849069920 -6.71235195527513 -3.52803315836875 1.12975539837357
2026-08-09T19:29:00.000 -2834.886652510030 3139.510052654020 5308.062958464110 -6.07912778319915 -4.64332288233742 -0.49265794139234
2026-08-09T19:33:00.000 -4173.017012884070 1924.450589030780 4997.619486206520 -5.00391287856259 -5.42028953628174 -2.07844165927175
2026-08-09T19:37:00.000 -5207.595805714790 569.401078301853 4322.598322338010 -3.56496867359508 -5.80283598772941 -3.51225522367635
2026-08-09T19:41:00.000 -5863.421685039220 -827.063051164139 3332.295061230480 -1.86691626995043 -5.76332315552916 -4.68971865760349
2026-08-09T19:45:00.000 -6092.854112297880 -2163.387814041530 2098.976223909390 -0.03343852445442 -5.30476752173312 -5.52498561120122
2026-08-09T19:49:00.000 -5879.341490641320 -3342.447790819750 712.626437713360 1.80166707298797 -4.46087208425563 -5.95719916643956
2026-08-09T19:53:00.000 -5238.663636374980 -4278.679970479560 -725.658183348491 3.50448675778505 -3.29369179322817 -5.95522798323860
2026-08-09T19:57:00.000 -4217.734569799850 -4904.367835302910 -2111.140776807360 4.95113240151824 -1.88893332955379 -5.52005292471067
2026-08-09T20:01:00.000 -2891.042465525530 -5174.551381765170 -3343.174720676080 6.03715423966347 -0.34926688064468 -4.68448622878581
2026-08-09T20:05:00.000 -1355.042646670730 -5070.156177276220 -4332.531309634630 6.68497844252214 1.21361863020858 -3.51018769727338
2026-08-09T20:09:00.000 278.951766400529 -4599.178702907270 -5007.762729187920 6.84901976865902 2.68719148074577 -2.08269506833504
2026-08-09T20:13:00.000 1892.806953656870 -3795.923767765780 -5320.178116984350 6.51823092333601 3.96599033215292 -0.50495992989151
2026-08-09T20:17:00.000 3369.925032074890 -2718.454858385120 -5247.172668371370 5.71633318691932 4.95856501780852 1.10981686590513
2026-08-09T20:21:00.000 4603.422871361390 -1444.492142918500 -4793.789168681360 4.50012365438347 5.59347598662209 2.64572215073283
2026-08-09T20:25:00.000 5503.680288567850 -66.001555225487 -3992.441361360560 2.95592463877884 5.82415516634585 3.99185995672384
2026-08-09T20:29:00.000 6004.819279199680 1317.237144251450 -2900.787606353980 1.19419543063574 5.63254059101766 5.05002811194166
2026-08-09T20:33:00.000 6069.648335622450 2604.738833276490 -1597.795465826530 -0.65783493429068 5.03095026899409 5.74198021796640
2026-08-09T20:37:00.000 5692.651504356730 3702.618152035030 -178.185374201125 -2.46502219688202 4.06185751231700 6.01560933906563
2026-08-09T20:41:00.000 4900.696809167780 4530.587814872390 1254.432164045740 -4.09439680065434 2.79548880914539 5.84954221990679
2026-08-09T20:45:00.000 3751.245456125400 5028.054103218600 2595.264482482390 -5.42571713608872 1.32464727040586 5.25541996751964
2026-08-09T20:49:00.000 2328.115654131260 5158.691361555630 3746.210568457260 -6.36100561167080 -0.24255503553297 4.27696962980472
2026-08-09T20:53:00.000 735.197428596910 4913.121647235780 4623.182341330750 -6.83202121407717 -1.79114979489210 2.98643319633458
2026-08-09T20:57:00.000 -911.314157378531 4309.496728974140 5162.280252846390 -6.80500482341135 -3.20812012881676 1.47868498141282
2026-08-09T21:01:00.000 -2491.476534760940 3392.031153896790 5324.376895384450 -6.28258880140918 -4.39058080588977 -0.13599242681210
2026-08-09T21:05:00.000 -3890.316756018250 2227.686905730480 5097.866507964900 -5.30327681502350 -5.25296615269290 -1.73992715977882
2026-08-09T21:09:00.000 -5006.133844339420 901.269422090500 4499.423384328100 -3.93845474074673 -5.73299809154936 -3.21651778964209
2026-08-09T21:13:00.000 -5757.817831766400 -490.705556464672 3572.769976912360 -2.28736985981561 -5.79597037846869 -4.45828544942377
2026-08-09T21:17:00.000 -6090.753629714980 -1846.994242941810 2385.536238889970 -0.47023427975335 -5.43745156302400 -5.37472619768310
2026-08-09T21:21:00.000 -5980.844996236990 -3068.993249589250 1024.350311382600 1.38038138758871 -4.68380097702390 -5.89902841651757
2026-08-09T21:25:00.000 -5436.319701452880 -4067.977399661060 -411.503898622752 3.12938717517321 -3.59047542415513 -5.99323486523768
2026-08-09T21:29:00.000 -4497.105103938960 -4771.626549599130 -1817.420534350990 4.64940743255928 -2.23783957558079 -5.65124368761650
2026-08-09T21:33:00.000 -3231.788047535220 -5129.286908869860 -3091.204994190950 5.83048574112461 -0.72489834317989 -4.89905465012181
2026-08-09T21:37:00.000 -1732.435984073100 -5115.542710487760 -4140.542133717320 6.58806153706616 0.83839386380592 -3.79239729541658
2026-08-09T21:41:00.000 -107.772095723124 -4731.858478195250 -4889.611650324570 6.86861545008511 2.33935100612414 -2.41207432591320
2026-08-09T21:45:00.000 1524.695845220760 -4006.278334587870 -5284.392794089520 6.65280368577532 3.67042545033413 -0.85783452277559
2026-08-09T21:49:00.000 3047.030089281270 -2991.306532514160 -5296.374089407040 5.95632228607280 4.73647085942798 0.75873474320798
2026-08-09T21:53:00.000 4349.142066063850 -1760.161294219290 -4924.497409063950 4.82851098855646 5.46094733127233 2.32169658572136
2026-08-09T21:57:00.000 5336.534326369240 -401.678479941399 -4195.290767597850 3.34929901834414 5.79102117551790 3.71839066052180
2026-08-09T22:01:00.000 5937.087854268000 985.883217240159 -3161.152213960360 1.62425158172357 5.70153426850661 4.84716908105772
2026-08-09T22:05:00.000 6106.430524785950 2301.803650795380 -1896.810553757010 -0.22226257325387 5.19739358242083 5.62477866180597
2026-08-09T22:09:00.000 5831.439857355920 3450.211581637710 -494.090272068411 -2.05579680602824 4.31394610218205 5.99299287396030
2026-08-09T22:13:00.000 5131.482944709250 4347.182227086150 944.716007553148 -3.74172974662028 3.11487210380897 5.92343749288966
2026-08-09T22:17:00.000 4057.225820764770 4927.070324398380 2314.397815775690 -5.15564236443746 1.68787384114855 5.42045073711373
2026-08-09T22:21:00.000 2686.945275970650 5147.490781407050 3514.731614148800 -6.19337409284182 0.13778993939877 4.52094578784658
2026-08-09T22:25:00.000 1120.667375011760 4992.465110223830 4457.975953887440 -6.77897308019587 -1.42159208292011 3.29130747976291
2026-08-09T22:29:00.000 -527.312276438787 4473.526657600620 5075.347603273720 -6.87017639072920 -2.87625636731995 1.82209040619728
2026-08-09T22:33:00.000 -2136.896963098510 3628.742631049750 5321.996863818070 -6.46109310336270 -4.12044535312805 0.22089617319714
2026-08-09T22:37:00.000 -3590.947760322980 2519.812833159300 5180.154265706020 -5.58203031287210 -5.06411369683389 -1.39555953203145
2026-08-09T22:41:00.000 -4783.727336419040 1227.538956923330 4660.337302769510 -4.29715052732297 -5.63904697920764 -2.90965790549472
2026-08-09T22:45:00.000 -5628.531654885800 -154.030651256039 3800.558886328920 -2.69993192865679 -5.80373461969805 -4.21126210523255
2026-08-09T22:49:00.000 -6063.967169761320 -1524.403462302630 2663.577854552980 -0.90660756823146 -5.54633330642292 -5.20553910746213
2026-08-09T22:53:00.000 -6058.463105521270 -2783.940209793260 1332.361453586620 0.95204762597387 -4.88579973606360 -5.81998556795474
2026-08-09T22:57:00.000 -5612.630188592770 -3841.155104599710 -95.974883509179 2.74031117377972 -3.87073999058178 -6.00998701913065
2026-08-09T23:01:00.000 -4759.212842909090 -4619.452264643990 -1517.336349972160 4.32785390981961 -2.57581904592856 -5.76237466060534
2026-08-09T23:05:00.000 -3560.584250315960 -5062.713459375950 -2828.350401834540 5.59964398941717 -1.09589562587940 -5.09623618550463
2026-08-09T23:09:00.000 -2104.033952753760 -5139.286792338860 -3933.940270491720 6.46432254503239 0.46130206210247 -4.06111686630699
2026-08-09T23:13:00.000 -495.271207612529 -4844.118227979320 -4754.180467326620 6.86061557620788 1.98324415639592 -2.73285663143738
2026-08-09T23:17:00.000 1149.297564214490 -4198.908385809270 -5229.915429181800 6.76102978751377 3.36080720654629 -1.20759540257549
2026-08-09T23:21:00.000 2710.858108126330 -3250.404348994390 -5326.815690508280 6.17303361099515 4.49552717679457 0.40509237123018
2026-08-09T23:25:00.000 4076.536079090110 -2067.049790669680 -5037.734168003130 5.13837010658571 5.30607261899716 1.98954913910503
2026-08-09T23:29:00.000 5147.329023796090 -734.199194743499 -4383.235014025740 3.73027953661390 5.73364422203103 3.43178016145057
2026-08-09T23:33:00.000 5845.161177660870 651.816130807154 -3410.279264306780 2.04902313403507 5.74616878400391 4.62707875466763
2026-08-09T23:37:00.000 6118.646963511540 1990.476560081580 -2189.086129789190 0.21551731161400 5.34114849422330 5.48755741384824
2026-08-09T23:41:00.000 5947.085109433280 3184.323929143060 -808.257029839577 -1.63695382222037 4.54657111740103 5.94895332574359
2026-08-09T23:45:00.000 5342.281024559200 4146.170106326640 631.586438430480 -3.37254703991944 3.41957815518531 5.97612159909485
2026-08-09T23:49:00.000 4347.887717612280 4805.651820935250 2025.222999622270 -4.86342078040058 2.04235389614710 5.56616635029744
2026-08-09T23:53:00.000 3036.284131895830 5114.539990316940 3270.683813547330 -5.99962939426453 0.51599972547324 4.74895452950200
2026-08-09T23:57:00.000 1503.192225995120 5050.368260618280 4276.897007538960 -6.69786383832717 -1.04733066996565 3.58479576190695
2026-08-10T00:01:00.000 -139.508629682457 4618.028604892360 4970.440383244290 -6.90753418451804 -2.53327360717671 2.15945344423545
2026-08-10T00:05:00.000 -1772.069529479520 3849.279695700150 5300.874154903440 -6.61400405943436 -3.83365471980681 0.57746957817479
2026-08-10T00:09:00.000 -3275.642340803720 2800.312115832810 5244.325271230400 -5.83928913377178 -4.85425466303675 -1.04568596036060
2026-08-10T00:13:00.000 -4540.884486519580 1547.586609865070 4805.110997069280 -4.64005274917946 -5.52134166549056 -2.59194927805153
2026-08-10T00:17:00.000 -5475.820011764400 182.286128576619 4015.375317707700 -3.10354477062477 -5.78668484286492 -3.94885294737995
2026-08-10T00:21:00.000 -6012.503459099140 -1196.269841125810 2932.771667725370 -1.34156577522570 -5.63115352795191 -5.01757848391528
2026-08-10T00:25:00.000 -6111.989069839770 -2487.838855365840 1636.300451562510 0.51745086143238 -5.06627529174148 -5.72017495000644
2026-08-10T00:29:00.000 -5767.227460895470 -3598.587320879660 220.546720853047 2.33781101426575 -4.13362274631427 -6.00556889980704
2026-08-10T00:33:00.000 -5003.587242532160 -4447.984025893490 -1211.288560954600 3.98676729376609 -2.90178110497801 -5.85350122514132
2026-08-10T00:37:00.000 -3876.927882677610 -4974.696528365200 -2555.018476953000 5.34460747212401 -1.46111127570468 -5.27603687897745
2026-08-10T00:41:00.000 -2469.359960058790 -5140.998389743570 -3713.131436318960 6.31361325773752 0.08332188347382 -4.31630808804916
2026-08-10T00:45:00.000 -883.102138498554 -4935.344093553020 -4601.845706231950 6.82487206861206 1.61977893781890 -3.04479839500892
2026-08-10T00:49:00.000 767.000145103439 -4372.995229882140 -5157.033345427300 6.84258553945929 3.03790613437967 -1.55377672170892
2026-08-10T00:53:00.000 2361.705388157700 -3494.768755227720 -5338.660036378480 6.36603810895119 4.23630917263805 0.04947159479876
2026-08-10T00:57:00.000 3785.782580822780 -2364.065452759710 -5133.500901997730 5.42912739009100 5.12919374481673 1.65003822292955
2026-08-10T01:01:00.000 4936.085077980600 -1062.429229802020 -4556.081240589440 4.09814774873443 5.65202641385964 3.13287218568104
2026-08-10T01:05:00.000 5728.875337096870 316.124886076832 -3647.771586906190 2.46769579540298 5.76605131158873 4.39059692865068
2026-08-10T01:09:00.000 6105.938235573190 1671.703204229720 -2474.041242400800 0.65472926733888 5.46145218696218 5.33098748647277
2026-08-10T01:13:00.000 6039.048662487570 2905.702528321880 -1119.957072453630 -1.20927349378810 4.75885172953711 5.88407468800324
2026-08-10T01:17:00.000 5532.335864671210 3928.053880721700 315.891526501551 -2.98784728258725 3.70840997696076 6.00794463373373
2026-08-10T01:21:00.000 4622.239648798040 4663.972696180490 1728.621870809760 -4.54998263713193 2.38658042577987 5.69249211470606
2026-08-10T01:25:00.000 3374.938398252830 5059.627719611070 3014.882681316410 -5.78052118418920 0.89037459791966 4.96052016818166
2026-08-10T01:29:00.000 1881.431252591070 5086.185269673490 4080.592147699620 -6.58909263101503 -0.67026767747154 3.86594861953824
2026-08-10T01:33:00.000 250.731707321304 4741.907423416020 4847.939810109650 -6.91689308714947 -2.18097292066820 2.48955990237163
2026-08-10T01:37:00.000 -1398.261656574660 4052.146317734130 5261.081008002390 -6.74072539488123 -3.53173536062403 0.93235451283675
2026-08-10T01:41:00.000 -2945.476988136850 3067.357798026980 5290.090637367840 -6.07400944876444 -4.62459305806075 -0.69193968131205
2026-08-10T01:45:00.000 -4278.367741272550 1859.362017518780 4933.056572030530 -4.96563666890186 -5.38051675187734 -2.26503122925878
2026-08-10T01:49:00.000 -5300.037926205940 516.107360060086 4216.154246418640 -3.49633392282780 -5.74491450643900 -3.67253776685648
2026-08-10T01:53:00.000 -5936.232211678050 -864.686073968387 3191.732350929800 -1.77296099351340 -5.69144815067836 -4.81202064408656
2026-08-10T01:57:00.000 -6140.751137424110 -2182.600172742770 1934.543562421350 0.07893306362401 -5.22416128378877 -5.60037607494270
2026-08-10T02:01:00.000 -5898.878829540420 -3341.855541788790 536.316231448120 1.92416452280058 -4.37746171093555 -5.98018939491278
2026-08-10T02:05:00.000 -5228.484912847510 -4258.350928497500 -900.997900551372 3.62809916436479 -3.21365653680052 -5.92422099938294
2026-08-10T02:09:00.000 -4178.657362099150 -4865.835009218530 -2272.761692911990 5.06688452738661 -1.81820694391698 -5.43746151583504
2026-08-10T02:13:00.000 -2825.969110915490 -5120.687498310480 -3479.363864879010 6.13673567525775 -0.29301401492584 -4.55646241585981
2026-08-10T02:17:00.000 -1268.731987106240 -5004.945705191870 -4433.455572324350 6.76133039041136 1.25136447570904 -3.34613601838703
2026-08-10T02:21:00.000 380.243317664317 -4527.403562658450 -5066.159319192640 6.89676851321355 2.70384721565766 -1.89449195376197
2026-08-10T02:25:00.000 2001.763176248570 -3722.802317305070 -5331.848553884660 6.53396019707642 3.96051000508676 -0.30612557223784
2026-08-10T02:29:00.000 3478.670216514250 -2649.268925812580 -5211.273880369620 5.69883936482426 4.93146498003199 1.30500918091147
2026-08-10T02:33:00.000 4704.070639988640 -1384.218672520650 -4712.888117431420 4.45051207642712 5.54675257206224 2.82328800295189
2026-08-10T02:37:00.000 5588.881106265440 -18.977792265492 -3872.340878877020 2.87755807109535 5.76111872379014 4.13896121154280
2026-08-10T02:41:00.000 6068.288916126040 1347.607359206680 -2750.142823373260 1.09254447609906 5.55760899296729 5.15587351310944
2026-08-10T02:45:00.000 6106.647073693270 2616.215848694560 -1427.529382436220 -0.77540610370611 4.94937958687179 5.79859405679382
2026-08-10T02:49:00.000 5700.389500203280 3694.312110167950 -0.716482977588 -2.58976611577717 3.97959315958536 6.01863271875119
2026-08-10T02:53:00.000 4878.561146050670 4503.063824451120 1426.128837706160 -4.21705612153807 2.71859454434907 5.79871267833114
2026-08-10T02:57:00.000 3700.834370652470 4983.294706960150 2748.632204170990 -5.53722028510274 1.25881656930410 5.15445282402596
2026-08-10T03:01:00.000 2253.111255648060 5099.961181965110 3870.040977371690 -6.45319177914447 -0.29242860903312 4.13330441520366
2026-08-10T03:05:00.000 641.075944631668 4844.721478390100 4708.437111303380 -6.89817428045019 -1.82135949760747 2.81062050329556
2026-08-10T03:09:00.000 -1017.689270374730 4236.442853934840 5202.758667400720 -6.84035686197214 -3.21645860747055 1.28365940423945
2026-08-10T03:13:00.000 -2602.370342818660 3319.673983814520 5317.161805861770 -6.28468247328920 -4.37648853842418 -0.33598966860255
2026-08-10T03:17:00.000 -3997.684891013650 2161.307828915670 5043.507183662000 -5.27196984821322 -5.21754844687012 -1.93040359400511
2026-08-10T03:21:00.000 -5102.180660587800 845.706826641189 4401.896592363700 -3.87600298532949 -5.67883083313042 -3.38355903901054
2026-08-10T03:25:00.000 -5835.577427598100 -531.404112406073 3439.207212471400 -2.19836293293721 -5.72703274732603 -4.58970803315194
2026-08-10T03:29:00.000 -6144.600190392140 -1869.872255491600 2225.694974663660 -0.36119147721667 -5.35880276566038 -5.46094882600239
2026-08-10T03:33:00.000 -6006.905685589180 -3072.405399481260 849.904557332780 1.50145944555205 -4.60123896426451 -5.93377081364387
2026-08-10T03:37:00.000 -5432.761679812100 -4051.715115384560 -587.825617297846 3.25361723132442 -3.51009964471835 -5.97405180253849
2026-08-10T03:41:00.000 -4464.260790117410 -4736.933760660570 -1982.782014673900 4.76774528466122 -2.16557628344276 -5.57968051401781
2026-08-10T03:45:00.000 -3172.110719789100 -5078.760661869850 -3233.608828893840 5.93441465712771 -0.66601670503823 -4.78050013354255
2026-08-10T03:49:00.000 -1650.298409740180 -5052.923454021470 -4249.697082086520 6.67018576117902 0.87969060294803 -3.63557677082346
2026-08-10T03:53:00.000 -9.140687165199 -4661.740668222460 -4957.655471254000 6.92312897819039 2.36018540545119 -2.22837988950515
2026-08-10T03:57:00.000 1632.692196972500 -3933.766713191430 -5306.432911638670 6.67586284331797 3.66944679506026 -0.66046762429084
2026-08-10T04:01:00.000 3156.590787040380 -2921.641568147130 -5270.813811586300 5.94619527017889 4.71388416229826 0.95565268111973
2026-08-10T04:05:00.000 4452.322747896190 -1698.358955889400 -4853.153259245380 4.78576837902876 5.41840992963277 2.50400075543697
2026-08-10T04:09:00.000 5425.811612472670 -352.186002331852 -4083.279553488410 3.27684435050315 5.73158761304499 3.87291862103091
2026-08-10T04:13:00.000 6005.895289585350 1019.492878978820 -3016.540464532190 1.52714011887573 5.62939421869588 4.96263246873258
2026-08-10T04:17:00.000 6149.652078319850 2317.076822011320 -1730.064229326390 -0.33707028674054 5.11763336257618 5.69260355988413
2026-08-10T04:21:00.000 5845.817336927040 3445.990573848560 -317.340567213340 -2.17984895458845 4.23223941102317 6.00797820721584
2026-08-10T04:25:00.000 5115.903659268240 4323.717130202050 1118.557772025130 -3.86575913861417 3.03720524973890 5.88436235330958
2026-08-10T04:29:00.000 4012.806966891610 4886.032210316380 2472.619699839980 -5.27045184106953 1.62001549285708 5.33016234013803
2026-08-10T04:33:00.000 2616.935539436040 5091.861283191940 3645.767494445740 -6.29051039650676 0.08481860215270 4.38608656028835
2026-08-10T04:37:00.000 1030.191928765140 4926.316277476200 4552.263316299050 -6.85134458157643 -1.45572824552224 3.12182204661926
2026-08-10T04:41:00.000 -631.644729790144 4401.715710638300 5126.031173346200 -6.91259132323846 -2.88902051549200 1.63044891849249
2026-08-10T04:45:00.000 -2247.490935803570 3556.537284559630 5325.420007222170 -6.47055060953641 -4.11095827429016 0.02111398831654
2026-08-10T04:49:00.000 -3699.771945429330 2452.495457883400 5136.110321271730 -5.55793338221210 -5.03313479607730 -1.58892472920084
2026-08-10T04:53:00.000 -4882.895130999980 1170.014164507300 4572.065297824640 -4.24125352857850 -5.58892332823393 -3.08262069645398
2026-08-10T04:57:00.000 -5710.847795748780 -197.577319875827 3674.502090982860 -2.61626429346285 -5.73807808426069 -4.35124083882988
2026-08-10T05:01:00.000 -6123.467452670350 -1550.796670827290 2508.935097563480 -0.80131561861941 -5.46992139532942 -5.30231673963744
2026-08-10T05:05:00.000 -6090.859861274350 -2791.259642373280 1160.417376008180 1.07122633161367 -4.80424796278724 -5.86650842007788
2026-08-10T05:09:00.000 -5615.625134514320 -3828.885504055250 -272.682403710294 2.86464357109288 -3.79005929666971 -6.00293558805035
2026-08-10T05:13:00.000 -4732.656291424370 -4588.519680048030 -1685.947507350360 4.44828274206019 -2.50192823387140 -5.70239093029060
2026-08-10T05:17:00.000 -3506.473527548140 -5015.410623547980 -2976.626679222260 5.70744788533422 -1.03420988488651 -4.98782195027222
2026-08-10T05:21:00.000 -2026.345222844670 -5079.105575577050 -4051.154318330960 6.55184057935138 0.50629721101207 -3.91226522383402
2026-08-10T05:25:00.000 -399.646798281418 -4775.468658860020 -4831.873411552930 6.92167221592042 2.00841605665033 -2.55435718868026
2026-08-10T05:29:00.000 1255.943737302600 -4126.779206235730 -5262.479066557040 6.79126530067779 3.36447851570075 -1.01228558628669
2026-08-10T05:33:00.000 2820.818312054650 -3180.004254215960 -5311.883914544180 6.17023463816941 4.47755199633213 0.60319960695649
2026-08-10T05:37:00.000 4181.841655545010 -2003.439780206050 -4976.343533398380 5.10257761709104 5.26780384916123 2.17626586287235
2026-08-10T05:41:00.000 5240.298927453970 -681.953726520294 -4279.761384756970 3.66387141149042 5.67776308610507 3.59361419381081
2026-08-10T05:45:00.000 5918.964496743100 688.919479817642 -3272.157435348000 1.95665710581347 5.67661877123164 4.75219702693528
2026-08-10T05:49:00.000 6167.810018260130 2009.733641076080 -2026.299601733750 0.10379589474561 5.26286869712487 5.56668775543177
2026-08-10T05:53:00.000 5967.913903386600 3184.304062402480 -632.630166707125 -1.75990770822178 4.46517820741977 5.97613898653322
2026-08-10T05:57:00.000 5333.151102599320 4126.826520084450 807.245917533162 -3.49768968095623 3.34091633594092 5.94917370984876
2026-08-10T06:01:00.000 4309.399631775010 4768.337344341290 2188.062753041940 -4.98139456895358 1.97219888552494 5.48693406297702
2026-08-10T06:05:00.000 2971.227881897470 5061.943261381570 3408.778832810770 -6.10168642741849 0.45960216989265 4.62325888219687
2026-08-10T06:09:00.000 1416.317848941720 4986.316187400040 4380.146794198770 -6.77650235444365 -1.08580583908213 3.42190920801103
2026-08-10T06:13:00.000 -241.851007954134 4547.193626647950 5031.309088447800 -6.95701437162146 -2.55096453518903 1.97134475248559
2026-08-10T06:17:00.000 -1882.412105636480 3776.838894833940 5314.938428071150 -6.63079948722817 -3.82927188915280 0.37793135786814
2026-08-10T06:21:00.000 -3385.953415063390 2731.551037572450 5210.579650542530 -5.82223568491234 -4.82816884470285 -1.24213170171824
2026-08-10T06:25:00.000 -4643.142307415090 1487.511482593500 4726.028033480410 -4.59041332543591 -5.47549705647965 -2.77100833305175
2026-08-10T06:29:00.000 -5562.591003330870 135.256723181195 3896.722223066630 -3.02489902763013 -5.72448295176397 -4.09753422842073
2026-08-10T06:33:00.000 -6077.465947682890 -1226.848145543870 2783.191085794690 -1.23958774419619 -5.55709315571774 -5.12504494614060
2026-08-10T06:37:00.000 -6150.408320931380 -2499.748704072410 1466.692503061850 0.63530336029779 -4.98570983189645 -5.77857863658608
2026-08-10T06:41:00.000 -5776.316528776390 -3590.965019208260 43.273085749268 2.46286754783694 -4.05242089370610 -6.01066158701812
2026-08-10T06:45:00.000 -4982.714377769860 -4421.395211993870 -1383.316934262450 4.10986517845943 -2.82590518428323 -5.80498099297127
2026-08-10T06:49:00.000 -3827.645506706640 -4931.100649073510 -2709.293880987850 5.45682100184811 -1.39612833318552 -5.17753521574238
2026-08-10T06:53:00.000 -2395.272919011230 -5083.594306335470 -3838.461304815110 6.40685858093066 0.13271651923514 -4.17508061128314
2026-08-10T06:57:00.000 -789.596913535304 -4868.321622360850 -4689.158222921420 6.89248154837983 1.65006078176956 -2.87114695348073
2026-08-10T07:01:00.000 873.157500863988 -4301.221768613430 -5200.015009411850 6.87977849306721 3.04700123447299 -1.36022650396697
2026-08-10T07:05:00.000 2472.844756071440 -3423.423753731480 -5334.179917842360 6.37009299712163 4.22368096608380 0.24905697229108
2026-08-10T07:09:00.000 3893.850433209430 -2298.275942819320 -5081.831457912200 5.39960349512931 5.09580979765872 1.84132232399314
2026-08-10T07:13:00.000 5033.206677846740 -1006.917339889500 -4460.890012024400 4.03696601292755 5.60026835859225 3.30206245604666
2026-08-10T07:17:00.000 5807.914266180310 357.360854476012 -3515.880036623020 2.37907770581350 5.69953905447129 4.52535805523782
2026-08-10T07:21:00.000 6161.031496509760 1695.663062783320 -2314.964553491070 0.54500995005435 5.38484864885583 5.42134767998420
2026-08-10T07:25:00.000 6066.065526996520 2910.607652763030 -945.240338134798 -1.33208058763975 4.67763278669057 5.92321063898405
2026-08-10T07:29:00.000 5529.207203292070 3913.504641753340 493.508266406414 -3.11469687211086 3.62850875094184 5.99279961436657
2026-08-10T07:33:00.000 4589.121099343670 4630.997662656870 1896.147331479000 -4.67149542672480 2.31388437570486 5.62404854928579
2026-08-10T07:37:00.000 3314.207727970940 5010.615207060890 3160.045922125640 -5.88767646680184 0.83025939806414 4.84376748950259
2026-08-10T07:41:00.000 1797.512584060640 5024.712172176620 4192.768806821600 -6.67398772681203 -0.71335355433452 3.70952602101397
2026-08-10T07:45:00.000 149.747929269401 4672.462304594200 4918.938703568030 -6.97333341920206 -2.20390863121288 2.30494032202759
2026-08-10T07:49:00.000 -1508.940855599970 3979.800948490960 5285.725823773770 -6.76459212693501 -3.53281516847882 0.73307222062329
2026-08-10T07:53:00.000 -3057.783708621530 2997.398964578910 5266.604834069330 -6.06363516111459 -4.60375657905568 -0.89128990180298
2026-08-10T07:57:00.000 -4384.132645733650 1796.892266163380 4863.175271758340 -4.92183057583515 -5.33933275432059 -2.44995656949331
2026-08-10T08:01:00.000 -5391.574003086830 465.675284060410 4104.982965122600 -3.42229349293839 -5.68640416529173 -3.82959730848161
2026-08-10T08:05:00.000 -6006.887034430100 -899.415072131562 3047.379895575460 -1.67405594330220 -5.61990672336782 -4.92976962827764
2026-08-10T08:09:00.000 -6185.392073605550 -2199.115058267360 1767.540608843070 0.19548731544904 -5.14484870574841 -5.67023622832152
2026-08-10T08:13:00.000 -5914.268198747220 -3338.975371695460 358.837080293537 2.04987416314835 -4.29613633977451 -5.99709604314893
2026-08-10T08:17:00.000 -5213.524063244210 -4236.308335309160 -1076.019814732700 3.75375610055370 -3.13628034891569 -5.88697791335022
2026-08-10T08:21:00.000 -4134.465333711900 -4826.267748665200 -2432.590069407780 5.18333656182451 -1.75043995054253 -5.34888596211431
2026-08-10T08:25:00.000 -2755.784968400530 -5066.511732511770 -3612.396133592450 6.23557997901935 -0.23978020614963 -4.42311767787462
2026-08-10T08:29:00.000 -1177.659922665160 -4940.131183042550 -4530.059790742230 6.83551299504273 1.28626521852481 -3.17776292892450
2026-08-10T08:33:00.000 485.609740611579 -4456.669061037350 -5119.348570525490 6.94098872938336 2.71799659581367 -1.70326641288958
2026-08-10T08:37:00.000 2113.807617914160 -3651.268400832280 -5337.768438274280 6.54505052334027 3.95300326736922 -0.10580687976380
2026-08-10T08:41:00.000 3589.287269286520 -2582.087236567940 -5169.459659058260 5.67589611851109 4.90292921242970 1.50007872224367
2026-08-10T08:45:00.000 4805.218157645470 -1326.218192385140 -4626.303168514940 4.39498952918010 5.49923267689759 2.99903613836816
2026-08-10T08:49:00.000 5673.154311098900 25.664004463357 -3747.192477683270 2.79328378230335 5.69797172129885 4.28260112308100
2026-08-10T08:53:00.000 6129.465306915840 1375.653611389080 -2595.461189536270 0.98551001983595 5.48328311188185 5.25680708252378
2026-08-10T08:57:00.000 6140.166324135010 2625.608844164760 -1254.537947803520 -0.89744605174919 4.86919327400339 5.84927308784667
2026-08-10T09:01:00.000 5703.710408554370 3684.329775829380 177.975506096829 -2.71780118800841 3.89930889251367 6.01513306079613
2026-08-10T09:05:00.000 4851.389959787730 4474.400018982480 1597.450260032390 -4.34153406060435 2.64418748267195 5.74116449759112
2026-08-10T09:09:00.000 3645.139632511790 4938.044162114330 2900.043829225280 -5.64898473195081 1.19585545892407 5.04711482847927
2026-08-10T09:13:00.000 2172.950125823050 5041.446631207030 3990.474434612100 -6.54406519425751 -0.33932082929721 3.98409496971923
2026-08-10T09:17:00.000 542.292969223360 4777.232873122010 4789.107607069970 -6.96153416527326 -1.84879416427395 2.63050959605328
2026-08-10T09:21:00.000 -1127.895422542390 4164.920219203330 5237.793800026380 -6.87161103865259 -3.22243666780163 1.08580673439688
2026-08-10T09:25:00.000 -2715.973163679450 3249.349105107090 5304.020600887640 -6.28156072033123 -4.36059011939984 -0.53714301451613
2026-08-10T09:29:00.000 -4106.414498478070 2097.321652096470 4983.168653117200 -5.23474123033705 -5.18095551730560 -2.12015201357937
2026-08-10T09:33:00.000 -5198.134641124080 792.727670689711 4298.781523518750 -3.80741755913438 -5.62426937552724 -3.54811310666799
2026-08-10T09:37:00.000 -5911.780678592010 -569.522052336245 3300.841197385870 -2.10335545986616 -5.65850752380547 -4.71710519484016
2026-08-10T09:41:00.000 -6195.510220704590 -1890.360693096420 2062.179169471870 -0.24672795522713 -5.28132165626468 -5.54185299279111
2026-08-10T09:45:00.000 -6028.839334855060 -3073.790840432260 673.171974207512 1.62699050202184 -4.52050852917973 -5.96234786877444
2026-08-10T09:49:00.000 -5424.148692285280 -4033.925908769400 -764.896151350754 3.38108603132945 -3.43202186593488 -5.94827927705353
2026-08-10T09:53:00.000 -4425.755570707180 -4701.301602900980 -2147.300489299680 4.88786112890457 -2.09587892966859 -5.50151570369938
2026-08-10T09:57:00.000 -3106.537684129380 -5027.922709274000 -3373.626111541900 6.03850043861022 -0.60977018868596 -4.65575420387331
2026-08-10T10:01:00.000 -1562.428004148170 -4990.616066359680 -4355.071606285910 6.75080084577792 0.91845891229844 -3.47339836802516
2026-08-10T10:05:00.000 94.666098768164 -4592.509549737540 -5020.769724825200 6.97452186276625 2.37878411474208 -2.04052485413567
2026-08-10T10:09:00.000 1744.934871789590 -3862.630805225550 -5322.720162956470 6.69433682218163 3.66663681259524 -0.46045227144283
2026-08-10T10:13:00.000 3269.153964312460 -2853.736997558150 -5239.074738138150 5.93036168385781 4.68994193809988 1.15344316367432
2026-08-10T10:17:00.000 4557.044893392530 -1638.573878658390 -4775.640923706540 4.73662199849633 5.37509532358826 2.68534362376376
2026-08-10T10:21:00.000 5515.054042640720 -304.828318129465 -3965.552713523340 3.19775495334972 5.67195006896085 4.02463667026975
2026-08-10T10:25:00.000 6073.106717732330 1050.990913482690 -2867.097644478800 1.42374218114407 5.55765664715207 5.07357359959753
2026-08-10T10:29:00.000 6189.864427679210 2330.411286391860 -1559.750300842190 -0.45728074634067 5.03892428069802 5.75448685509872
2026-08-10T10:33:00.000 5856.037800218200 3440.168716874620 -138.570599233638 -2.30802297169371 4.15229759420275 6.01610676843215
2026-08-10T10:37:00.000 5095.351475484120 4299.151755309700 1292.716335050130 -3.99242668116703 2.96191819127506 5.83802446078269
2026-08-10T10:41:00.000 3962.984549870690 4844.522294604090 2629.419268596230 -5.38618343090236 1.55499387898196 5.23275046637643
2026-08-10T10:45:00.000 2541.509442325180 5036.477216848770 3773.753276653270 -6.38684913635050 0.03494223012456 4.24488045450123
2026-08-10T10:49:00.000 934.679046903626 4861.160297740220 4642.120136027160 -6.92140100672037 -1.48680489997910 2.94724531242588
2026-08-10T10:53:00.000 -740.294464566562 4331.585125591230 5171.238298733860 -6.95133957451920 -2.89915854738790 1.43521541572017
2026-08-10T10:57:00.000 -2361.376651978710 3486.569154894810 5322.705492793030 -6.47516944089747 -4.09948280953184 -0.18055845767802
2026-08-10T11:01:00.000 -3810.611242712820 2387.803059092170 5085.689539650380 -5.52807467778286 -5.00091551782167 -1.78237980495749
2026-08-10T11:05:00.000 -4982.622842690820 1115.323267015290 4477.624237711690 -4.17908575830475 -5.53831270356594 -3.25375897393003
2026-08-10T11:09:00.000 -5792.208203794410 -238.276108535990 3542.934011874520 -2.52629829720552 -5.67281070681065 -4.48760287262231
2026-08-10T11:13:00.000 -6180.534677548510 -1574.541133805180 2349.840745380790 -0.69008596451727 -5.39476540539491 -5.39392673321865
2026-08-10T11:17:00.000 -6119.488598540750 -2796.324895011510 985.413598691056 1.19551587800484 -4.72470817184902 -5.90667363670019
2026-08-10T11:21:00.000 -5613.765126641770 -3814.923164930830 -450.829280420730 2.99287431671591 -3.71201998422041 -5.98882473422020
2026-08-10T11:25:00.000 -4700.480669528250 -4556.585344939530 -1854.269248941440 4.57114102674033 -2.43112370519110 -5.63514583709839
2026-08-10T11:29:00.000 -3446.353813891120 -4967.876148359080 -3122.900724561650 5.81605054356474 -0.97580044394969 -4.87248099326836
2026-08-10T11:33:00.000 -1942.665158698540 -5019.472192735050 -4164.793453782780 6.63839824426926 0.54810757874887 -3.75732103783621
2026-08-10T11:37:00.000 -298.472817660525 -4708.100370702550 -4904.679057866490 6.98002864958983 2.03069084307266 -2.37108847434874
2026-08-10T11:41:00.000 1367.301132433100 -4056.575766272670 -5289.208877286900 6.81726075670761 3.36569907694537 -0.81391036096654
2026-08-10T11:45:00.000 2934.319047834880 -3112.051929719330 -5290.612758594290 6.16198276493737 4.45769068818210 0.80241927149933
2026-08-10T11:49:00.000 4289.279643120620 -1942.653173038640 -4908.600255328250 5.06059641831950 5.22831768315182 2.36196306835466
2026-08-10T11:53:00.000 5333.881382751560 -632.724571291382 -4170.434143846930 3.59106561932296 5.62151756522853 3.75233332401859
2026-08-10T11:57:00.000 5991.869425325330 723.029717562571 -3129.159635183990 1.85818879769861 5.60762484584316 4.87233334077223
2026-08-10T12:01:00.000 6214.699844748640 2026.242438673910 -1860.019711200130 -0.01320400054180 5.18607386301220 5.63935422212863
2026-08-10T12:05:00.000 5985.346743221470 3181.999447884680 -455.191599080014 -1.88685899820880 4.38615844200344 5.99586495609622
2026-08-10T12:09:00.000 5319.857819711270 4105.875620556720 982.872090223837 -3.62520416797585 3.26552317188381 5.91443353116607
2026-08-10T12:13:00.000 4266.376408659630 4730.294075445360 2349.032126669490 -5.10010423528656 1.90603947626015 5.40028909869047
2026-08-10T12:17:00.000 2901.652244368760 5009.630655433020 3543.330439918430 -6.20289700901421 0.40758638152857 4.49112817186186
2026-08-10T12:21:00.000 1325.299868811080 4923.612244040450 4478.477541077140 -6.85290706626237 -1.11985383602216 3.25406979705665
2026-08-10T12:25:00.000 -347.668706764852 4478.730268100110 5086.286730898620 -7.00321785342557 -2.56465094915112 1.78011314345729
2026-08-10T12:29:00.000 -1995.343157475050 3707.631118316820 5322.585296433680 -6.64350449627124 -3.82177139689990 0.17712947712999
2026-08-10T12:33:00.000 -3497.788832042520 2666.638182617700 5170.337773091810 -5.80043977651690 -4.80010379573317 -1.43797411356417
2026-08-10T12:37:00.000 -4745.731284860420 1431.610733338890 4640.809076990870 -4.53560352631096 -5.42891564971684 -2.94769087277332
2026-08-10T12:41:00.000 -5648.430720150400 92.436304749697 3772.708986667000 -2.94098526649610 -5.66271970922067 -4.24214514187943
2026-08-10T12:45:00.000 -6140.267541438120 -1253.461466489880 2629.407594280630 -1.13269002294210 -5.48461613394815 -5.22699562583480
2026-08-10T12:49:00.000 -6185.566978329880 -2508.201538656410 1294.343601176850 0.75733953127974 -4.90777943372705 -5.83038522836057
2026-08-10T12:53:00.000 -5781.263496041800 -3580.631760969450 -135.073762054949 2.59103663020206 -3.97476926946427 -6.00854697216186
2026-08-10T12:57:00.000 -4957.106847315310 -4393.033680566230 -1554.673665062680 4.23475644499778 -2.75424795668359 -5.74922687623759
2026-08-10T13:01:00.000 -3773.373084806910 -4886.791743040020 -2861.216439633230 5.56935155126296 -1.33570570478527 -5.07235145361563
2026-08-10T13:05:00.000 -2316.299965734590 -5026.582967007670 -3959.952581296290 6.49893099298165 0.17750436535743 -4.02823271797299
2026-08-10T13:09:00.000 -691.656592347094 -4802.770689797940 -4771.452964429100 6.95752455733949 1.67601483532772 -2.69334931422901
2026-08-10T13:13:00.000 982.980145185053 -4231.898738640430 -5237.195291615370 6.91316613442378 3.05229840476904 -1.16434648749355
2026-08-10T13:17:00.000 2586.620666829650 -3355.356895190070 -5323.583187450960 6.36944830513399 4.20798597748876 0.44891213845000
2026-08-10T13:21:00.000 4003.364928298110 -2236.392965520970 -5024.235462942910 5.36493961988260 5.06028730828449 2.03076101399359
2026-08-10T13:25:00.000 5130.536985990820 -955.697375598472 -4360.460478211540 3.97069386766289 5.54746385610664 3.46739241198683
2026-08-10T13:29:00.000 5885.996738783950 394.201337827122 -3379.896092945370 2.28591973999637 5.63324313136928 4.65448288883574
2026-08-10T13:33:00.000 6214.186468750220 1715.447986236980 -2153.317806218720 0.43170431635173 5.30988183579746 5.50475737041275
2026-08-10T13:37:00.000 6090.423412849150 2911.900015464530 -769.715140502075 -1.45727451328742 4.59943342977728 5.95472921276437
2026-08-10T13:41:00.000 5523.009146372260 3896.212282587330 670.090683313411 -3.24255304533877 3.55279794275333 5.97002429079793
2026-08-10T13:45:00.000 4552.865830158860 4596.402563935510 2060.874327684690 -4.79257129553991 2.24631479908576 5.54864608626927
2026-08-10T13:49:00.000 3250.599788538040 4961.294723764210 3300.886332907390 -5.99315815637523 0.77587669150828 4.72135374329605
2026-08-10T13:53:00.000 1711.236638943760 4964.331781329480 4299.461767920600 -6.75626341658016 -0.75057474888648 3.54913884949548
2026-08-10T13:57:00.000 47.118141076977 4605.489693158290 4983.737699472000 -7.02653034876628 -2.22130084338566 2.11835500844475
2026-08-10T14:01:00.000 -1620.453256486070 3911.161311004550 5303.947988224950 -6.78498226105151 -3.52926795650749 0.53387544781657
2026-08-10T14:05:00.000 -3170.081281375600 2932.092387615340 5236.938618220640 -6.04972879843325 -4.57971765580143 -1.08875546931768
2026-08-10T14:09:00.000 -4489.038062978380 1739.648349715860 4787.756381276020 -4.87448368909344 -5.29658961289183 -2.63144134852912
2026-08-10T14:13:00.000 -5481.409034198050 420.638911387801 3989.261176069130 -3.34479454547219 -5.62802296021698 -3.98190882774156
2026-08-10T14:17:00.000 -6075.042207838510 -928.968984660132 2899.748402215670 -1.57198987737204 -5.55003787569884 -5.04173995803157
2026-08-10T14:21:00.000 -6226.834387130790 -2211.013318169960 1598.735689730390 0.31464648185468 -5.06848071705309 -5.73361076249923
2026-08-10T14:25:00.000 -5925.935958673250 -3332.322067490790 181.161373050158 2.17729755499718 -4.21886426935165 -6.00719987369312
2026-08-10T14:29:00.000 -5194.556641483380 -4211.569217447290 -1249.622849580890 3.88004890034465 -3.06376655305092 -5.84316332703008
2026-08-10T14:33:00.000 -4086.250403230000 -4785.235450031930 -2589.501899825170 5.29928860634538 -1.68800721307663 -5.25447583242977
2026-08-10T14:37:00.000 -2681.832704533570 -5012.169396893670 -3741.241364480620 6.33281104661150 -0.19196719941816 -4.28507787447024
2026-08-10T14:41:00.000 -1083.335606644280 -4876.423879161020 -4621.520452845190 6.90702536318496 1.31602319377771 -3.00617019057014
2026-08-10T14:45:00.000 593.478206219564 -4388.212259216500 -5166.827880222530 6.98166655918216 2.72758700236705 -1.51057042486820
2026-08-10T14:49:00.000 2227.422430109630 -3583.011528334970 -5337.850053828300 6.55197098851419 3.94175747988513 0.09408551577800
2026-08-10T14:53:00.000 3700.437300942700 -2518.962140929920 -5122.145786599040 5.64855199795462 4.87167069729739 1.69275972869560
2026-08-10T14:57:00.000 4905.860966969170 -1272.785172276910 -4535.014213084640 4.33529012962668 5.45021180385755 3.17058773955506
2026-08-10T15:01:00.000 5755.985363425440 65.540748628680 -3618.532689995280 2.70543314169072 5.63469778952297 4.42056377664914
2026-08-10T15:05:00.000 6188.445907844740 1399.075451047600 -2438.765494338120 0.87582273899433 5.41025616113487 5.35101974529384
2026-08-10T15:09:00.000 6170.994508440920 2630.857621155160 -1081.221355551280 -1.02090430182465 4.79172170333936 5.89269951411859
2026-08-10T15:13:00.000 5704.154280355840 3671.026514806580 355.257621176046 -2.84599532024695 3.82313439051158 6.00453963936320
2026-08-10T15:17:00.000 4821.439132211140 4443.532896513330 1765.741205155460 -4.46506476233986 2.57489593935061 5.67728851958164
2026-08-10T15:21:00.000 3587.020077203390 4891.891969601260 3047.041834648260 -5.75874545217605 1.13857071493908 4.93465394364893
2026-08-10T15:25:00.000 2090.954286318520 4983.426601150640 4105.453150375750 -6.63207621538896 -0.38031898812972 3.83138849212648
2026-08-10T15:29:00.000 442.429008431089 4711.636915806290 4863.705514255990 -7.02153302288190 -1.87056331998160 2.44876756083797
2026-08-10T15:33:00.000 -1238.346099050500 4096.569713510320 5266.598110720150 -6.89930912898919 -3.22349897909550 0.88826916095667
2026-08-10T15:37:00.000 -2828.976474418040 3183.236778007200 5284.951629404720 -6.27500529320342 -4.34102411626624 -0.73612970162186
2026-08-10T15:41:00.000 -4213.749552466180 2038.235975844450 4917.608442745000 -5.19431938806054 -5.14233720025371 -2.30625200650420
2026-08-10T15:45:00.000 -5291.954969855090 744.928492740015 4191.463443719880 -3.73587135474644 -5.56938867401342 -3.70786809831740
2026-08-10T15:49:00.000 -5985.186656593140 -602.575219021057 3159.537451602450 -2.00582118587224 -5.59123778090648 -4.83882979667370
2026-08-10T15:53:00.000 -6243.081308136630 -1906.253585880460 1897.147677473340 -0.13028863108325 -5.20644600811744 -5.61663355781030
2026-08-10T15:57:00.000 -6047.041717968450 -3071.333875378330 496.419847331401 1.75376651870262 -4.44340042043906 -5.98462480636351
2026-08-10T16:01:00.000 -5411.624226677440 -4013.260692188540 -940.491116002143 3.50877751367117 -3.35833379237221 -5.91644495731958
2026-08-10T16:05:00.000 -4383.413127085760 -4663.906399389610 -2308.968249353730 5.00713234400234 -2.03100601202474 -5.41801087619416
2026-08-10T16:09:00.000 -3037.456966219470 -4976.498723858050 -3509.633637072690 6.14069858700621 -0.55844908395826 -4.52674071304777
2026-08-10T16:13:00.000 -1471.620326632620 -4928.884220753740 -4455.568287492010 6.82856833076038 0.95252012295907 -3.30829348010899
2026-08-10T16:17:00.000 200.627642845071 -4524.931355493060 -5078.486763862160 7.02227678610620 2.39315531736692 -1.85129510022323
2026-08-10T16:21:00.000 1858.387837832040 -3794.079258404020 -5333.481782266050 6.70862579348992 3.66033691091279 -0.26075371958948
2026-08-10T16:25:00.000 3381.885834551840 -2789.145726324610 -5202.090177785290 5.91008888587731 4.66343566280691 1.34921826843382
2026-08-10T16:29:00.000 4660.878791229610 -1582.593045551780 -4693.564499685270 4.68317741775417 5.33027962165466 2.86305362305617
2026-08-10T16:33:00.000 5602.433549303410 -261.492467045299 -3844.300319315440 3.11488961645054 5.61201819902492 4.17140119201469
2026-08-10T16:37:00.000 6137.637625242420 1078.544737487560 -2715.437795226220 1.31735099190137 5.48685836683705 5.17862940393321
2026-08-10T16:41:00.000 6226.793510889800 2340.170436683430 -1388.699392562720 -0.57949705011968 4.96232667824145 5.80999868798107
2026-08-10T16:45:00.000 5862.629035404380 3431.400807081470 39.394272490733 -2.43704615300683 4.07545534290696 6.01783727894641
2026-08-10T16:49:00.000 5071.116669090970 4272.484235243620 1464.583717295960 -4.11869969726934 2.89053462265115 5.78580010954889
2026-08-10T16:53:00.000 3909.702492549290 4801.913228446240 2782.624836423510 -5.50048885556099 1.49434424206354 5.13041167375645
2026-08-10T16:57:00.000 2463.082628502130 4981.054953863940 3897.098194042080 -6.48079027567811 -0.01052120296282 4.09992249771357
2026-08-10T17:01:00.000 836.855230120195 4796.996629290370 4726.604531705580 -6.98812238607524 -1.51373890062417 2.77036954377508
2026-08-10T17:05:00.000 -850.367070760481 4263.389161724740 5210.722650521210 -6.98608840027646 -2.90563463629207 1.23938249264909
2026-08-10T17:09:00.000 -2475.682439631530 3419.328206676640 5314.329301591500 -6.47548604829036 -4.08511127529305 -0.38113279238046
2026-08-10T17:13:00.000 -3920.833915390640 2326.412757692780 5030.067163077440 -5.49393305107364 -4.96685024901728 -1.97312537718057
2026-08-10T17:17:00.000 -5080.731797976610 1064.228131245500 4378.800168157170 -4.11287730494006 -5.48711515763797 -3.42082806121948
2026-08-10T17:21:00.000 -5871.030210474450 -275.389246686184 3408.092833472860 -2.43274978121907 -5.60818756817787 -4.61884145575409
2026-08-10T17:25:00.000 -6234.286313150290 -1594.987391354990 2188.790695681900 -0.57599180185019 -5.32133803289569 -5.47976058779235
2026-08-10T17:29:00.000 -6144.211849527520 -2798.616853606170 809.875674032274 1.32183890076722 -4.64776480458898 -5.94082493958934
2026-08-10T17:33:00.000 -5607.626420872080 -3798.881990832330 -628.069114150267 3.12213815639523 -3.63711760954005 -5.96876832569382
2026-08-10T17:37:00.000 -4663.922252159370 -4523.365873547910 -2020.302720930450 4.69381877502149 -2.36376037628026 -5.56240868985276
2026-08-10T17:41:00.000 -3382.042438074600 -4919.896321086560 -3265.660558243240 5.92324695892241 -0.92091204513474 -4.75246928980570
2026-08-10T17:45:00.000 -1855.269843726770 -4960.222910448870 -4273.925534478880 6.72240986279642 0.58657095122218 -3.59881542519899
2026-08-10T17:49:00.000 -194.317790141834 -4641.874428376230 -4972.277485687130 7.03484047166968 2.05003125037605 -2.18557656296137
2026-08-10T17:53:00.000 1480.687646375420 -3988.146621482000 -5310.366162002300 6.83890313310033 3.36462335327338 -0.61474718181896
2026-08-10T17:57:00.000 3048.728224850590 -3046.329602640060 -5263.760058699610 6.14878206997063 4.43635270432661 1.00092416371484
2026-08-10T18:01:00.000 4396.391558831380 -1884.344882698560 -4835.622680002840 5.01332739351527 5.18823309266779 2.54549583066732
2026-08-10T18:05:00.000 5425.864957351710 -586.016925408165 -4056.555363507890 3.51301064232670 5.56550285471741 3.90756101679652
2026-08-10T18:09:00.000 6061.958429118030 754.768220850591 -2982.582228402350 1.75487651631342 5.53963719292992 4.98791296670018
2026-08-10T18:13:00.000 6257.687246477600 2040.700361674820 -1691.351322983200 -0.13436323171256 5.11091192181497 5.70670065661941
2026-08-10T18:17:00.000 5997.992120709630 3178.090444241870 -276.700732638465 -2.01697998298802 4.30918899190865 6.00983134469748
2026-08-10T18:21:00.000 5301.163829844120 4083.839259810590 1158.147981134100 -3.75460735252712 3.19236794313200 5.87382117760253
2026-08-10T18:25:00.000 4217.681716129250 4691.708788301260 2508.264990864180 -5.21915374555491 1.84215774033885 5.30803951881492
2026-08-10T18:29:00.000 2826.515107925680 4957.313746296840 3674.873676008500 -6.30284865187000 0.35775506048874 4.35405963393398
2026-08-10T18:33:00.000 1229.211729296680 4861.403614638000 4572.727164508810 -6.92648021484977 -1.15195043948976 3.08227592077767
2026-08-10T18:37:00.000 -457.690612888510 4411.193003698060 5136.380921578110 -7.04504918048610 -2.57668720100487 1.58621393256013
2026-08-10T18:41:00.000 -2111.272635125570 3639.716018902430 5324.904059010720 -6.65062462761180 -3.81287058606574 -0.02465952086938
2026-08-10T18:45:00.000 -3611.195197049950 2603.316486028770 5124.749373032360 -5.77242959957808 -4.77097094739972 -1.63297879188567
2026-08-10T18:49:00.000 -4848.380447054280 1377.504286654750 4550.663589945560 -4.47452184497507 -5.38173394618167 -3.12172515368172
2026-08-10T18:53:00.000 -5732.874613685840 51.482852651289 3644.599889633370 -2.85128372873966 -5.60096850918335 -4.38254240722327
2026-08-10T18:57:00.000 -6200.385426284270 -1278.290819182260 2472.693395699530 -1.02092356837141 -5.41283361382315 -5.32351510691238
2026-08-10T19:01:00.000 -6217.017984363560 -2515.123480620490 1120.467035169840 0.88299677348316 -4.83125318591605 -5.87602177736228
2026-08-10T19:05:00.000 -5781.800066836360 -3569.177138106490 -313.433268140205 2.72142102419196 -3.89909786070196 -6.00004569936772
2026-08-10T19:09:00.000 -4926.738022902620 -4364.079730953870 -1724.524655959880 4.36033925387234 -2.68499576822438 -5.68727804183830
2026-08-10T19:13:00.000 -3714.359336436890 -4842.504888466180 -3010.214824427360 5.68103740584182 -1.27796421416465 -4.96161858036768
2026-08-10T19:17:00.000 -2232.961725264430 -4970.246146322270 -4077.308043642380 6.58874081302283 0.21957974243546 -3.87689747961272
2026-08-10T19:21:00.000 -590.042878528729 -4738.523330253800 -4848.693427916350 7.01910919757070 1.69948633109213 -2.51242064686207
2026-08-10T19:25:00.000 1095.528013577640 -4164.417076306270 -5268.748835716250 6.94214762059412 3.05564664798152 -0.96684168375438
2026-08-10T19:29:00.000 2701.971305937420 -3289.510181926240 -5307.155244232170 6.36365798332277 4.19111099317267 0.64884776806590
2026-08-10T19:33:00.000 4113.151624082160 -2176.909336586810 -4960.971079957520 5.32460431723538 5.02445648463539 2.21876709930158
2026-08-10T19:37:00.000 5226.743059982640 -906.846728868628 -4254.882658558230 3.89851484133945 5.49520813338073 3.62984262527488
2026-08-10T19:41:00.000 5961.546644220220 428.897242421750 -3239.607635658240 2.18699455024676 5.56824581036137 4.77950964329580
2026-08-10T19:45:00.000 6263.474301474430 1733.470687031600 -1988.465812012280 0.31309718746549 5.23676358175755 5.58314665819776
2026-08-10T19:49:00.000 6109.731451668020 2911.915482817000 -592.274954944007 -1.58696047018831 4.52339038347157 5.98055977723484
2026-08-10T19:53:00.000 5510.813404321190 3878.173780718780 847.173828741245 -3.37376577028002 3.47930691961706 5.94120435350481
2026-08-10T19:57:00.000 4509.974184497600 4561.573628728970 2224.640638364250 -4.91555999817435 2.18074752073923 5.46716304514169
2026-08-10T20:01:00.000 3180.104817004770 4912.173887549080 3439.333922344080 -6.09875887953540 0.72309618214579 4.59315265808074
2026-08-10T20:05:00.000 1618.279045280380 4904.487463192450 4402.452281228230 -6.83671200775083 -0.78659932687292 3.38369328928009
2026-08-10T20:09:00.000 -61.525122683627 4539.286909787180 5043.745625995580 -7.07599941725526 -2.23794823946085 1.92781051726344
2026-08-10T20:13:00.000 -1736.864316101970 3843.421423696050 5316.592464262890 -6.79984067916765 -3.52534546542545 0.33214574702968
2026-08-10T20:17:00.000 -3285.771803678400 2867.754341746940 5201.302605745840 -6.02892074398942 -4.55546389483155 -1.28688952186760
2026-08-10T20:21:00.000 -4595.589764672210 1683.404906601220 4706.454271537080 -4.81960371562433 -5.25380740347816 -2.81153802695336
2026-08-10T20:25:00.000 -5571.079404785340 376.586553936171 3868.233027495340 -3.25986954153327 -5.56983858730892 -4.13083383864842
2026-08-10T20:29:00.000 -6141.329501712580 -957.624817475488 2747.832008446010 -1.46326141195950 -5.48070247188211 -5.14863815581949
2026-08-10T20:33:00.000 -6264.959409841230 -2222.192922392650 1427.019694430410 0.43915170609328 -4.99308266473149 -5.79070863229942
2026-08-10T20:37:00.000 -5933.193048876600 -3325.232994069610 2.165623521519 2.30844265708401 -4.14296835182871 -6.01040588552004
2026-08-10T20:41:00.000 -5170.501087233080 -4186.772025810820 -1422.867399997050 4.00825114091896 -2.99301167814829 -5.79234579518413
2026-08-10T20:45:00.000 -4032.716712456410 -4744.603758604190 -2744.413344333470 5.41525118065754 -1.62762805461667 -5.15348099227593
2026-08-10T20:49:00.000 -2602.779175426520 -4958.745201562190 -3866.611384462950 6.42825348996690 -0.14638884939479 -4.14142031731103
2026-08-10T20:53:00.000 -984.526599836779 -4814.172109170390 -4708.319109296350 6.97524348007574 1.34358545851095 -2.83035757235195
2026-08-10T20:57:00.000 704.892820795854 -4321.704789077710 -5208.826157639910 7.01787717138771 2.73530547947334 -1.31529913785703
2026-08-10T21:01:00.000 2343.405606302590 -3517.083816269670 -5332.038142987320 6.55358801683498 3.92926722743114 0.29484643565118
2026-08-10T21:05:00.000 3812.605289661000 -2458.368227313710 -5068.929442239390 5.61529586657464 4.83998924019884 1.88465771449786
2026-08-10T21:09:00.000 5006.053660354350 -1221.881964937200 -4438.200603028070 4.26931560157271 5.40161597676774 3.33978790739161
2026-08-10T21:13:00.000 5836.852725675560 103.081403200974 -3485.091628501790 2.61132192057494 5.57259704220211 4.55470660687427
2026-08-10T21:17:00.000 6244.006638259870 1420.525370036010 -2278.358098637260 0.76032327674785 5.33907622820818 5.44019885524205
2026-08-10T21:21:00.000 6197.091652782810 2634.642325127250 -905.505251487026 -1.14944329350317 4.71657545667708 5.93028841740684
2026-08-10T21:25:00.000 5698.766834712110 3656.837672498140 533.471491183736 -2.97820505923897 3.74940994452550 5.98759835005699
2026-08-10T21:29:00.000 4784.860033501120 4412.361874410950 1933.412700658160 -4.59116965344715 2.50797125419282 5.60689999834434
2026-08-10T21:33:00.000 3521.851978492640 4845.973310654480 3191.879240883640 -5.86940409056371 1.08335640509582 4.81592810075415
2026-08-10T21:37:00.000 2001.914831262820 4926.075811925220 4216.832684192820 -6.71910262877879 -0.41978711652335 3.67301305281495
2026-08-10T21:41:00.000 336.004348446897 4647.010295912160 4933.458563977130 -7.07850007510439 -1.89135001485374 2.26240194132367
2026-08-10T21:45:00.000 -1354.400360387430 4029.360751918840 5289.616222307770 -6.92209930876050 -3.22410917643844 0.68755721594707
2026-08-10T21:49:00.000 -2946.202667418800 3118.319888257030 5259.533799120380 -6.26190847443976 -4.32141888086465 -0.93657849260235
2026-08-10T21:53:00.000 -4323.593727868890 1980.331174707460 4845.589737318930 -5.14629131623970 -5.10385637273329 -2.49174984675924
2026-08-10T21:57:00.000 -5386.415643078180 698.256365703154 4078.096176446740 -3.65649912299162 -5.51484589004154 -3.86482855933266
2026-08-10T22:01:00.000 -6057.399286640920 -634.619521950855 3013.096393500760 -1.90094079549748 -5.52462840452584 -4.95579352712815
2026-08-10T22:05:00.000 -6287.819292059730 -1921.344976232510 1728.321149092480 -0.00763085747440 -5.13265341024643 -5.68507308221943
2026-08-10T22:09:00.000 -6061.104005658220 -3068.396192273470 317.526546037542 1.88515629809757 -4.36788858606419 -5.99957281519116
2026-08-10T22:13:00.000 -5394.067186128790 -3992.557581331670 -1116.414456506190 3.63926894407179 -3.28672360571474 -5.87691980348554
2026-08-10T22:17:00.000 -4335.598696492150 -4627.020032545630 -2469.133773010180 5.12725599837471 -1.96858490009630 -5.32705224168924
2026-08-10T22:21:00.000 -2962.935701856120 -4926.200105696070 -3642.442376749550 6.24179815469419 -0.50978661509106 -4.39114889998470
2026-08-10T22:25:00.000 -1375.853401456010 -4868.921378846740 -4551.451196843890 6.90347811626433 0.98390949746265 -3.13806636512585
2026-08-10T22:29:00.000 310.691214181206 -4459.736186800680 -5130.577061174360 7.06581186741263 2.40513893822403 -1.65878605534789
2026-08-10T22:33:00.000 1974.806674105570 -3728.417523400450 -5338.066353456160 6.71773171220319 3.65225153329009 -0.05975626023045
2026-08-10T22:37:00.000 3496.262063297870 -2727.771651657330 -5158.852527673680 5.88403671899857 4.63602802275783 1.54435211605864
2026-08-10T22:41:00.000 4764.923951552080 -1529.924561947190 -4605.606173660230 4.62361197922978 5.28557557083788 3.03833817871292
2026-08-10T22:45:00.000 5688.542195169090 -221.324566911451 -3717.948137988370 3.02586034100606 5.55316385543119 4.31409130329806
2026-08-10T22:49:00.000 6199.456268921520 1103.296521646150 -2559.832834422270 1.20518555943172 5.41800597687898 5.27819296609541
2026-08-10T22:53:00.000 6259.719536760170 2347.682536165440 -1215.154738273620 -0.70661405391454 4.88839055318164 5.85898950292882
2026-08-10T22:57:00.000 5864.178336059700 3421.097471920220 218.218501747619 -2.56979636633521 4.00184262448200 6.01255268235315
2026-08-10T23:01:00.000 5041.103628317960 4245.092912487770 1635.614050664500 -4.24733794839151 2.82261954537552 5.72651915052611
2026-08-10T23:05:00.000 3850.268947198050 4759.410912903000 2933.339357903170 -5.61550000624273 1.43711655483475 5.02143739450208
2026-08-10T23:09:00.000 2378.540733786000 4926.534067351730 4016.463548115700 -6.57373650489822 -0.05283139179392 3.94926060323274
2026-08-10T23:13:00.000 733.351010286713 4734.432205360660 4805.883949014000 -7.05222140367923 -1.53804918335814 2.58903115764776
2026-08-10T23:17:00.000 -965.298093549416 4197.341498647180 5244.111917557050 -7.01662955983350 -2.91017616777304 1.04066270144674
2026-08-10T23:21:00.000 -2593.669715848030 3354.607187462750 5299.391106694690 -6.47026304533439 -4.06958894857121 -0.58267614708935
2026-08-10T23:25:00.000 -4033.286873347970 2267.724149690330 4967.891692532440 -5.45331275048535 -4.93240081780931 -2.16281619368855
2026-08-10T23:29:00.000 -5179.461549117030 1015.848162665080 4273.922417925970 -4.03985290691679 -5.43617276516812 -3.58480468365215
2026-08-10T23:33:00.000 -5948.867459013050 -309.922265315765 3268.171186541570 -2.33275612547765 -5.54445190667845 -4.74510432094686
2026-08-10T23:37:00.000 -6285.611428643370 -1613.152601079910 2024.046073693330 -0.45642085959421 -5.24952407771490 -5.55908743231493
2026-08-10T23:41:00.000 -6165.362787169280 -2799.107589016080 632.337314214549 1.45216729424950 -4.57321039487886 -5.96747555211368
2026-08-10T23:45:00.000 -5597.160592885890 -3781.705679804390 -805.459932195489 3.25366455573973 -3.56536696372101 -5.94092077464194
2026-08-10T23:49:00.000 -4622.707753660710 -4489.843930553400 -2184.651720761440 4.81697727109727 -2.30014485422957 -5.48227025480719
2026-08-10T23:53:00.000 -3313.169920355960 -4872.560952394940 -3405.067857359830 6.02919447957647 -0.87012290111949 -4.62606014528919
2026-08-10T23:57:00.000 -1763.800309507060 -4902.614967447020 -4378.346135411750 6.80366164305060 0.62088306798588 -3.43545537199956
2026-08-11T00:01:00.000 -86.903132074929 -4578.259703392770 -5034.224668276460 7.08568596595852 2.06549222102594 -1.99714939116678
2026-08-11T00:05:00.000 1596.281947037780 -3923.192427348650 -5325.431427374250 6.85582443998902 3.36029198638035 -0.41483779784423
2026-08-11T00:09:00.000 3164.167178781190 -2984.755459619610 -5230.894790046300 6.13055966973509 4.41271230440291 1.19804339119777
2026-08-11T00:13:00.000 4503.331692172440 -1830.593314194540 -4757.201399296500 4.96111940772780 5.14708848436511 2.72572700713102
2026-08-11T00:17:00.000 5516.524352893920 -543.956343348502 -3938.220216576700 3.43032151551772 5.50979610644005 4.05791414823440
2026-08-11T00:21:00.000 6129.670825476960 782.092224460026 -2832.879279470590 1.64748940701688 5.47326325098336 5.09732353496557
2026-08-11T00:25:00.000 6297.425892765440 2051.280397516380 -1521.155821400910 -0.25865563107089 5.03859489037270 5.76698331133757
2026-08-11T00:29:00.000 6006.777746988490 3171.123039141600 -98.427207049500 -2.14903096749733 4.23617161621934 6.01643668447945
2026-08-11T00:33:00.000 5278.299793983590 4059.798962745390 1331.470527842740 -3.88466941013963 3.12399021999858 5.82620552490660
2026-08-11T00:37:00.000 4164.804033411190 4652.323984919270 2663.962031154040 -5.33766715879131 1.78345124596960 5.20967672274555
2026-08-11T00:41:00.000 2747.461667338280 4905.439598844740 3801.558423257100 -6.40112197367532 0.31302494988666 4.21213036976593
2026-08-11T00:45:00.000 1129.740975689630 4800.819051825790 4661.132944185740 -6.99731795126475 -1.17935133261110 2.90718626880360
2026-08-11T00:49:00.000 -570.338789349006 4346.326284885210 5180.049795994960 -7.08336021966254 -2.58476130508661 1.39077484540242
2026-08-11T00:53:00.000 -2228.907504894260 3575.298554454460 5320.640811367840 -6.65360773712759 -3.80108188888168 -0.22620430304840
2026-08-11T00:57:00.000 -3725.254838366440 2544.036017462530 5072.859394022550 -5.73983578173831 -4.74021582653178 -1.82588678567791
2026-08-11T01:01:00.000 -4950.560888666370 1327.669173733080 4454.932555242840 -4.40872750436136 -5.33425331202536 -3.29192202609458
2026-08-11T01:05:00.000 -5815.741255162620 14.719173858477 3512.010373791140 -2.75712273601821 -5.54017990449403 -4.51762104808934
2026-08-11T01:09:00.000 -6257.923856576640 -1299.300781634350 2312.915393838870 -0.90532297058922 -5.34314340903108 -5.41361458287715
2026-08-11T01:13:00.000 -6245.081948911130 -2518.846565340940 945.156577114010 1.01149483695274 -4.75777931118174 -5.91457262644857
2026-08-11T01:17:00.000 -5778.418853839890 -3555.357021536000 -491.495695161320 2.85335178445211 -3.82729453552226 -5.98430729178848
2026-08-11T01:21:00.000 -4892.245414457670 -4333.766374515900 -1892.384924912680 4.48609579951887 -2.62020858042588 -5.61854490306574
2026-08-11T01:25:00.000 -3651.342016830470 -4797.969008565300 -3155.698745923560 5.79155454231416 -1.22496052220137 -4.84504626100880
2026-08-11T01:29:00.000 -2146.050963833080 -4914.799554303550 -4189.904193954610 6.67615800556557 0.25695714930061 -3.72109112917923
2026-08-11T01:33:00.000 -485.557816909618 -4676.253775927760 -4920.298465011920 7.07728170174335 1.71864615070482 -2.32870563254873
2026-08-11T01:37:00.000 1210.031857791640 -4099.872145864480 -5294.221185148790 6.96696152176005 3.05535963915459 -0.76843741851000
2026-08-11T01:41:00.000 2818.222444306600 -3227.364782606710 -5284.669059778330 6.35330803293289 4.17154666101154 0.84769743436530
2026-08-11T01:45:00.000 4222.737271309230 -2121.635292248560 -4892.135375974840 5.27971286890759 4.98711192579684 2.40384119913629
2026-08-11T01:49:00.000 5321.687588139090 -862.411960247683 -4144.630201053070 3.82209817688054 5.44276456467127 3.78780945543684
2026-08-11T01:53:00.000 6034.875022934050 459.294002220367 -3095.871265532600 2.08433216519262 5.50438684419382 4.89884612377034
2026-08-11T01:57:00.000 6309.731571260620 1747.607910546210 -1821.649742861690 0.19155599212375 5.16592806422091 5.65491432704333
2026-08-11T02:01:00.000 6125.441104491020 2908.720370038550 -414.529062554189 -1.71839997387927 4.45067569570051 5.99928901480195
2026-08-11T02:05:00.000 5494.763051530610 3857.835877600190 1022.862659761390 -3.50534761695907 3.41005049436300 5.90543671470469
2026-08-11T02:09:00.000 4463.302888190560 4525.545042050300 2385.425071546190 -5.03756809979851 2.12006840647138 5.37948552569296
2026-08-11T02:13:00.000 3106.209180989910 4863.071739012250 3573.456305541820 -6.20222742449307 0.67549958102378 4.46001530334242
2026-08-11T02:17:00.000 1522.550324896040 4845.896696200210 4500.113379164180 -6.91406938487776 -0.81757787676526 3.21486033424129
2026-08-11T02:21:00.000 -172.101567428921 4475.500144774070 5097.826621865220 -7.12163159762924 -2.25000466008325 1.73571594034237
2026-08-11T02:25:00.000 -1854.239202392650 3779.112666399160 5323.174483883850 -6.81053711750013 -3.51762377705391 0.13083220839761
2026-08-11T02:29:00.000 -3401.421897839080 2807.622015519950 5159.923186922110 -6.00392829205405 -4.52860044627932 -1.48281680335960
2026-08-11T02:33:00.000 -4701.110666738620 1631.833109288780 4620.140011353520 -4.76070703671611 -5.20976954936155 -2.98776422875974
2026-08-11T02:37:00.000 -5658.807007831650 337.333017126171 3743.295876295740 -3.17139875500775 -5.51185467921023 -4.27449725747570
2026-08-11T02:41:00.000 -6204.904528507360 -981.705211154420 2593.399391572980 -1.35169607687259 -5.41302588836391 -5.24926586745328
2026-08-11T02:45:00.000 -6299.790752592220 -2229.360318055240 1254.370468740940 0.56563733738536 -4.92068557190063 -5.84095936265796
2026-08-11T02:49:00.000 -5936.801529863420 -3314.991093604060 -176.098400164148 2.44054499725572 -4.07118854527276 -6.00667708826025
2026-08-11T02:53:00.000 -5142.697310736860 -4159.909912308630 -1593.758924835460 4.13631616153050 -2.92714894514354 -5.73503934782908
2026-08-11T02:57:00.000 -3975.597552646240 -4703.136167855150 -2895.519855017160 5.53000886816780 -1.57252521978284 -5.04695015840778
2026-08-11T03:01:00.000 -2520.548140695470 -4905.752141061630 -3986.999977892020 6.52151217442461 -0.10602101331383 -3.99354474516094
2026-08-11T03:05:00.000 -883.172038574904 -4753.555791327270 -4789.309823738770 7.04040829761294 1.36637872155937 -2.65191424997139
2026-08-11T03:09:00.000 818.036484631974 -4257.891122805290 -5244.592044565150 7.05037137417868 2.73902383639311 -1.11913529451315
2026-08-11T03:13:00.000 2460.167616007480 -3454.691481642470 -5319.995976971440 6.55104573442546 3.91379597544859 0.49468860545811
2026-08-11T03:17:00.000 3924.531510349430 -2401.886083314920 -5009.922662903310 5.57776038438734 4.80651364946373 2.07382199930623
2026-08-11T03:21:00.000 5105.001844021540 -1175.362677678970 -4336.451544165310 4.19931738124876 5.35256543735617 3.50465242677144
2026-08-11T03:25:00.000 5915.567617404930 136.296265478125 -3347.912256818220 2.51370533335294 5.51143110198156 4.68327569457159
2026-08-11T03:29:00.000 6296.655223709870 1438.029603427350 -2115.658359261710 0.64202934621658 5.27009024491333 5.52296121655576
2026-08-11T03:33:00.000 6219.718278842750 2635.133146091070 -729.106658902332 -1.27977199164887 4.64463364814470 5.96093540771823
2026-08-11T03:37:00.000 5689.641407052960 3640.229592333360 710.689006242293 -3.11081655491017 3.67974305795511 5.96373049686295
2026-08-11T03:41:00.000 4744.621435048580 4379.827250070770 2098.493794450200 -4.71622658184452 2.44574783178122 5.53025200238942
2026-08-11T03:45:00.000 3453.438116614280 4799.871303003050 3332.756538093550 -5.97769024454641 1.03322841933897 4.69212352714584
2026-08-11T03:49:00.000 1910.336367429250 4869.781469572670 4323.221887017820 -6.80267833030141 -0.45405711177217 3.51119454351952
2026-08-11T03:53:00.000 227.957735027732 4584.665527446930 4997.618894578360 -7.13133634407942 -1.90718960079988 2.07448713135541
2026-08-11T03:57:00.000 -1471.039663400400 3965.553585695810 5306.910850541550 -6.94044643320170 -3.22039064653677 0.48732244314854
2026-08-11T04:01:00.000 -3062.957746274930 3057.734230023450 5228.753579995950 -6.24454454378396 -4.29847095968916 -1.13452133371886
2026-08-11T04:05:00.000 -4432.003013319530 1927.395707839000 4769.019184853950 -5.09451964152204 -5.06345148345725 -2.67307678273219
2026-08-11T04:09:00.000 -5478.618680097240 656.831435433144 3961.337047159620 -3.57405146124911 -5.45990994420894 -4.01635141636454
2026-08-11T04:13:00.000 -6126.719992468850 -661.507866789637 2864.681305689230 -1.79387723716398 -5.45917391099694 -5.06645454309515
2026-08-11T04:17:00.000 -6329.261563916370 -1931.738982669220 1559.091562827090 0.11619528353087 -5.06150479447683 -5.74680934717475
2026-08-11T04:21:00.000 -6071.717510544440 -3061.553367195660 139.833427697341 2.01665583621843 -4.29628747206802 -6.00795233618109
2026-08-11T04:25:00.000 -5373.160141757500 -3969.006595961870 -1289.627522936520 3.76883476608654 -3.21995169656703 -5.83145789689897
2026-08-11T04:29:00.000 -4284.775665548780 -4588.522844025680 -2625.282870261450 5.24548525692051 -1.91157869198073 -5.23121313319447
2026-08-11T04:33:00.000 -2885.952590932120 -4875.619744487900 -3770.222685193250 6.34027503864689 -0.46670173918457 -4.25203781145152
2026-08-11T04:37:00.000 -1278.318965293470 -4809.985513424760 -4641.639778136250 6.97524606548051 1.01005476472543 -2.96581491286674
2026-08-11T04:41:00.000 421.714462536218 -4396.746705907750 -5176.672819129490 7.10577895859884 2.41259120361525 -1.46581759657297
2026-08-11T04:45:00.000 2091.296428997970 -3665.937275338180 -5336.741374974120 6.72303961323084 3.64060376233226 0.14007414471779
2026-08-11T04:49:00.000 3609.793008045500 -2670.297068414650 -5110.175553316400 5.85418808783479 4.60622151668989 1.73674843363230
2026-08-11T04:53:00.000 4867.242036495710 -1481.581724558060 -4513.043018746510 4.56055758057871 5.23973342340137 3.20943322149042
2026-08-11T04:57:00.000 5772.159342806050 -185.592889498538 -3588.144385793100 2.93399010722483 5.49454211971743 4.45143041766129
2026-08-11T05:01:00.000 6258.198053345180 1123.833243538610 -2402.158535691250 1.09101304752549 5.35075548123693 5.37165737416722
2026-08-11T05:05:00.000 6289.196046881850 2351.518870488000 -1041.047968309750 -0.83483521647543 4.81730091810936 5.90159369465307
2026-08-11T05:09:00.000 5862.127632914810 3407.915304440200 396.075932141761 -2.70266242492563 3.93196362366100 6.00097515901692
2026-08-11T05:13:00.000 5007.600885199840 4215.796979977460 1804.220062015040 -4.37493101178226 2.75905621405125 5.66146429885077
2026-08-11T05:17:00.000 3787.732345632880 4716.098954277810 3080.352285320670 -5.72835752731141 1.38461157743098 4.90765907013584
2026-08-11T05:21:00.000 2291.533511612250 4872.348437506420 4131.128211563420 -6.66354012103628 -0.09037510731544 3.79514153840357
2026-08-11T05:25:00.000 628.234462756263 4673.323801402460 4879.828342758970 -7.11240888922365 -1.55782691899595 2.40590686773271
2026-08-11T05:29:00.000 -1080.849511306900 4133.780075564860 5271.955939409190 -7.04288445182642 -2.91072096524550 0.84197540789884
2026-08-11T05:33:00.000 -2711.241185544310 3293.236567787130 5279.125987094040 -6.46074466550253 -4.05090777002057 -0.78244982843926
2026-08-11T05:37:00.000 -4144.327224352730 2213.017209738360 4901.010626652670 -5.40874772376734 -4.89589982104025 -2.34913607910902
2026-08-11T05:41:00.000 -5275.901119613860 971.777860337453 4165.306172612660 -3.96347037263286 -5.38458352242857 -3.74416177128066
2026-08-11T05:45:00.000 -6023.683632499800 -340.164906828017 3125.729563153360 -2.23004319055210 -5.48150554853701 -4.86589557603449
2026-08-11T05:49:00.000 -6333.350746493310 -1627.371710843530 1858.157314450460 -0.33488316631518 -5.17975018066426 -5.63248827322960
2026-08-11T05:53:00.000 -6182.558377408790 -2796.266022664930 455.093212993550 1.58358867680069 -4.50168561469681 -5.98812829632329
2026-08-11T05:57:00.000 -5582.591273320150 -3762.014572918990 -981.146186729239 3.38532687804203 -3.49734786398899 -5.90738212356892
2026-08-11T06:01:00.000 -4577.471494727920 -4454.753689796230 -2346.001305669490 4.93932056134960 -2.24062325596591 -5.39708038608469
2026-08-11T06:05:00.000 -3240.585447464950 -4824.646759653270 -3540.367639056610 6.13337402153820 -0.82342569231700 -4.49551056242513
2026-08-11T06:09:00.000 -1669.155935377350 -4845.379316497570 -4477.798520384820 6.88221984690982 0.65139926369510 -3.26910314179599
2026-08-11T06:13:00.000 22.945594363820 -4515.866621318200 -5090.639342378860 7.13307619637209 2.07771847153531 -1.80701472291589
2026-08-11T06:17:00.000 1713.399296825720 -3860.148725701740 -5334.711691512370 6.86862859529420 3.35347357464179 -0.21454837550604
2026-08-11T06:21:00.000 3280.078196581400 -2925.588662866930 -5192.323462608890 6.10773919481120 4.38742789904192 1.39411244411684
2026-08-11T06:25:00.000 4609.611091119290 -1779.538519125020 -4673.498723035830 4.90412051988646 5.10517575231810 2.90347288879364
2026-08-11T06:29:00.000 5605.387438319050 -504.672762230282 -3815.366192299960 3.34303369650374 5.45418633720035 4.20442668244840
2026-08-11T06:33:00.000 6194.548008787940 806.765656956701 -2679.716866275210 1.53609909264016 5.40783713145237 5.20180280982919
2026-08-11T06:37:00.000 6333.471059337430 2059.532521641730 -1348.781570994120 -0.38605871677954 4.96800283715485 5.82158476460943
2026-08-11T06:41:00.000 6011.250616596970 3162.321810697700 80.607865839005 -2.28310561710442 4.16552191583801 6.01697091669786
2026-08-11T06:45:00.000 5250.782028128650 4034.553296503850 1504.084265683970 -4.01552363719642 3.05844653199558 5.77246693984635
2026-08-11T06:49:00.000 4107.248086204120 4612.448875121520 2817.512232680570 -5.45556536712190 1.72784467235417 5.10553110339180
2026-08-11T06:53:00.000 2664.053385129180 4853.834192660800 3924.799370388860 -6.49733054110464 0.27149039106936 4.06527380663551
2026-08-11T06:57:00.000 1026.567950018790 4741.248217344350 4745.058974554220 -7.06480307770348 -1.20378824611603 2.72842776953598
2026-08-11T07:01:00.000 -685.743309684316 4283.137428306960 5218.537677016080 -7.11718470442480 -2.59028141514561 1.19321830307308
2026-08-11T07:05:00.000 -2348.125034349760 3513.110248260280 5310.901308269890 -6.65137807164169 -3.78728286559777 -0.42807970159503
2026-08-11T07:09:00.000 -3839.607570288380 2487.386509274890 5015.624629038530 -5.70177704934134 -4.70814791379537 -2.01739420732718
2026-08-11T07:13:00.000 -5051.732891697050 1280.684467603230 4354.386932732000 -4.33762321902751 -5.28627875906625 -3.45913465150383
2026-08-11T07:17:00.000 -5896.377645814100 -19.186250148175 3375.488774070140 -2.65813758988148 -5.47983487822902 -4.64836891215861
2026-08-11T07:21:00.000 -6312.160331693370 -1317.675116755640 2150.374986115340 -0.78565340334513 -5.27485251944255 -5.49836869295293
2026-08-11T07:25:00.000 -6268.977281982540 -2520.368736763010 768.447083992956 1.14311443179699 -4.68649245208106 -5.94717173498034
2026-08-11T07:29:00.000 -5770.250972591690 -3539.931361986740 -669.494869491354 2.98728303009039 -3.75821978981432 -5.96239970474032
2026-08-11T07:33:00.000 -4852.638604558540 -4302.538757748260 -2058.713494241920 4.61255153739088 -2.55841135624334 -5.54381197937941
2026-08-11T07:37:00.000 -3583.210064132310 -4753.243184780400 -3298.273078057940 5.90137338647920 -1.17496000471415 -4.72305580518158
2026-08-11T07:41:00.000 -2054.360170030500 -4859.859853219720 -4298.394319662530 6.76148940491785 0.29156799922323 -3.56078098624056
2026-08-11T07:45:00.000 -376.955522574076 -4615.107991887260 -4986.855491754270 7.13203397105749 1.73545338882523 -2.14169548068891
2026-08-11T07:49:00.000 1327.692386066960 -4036.953441173210 -5314.027941602990 6.98724271355591 3.05326030419700 -0.56820450992611
2026-08-11T07:53:00.000 2936.437069035080 -3167.205515774860 -5256.262759165220 6.33759176733174 4.15080256003064 1.04682317504092
2026-08-11T07:57:00.000 4332.928969936420 -2068.551389548310 -4817.511000012810 5.22894331438989 4.94924892347340 2.58752793150771
2026-08-11T08:01:00.000 5415.810655244940 -820.210764500239 -4029.121886883770 3.73973769778216 5.39047284296787 3.94273838404425
2026-08-11T08:05:00.000 6105.998809470910 487.571681148970 -2947.794262111460 1.97618309728261 5.44133572874268 5.01363517032557
2026-08-11T08:09:00.000 6352.567333161970 1759.904585899530 -1651.727316531340 0.06539819160346 5.09659112882138 5.72102280071673
2026-08-11T08:13:00.000 6136.753494842020 2904.111677991360 -235.128486192569 -1.85329603717049 4.37999534869719 6.01164189824863
2026-08-11T08:17:00.000 5473.653032625840 3836.625438644080 1198.628752101190 -3.63895155897640 3.34325259803965 5.86296659094399
2026-08-11T08:21:00.000 4411.277568147020 4489.274046002540 2544.690227804400 -5.16000242736470 2.06213865762885 5.28530199385443
2026-08-11T08:25:00.000 3027.052928801530 4814.397584809770 3704.570298897380 -6.30449137157084 0.63071192841903 4.32106088995943
2026-08-11T08:29:00.000 1422.037639778770 4788.388810884220 4593.502259426680 -6.98868895401357 -0.84595607471974 3.04137676160699
2026-08-11T08:33:00.000 -286.641355451726 4413.370205154400 5146.684403066400 -7.16318998229966 -2.25990622760587 1.54038455388651
2026-08-11T08:37:00.000 -1974.457626690080 3716.909114142070 5323.949317600030 -6.81601180894799 -3.50833095768174 -0.07206563879870
2026-08-11T08:41:00.000 -3518.561916419870 2749.897062140080 5112.581511562960 -5.97297025562445 -4.50080745023741 -1.67843125266146
2026-08-11T08:45:00.000 -4806.655320621180 1582.803388933410 4528.160613841490 -4.69563182298017 -5.16555581161506 -3.16186711410725
2026-08-11T08:49:00.000 -5745.087551240410 300.569727034486 3613.396521419880 -3.07691052695907 -5.45447442754183 -4.41446242826762
2026-08-11T08:53:00.000 -6265.646953879330 -1003.528952917650 2435.060892200710 -1.23468829252346 -5.34667756297691 -5.34483637484969
2026-08-11T08:57:00.000 -6330.596615191140 -2234.669446197850 1079.151612235110 0.69657410259951 -4.85026285493190 -5.88521082299527
2026-08-11T09:01:00.000 -5935.457943789830 -3303.425536766020 -355.423734173129 2.57588472549883 -4.00184895241084 -5.99644384282333
2026-08-11T09:05:00.000 -5109.332333900750 -4132.343091524820 -1764.130060994020 4.26619011083755 -2.86396778232520 -5.67113127062546
2026-08-11T09:09:00.000 -3912.668740452520 -4661.613513883300 -3044.551925552790 5.64500693877937 -1.52011936742190 -4.93413865118993
2026-08-11T09:13:00.000 -2432.644657630450 -4853.333054790790 -4103.887682434090 6.61339085994010 -0.06816250767024 -3.84012914214882
2026-08-11T09:17:00.000 -776.667173880797 -4694.073104980610 -4865.596459196210 7.10261554860893 1.38704361321941 -2.46904363043864
2026-08-11T09:21:00.000 935.442986793501 -4195.662995147260 -5274.757423866430 7.07845791029973 2.74111421352874 -0.91998098667243
2026-08-11T09:25:00.000 2579.989155758650 -3394.210216630150 -5301.837155860660 6.54295253189322 3.89725278997748 0.69581001908098
2026-08-11T09:29:00.000 4038.089442048010 -2347.497718753790 -4944.706534790400 5.53393870737483 4.77259216844449 2.26247637452448
2026-08-11T09:33:00.000 5204.025204119430 -1130.971353846130 -4228.834488807040 4.12272307451810 5.30366725364152 3.66717355266099
2026-08-11T09:37:00.000 5992.794348399540 167.490204481022 -3205.641045590710 2.40974509639708 5.45100365773475 4.80775348912137
2026-08-11T09:41:00.000 6346.377280348290 1453.758584738510 -1949.034362602400 0.51818535511478 5.20241447391795 5.60014357703610
2026-08-11T09:45:00.000 6238.228715752090 2634.234623463680 -550.255803773475 -1.41441734757773 4.57459516801243 5.98499135011661
2026-08-11T09:49:00.000 5675.527825202810 3622.751007480980 888.705909261237 -3.24634743855311 3.61246147097918 5.93273707586969
2026-08-11T09:53:00.000 4698.891878396230 4347.034741943730 2262.644379342820 -4.84251055562290 2.38622672479207 5.44641699922325
2026-08-11T09:57:00.000 3379.452792733270 4754.184281876820 3471.036773858500 -6.08543576518458 0.98597173991479 4.56172020740901
2026-08-11T10:01:00.000 1813.510263844300 4814.586312031140 4425.550826121370 -6.88412881040557 -0.48555706338719 3.34385494911095
2026-08-11T10:05:00.000 115.345719913735 4524.033609448730 5056.556071683750 -7.18063127016703 -1.92073147183391 1.88243905479587
2026-08-11T10:09:00.000 -1591.240046371590 3903.933710697360 5318.181190400820 -6.95400517692673 -3.21503741296837 0.28457896888907
2026-08-11T10:13:00.000 -3181.999896051010 2999.637842880510 5191.556791526950 -6.22138815006883 -4.27464393128421 -1.33320526312015
2026-08-11T10:17:00.000 -4541.224220682770 1877.073209583870 4686.084453930780 -5.03634367123136 -5.02289752456710 -2.85320990538651
2026-08-11T10:21:00.000 -5570.077762575020 617.959936492833 3838.726843056430 -3.48510978494517 -5.40563425947377 -4.16483188537231
2026-08-11T10:25:00.000 -6193.764008105250 -686.097214534608 2711.344734373980 -1.68060617136577 -5.39515912085512 -5.17244831173069
2026-08-11T10:29:00.000 -6367.018788139270 -1940.259482262540 1386.227929696200 0.24546599646742 -4.99244141559425 -5.80254790296238
2026-08-11T10:33:00.000 -6077.473181503210 -3053.403584272300 -39.938888202240 2.15243526770992 -4.22729592592097 -6.00945380291743
2026-08-11T10:37:00.000 -5346.534482786950 -3944.817093809630 -1463.211348719780 3.90125159627731 -3.15610106674384 -5.77871813815009
2026-08-11T10:41:00.000 -4227.742187802170 -4550.099410833460 -2780.059236845600 5.36493041890415 -1.85753719667001 -5.12820809281395
2026-08-11T10:45:00.000 -2802.681151830900 -4825.803713082270 -3894.974498825680 6.43816627158166 -0.42637602130586 -4.10638002861894
2026-08-11T10:49:00.000 -1174.856835393000 -4752.433821178360 -4727.354092037510 7.04460968680621 1.03382018388312 -2.78814157647956
2026-08-11T10:53:00.000 537.884713317433 -4335.652816822420 -5217.169514354000 7.14168156100677 2.41817951320683 -1.26895558625381
2026-08-11T10:57:00.000 2211.784677185920 -3605.728943990410 -5329.096269148350 6.72289439109440 3.62768880353961 0.34197572602572
2026-08-11T11:01:00.000 3725.888527839730 -2615.324455282230 -5054.925794826400 5.81793297103716 4.57577787879388 1.92914929688088
2026-08-11T11:05:00.000 4970.526920462530 -1435.807251819780 -4414.159877670280 4.49067539877088 5.19398917325068 3.37843100892665
2026-08-11T11:09:00.000 5855.104624823300 -152.317196046548 -3452.764191582060 2.83538931941771 5.43674646406683 4.58469916429224
2026-08-11T11:13:00.000 6314.724780190030 1142.195725613840 -2240.095338220850 0.97079576726162 5.28502253400502 5.45936110956940
2026-08-11T11:17:00.000 6315.140559873350 2353.621800013090 -864.098643221985 -0.96789145453762 4.74836440134860 5.93714756798625
2026-08-11T11:21:00.000 5855.577118304550 3393.595988825280 574.986407731318 -2.83871970779274 3.86490182143651 5.98165414649640
2026-08-11T11:25:00.000 4969.041849368960 4186.110267942700 1972.006948220670 -4.50396414661804 2.69885343239003 5.58865887654875
2026-08-11T11:29:00.000 3720.008837284690 4673.242648389750 3224.746407853790 -5.84086311306054 1.33575579857337 4.78674514963923
2026-08-11T11:33:00.000 2199.627987233610 4819.502254088500 4241.597634420660 -6.75133871063199 -0.12425057282572 3.63510422708579
2026-08-11T11:37:00.000 518.867781949726 4614.403812368050 4948.350080977520 -7.16926641374014 -1.57428191653256 2.21852519395797
2026-08-11T11:41:00.000 -1199.723570319890 4073.118673552310 5293.569687740530 -7.06477025132510 -2.90870914668724 0.64082917291179
2026-08-11T11:45:00.000 -2830.981734874080 3235.263796258320 5252.266619803110 -6.44602454630972 -4.03066176734173 -0.98278555376582
2026-08-11T11:49:00.000 -4256.216688528370 2161.953588720760 4827.628773328840 -5.35842430406379 -4.85892285531436 -2.53412737455622
2026-08-11T11:53:00.000 -5371.773136819580 931.340941361512 4050.733328913060 -3.88112759318552 -5.33354178758220 -3.90031787961942
2026-08-11T11:57:00.000 -6096.530339748940 -367.025558134226 2978.309254987920 -2.12168601145078 -5.42009664175196 -4.98178885121264
2026-08-11T12:01:00.000 -6377.848891449630 -1638.690685516190 1688.637289594860 -0.20845571394002 -5.11244207724893 -5.69962834394590
2026-08-11T12:05:00.000 -6195.465530259040 -2791.213491199330 275.839258421080 1.71878619217489 -4.43340759568330 -6.00161637103374
2026-08-11T12:09:00.000 -5562.992579745160 -3740.964866402930 -1157.071112671220 3.51934894415513 -3.43314164231058 -5.86634692251024
2026-08-11T12:13:00.000 -4526.831549160700 -4419.261272722640 -2505.810415264290 5.06240109148695 -2.18521650310712 -5.30466593854053
2026-08-11T12:17:00.000 -3162.618458275560 -4777.326008607170 -3672.484147065510 6.23665115166227 -0.78086231595926 -4.35857964025980
2026-08-11T12:21:00.000 -1569.534566297840 -4789.700953383920 -4572.684434375890 6.95831713640692 0.67806845136559 -3.09767719125666
2026-08-11T12:25:00.000 137.006300370449 -4455.894577588530 -5141.468022881530 7.17659239064160 2.08662299692889 -1.61352114723712
2026-08-11T12:29:00.000 1833.660929336390 -3800.242829372190 -5337.838022266290 6.87647570771212 3.34403037593059 -0.01292438897477
2026-08-11T12:33:00.000 3397.859071205310 -2870.090846246160 -5147.536148078450 6.07933481449717 4.36036509651677 1.58935947058367
2026-08-11T12:37:00.000 4716.395860710580 -1732.466262266590 -4584.036016950130 4.84142906879906 5.06244791959077 3.07825478817479
2026-08-11T12:41:00.000 5693.432291182920 -469.436984074326 -3687.705733384260 3.25049326020660 5.39887689236170 4.34600143004405
2026-08-11T12:45:00.000 6257.447268136480 827.610113611204 -2523.132070855750 1.42036549748582 5.34394635325904 5.29977478393084
2026-08-11T12:49:00.000 6366.638411598090 2064.470170573160 -1174.675927262340 -0.51656995266329 4.90014242083177 5.86870401072593
2026-08-11T12:53:00.000 6012.274336069010 3150.990341970330 259.523366307628 -2.41879654424774 4.09864497241973 6.00967001403272
2026-08-11T12:57:00.000 5219.623057082430 4007.790019810430 1674.725818025140 -4.14636432257338 2.99753620642190 5.71124863251913
2026-08-11T13:01:00.000 4046.235650663850 4572.247182710110 2967.408678895720 -5.57198688812094 1.67746758444751 4.99495152010623
2026-08-11T13:05:00.000 2577.689531820610 4803.187817590590 4043.017829784630 -6.59088775076479 0.23536690958677 3.91350864042259
2026-08-11T13:09:00.000 921.185486079295 4683.917420543880 4823.004081654590 -7.12878825717066 -1.22303665318475 2.54664954685605
2026-08-11T13:13:00.000 -802.460332171752 4223.354831188510 5250.567895741090 -7.14710360898409 -2.59137274720585 0.99470446017392
2026-08-11T13:17:00.000 -2467.698371613390 3455.245841156660 5294.707272524380 -6.64510518655723 -3.77032845469984 -0.62900841611850
2026-08-11T13:21:00.000 -3953.339793517470 2435.637501390710 4952.371704862600 -5.65964585847042 -4.67445495209236 -2.20623712532698
2026-08-11T13:25:00.000 -5151.318198906630 1238.796834776320 4248.646972835270 -4.26255538175558 -5.23828785516969 -3.62218642280662
2026-08-11T13:29:00.000 -5974.507772604760 -48.173323902573 3234.929219588080 -2.55550169247024 -5.42095959819213 -4.77369759163392
2026-08-11T13:33:00.000 -6363.081821023200 -1331.638750734750 1985.217470409940 -0.66295100491625 -5.20929337825074 -5.57674994599148
2026-08-11T13:37:00.000 -6288.935762222040 -2518.271693203580 590.729020851504 1.27683775989117 -4.61903520404149 -5.97282029057977
2026-08-11T13:41:00.000 -5757.779094419280 -3521.911667621850 -846.818286704095 3.12213883806903 -3.69381066988978 -5.93350472077387
2026-08-11T13:45:00.000 -4808.655303588300 -4269.905342184020 -2222.743112322810 4.73869065581794 -2.50178562886454 -5.46262327442854
2026-08-11T13:49:00.000 -3510.923263214810 -4708.374027057030 -3437.108741471260 6.00966883562805 -1.13023850489015 -4.59559224658354
2026-08-11T13:53:00.000 -1959.021381775830 -4806.018346745790 -4401.990249010890 6.84413590287189 0.32116383264997 -3.39638100647796
2026-08-11T13:57:00.000 -265.471455132281 -4556.201862465340 -5047.737690587110 7.18312630923217 1.74781639447307 -1.95230915500279
2026-08-11T14:01:00.000 1447.261794349220 -3977.246483691380 -5327.814603612630 7.00312406040258 3.04753233239378 -0.36750457898768
2026-08-11T14:05:00.000 3055.453232459300 -3111.014025636460 -5221.968264602910 6.31712217940631 4.12741613138596 1.24437836806454
2026-08-11T14:09:00.000 4442.786733413540 -2019.934030430850 -4737.614290670560 5.17354192868342 4.90990106609565 2.76768653529115
2026-08-11T14:13:00.000 5508.545773026150 -782.679871989988 -3909.397566840710 3.65329499542644 5.33798354283155 4.09244752315646
2026-08-11T14:17:00.000 6174.859801547800 511.292257539871 -2796.919370192880 1.86488510731325 5.37942804303270 5.12189911185565
2026-08-11T14:21:00.000 6392.533574275830 1768.078817328290 -1480.683256665420 -0.06260245215176 5.02975241388173 5.77978317601090
2026-08-11T14:25:00.000 6144.923663602680 2896.146406562070 -56.397020340659 -1.98864274342682 4.31316351059872 6.01653825316992
2026-08-11T14:29:00.000 5449.449826123520 3813.112282021450 1371.988487790890 -3.77171278931306 3.28131674522223 5.81357487345283
2026-08-11T14:33:00.000 4356.509642784140 4451.947991505350 2700.003966133970 -5.28037245273617 2.00969325239021 5.18524735487580
2026-08-11T14:37:00.000 2945.776302366260 4766.027164523320 3830.499811011100 -6.40369184621635 0.59170038843574 4.17777127193583
2026-08-11T14:41:00.000 1320.220975196310 4732.564093689420 4680.882754594650 -7.05962874181211 -0.86869946831476 2.86539662367107
2026-08-11T14:45:00.000 -401.561995872046 4354.208944594640 5189.174223715470 -7.20080056601802 -2.26481116540213 1.34456635300827
2026-08-11T14:49:00.000 -2094.117177027350 3658.747625381770 5318.479618363600 -6.81766201939535 -3.49518078607635 -0.27348368595903
2026-08-11T14:53:00.000 -3634.261939830830 2696.956128289730 5059.553580423920 -5.93850107746835 -4.47073919645652 -1.87094121389714
2026-08-11T14:57:00.000 -4909.954836612720 1538.897111331510 4431.400043767670 -4.62735763730760 -5.12078388910385 -3.33157433197607
2026-08-11T15:01:00.000 -5828.405190878020 268.865202183272 3479.906019111530 -2.97968002961326 -5.39817146408492 -4.54895515814130
2026-08-11T15:05:00.000 -6322.841428199850 -1020.729106077650 2274.531881247060 -1.11554910743245 -5.28283081756623 -5.43427727128093
2026-08-11T15:09:00.000 -6357.427175035230 -2236.091724075700 903.261588251197 0.82889871814818 -4.78341987530453 -5.92297845412902
2026-08-11T15:13:00.000 -5929.926982969440 -3288.931563278760 -533.857144886108 2.71155159239357 -3.93688340149042 -5.97975949928293
2026-08-11T15:17:00.000 -5071.839779930230 -4102.965564384530 -1932.121730712210 4.39524161578913 -2.80566221219395 -5.60134704018867
2026-08-11T15:21:00.000 -3845.946052253220 -4619.475360669310 -3189.905200646920 5.75806238077914 -1.47273706545718 -4.81643840260461
2026-08-11T15:25:00.000 -2341.538822046880 -4801.487880740560 -4216.074610944580 6.70230130017248 -0.03514250410136 -3.68313561042482
2026-08-11T15:29:00.000 -667.778671976060 -4636.275694750740 -4936.507980581890 7.16100443313643 1.40333149055533 -2.28416600117480
2026-08-11T15:33:00.000 1054.239361297960 -4136.089876965770 -5299.275134416610 7.10213572555012 2.73954361130227 -0.72058539025006
2026-08-11T15:37:00.000 2700.103230746850 -3337.155585633180 -5278.190989817880 6.53018237065070 3.87796198682959 0.89534913611173
2026-08-11T15:41:00.000 4150.826809912950 -2297.072320772440 -4874.600082948270 5.48559586378538 4.73697523248917 2.44776149491080
2026-08-11T15:45:00.000 5301.206936436450 -1090.808196665560 -4117.326233228620 4.04220255782606 5.25427704719391 3.82480365578775
2026-08-11T15:49:00.000 6067.339420287240 194.490374669227 -3060.795395129160 2.30275662050507 5.39135973105539 4.92621865302852
2026-08-11T15:53:00.000 6392.822069395540 1465.633814859110 -1781.366421672390 0.39243024333182 5.13677189574159 5.67067003567732
2026-08-11T15:57:00.000 6253.152223556180 2630.105798519040 -371.986680542682 -1.54970503605897 4.50768978078815 6.00224217460508
2026-08-11T16:01:00.000 5657.838277037330 3602.909841352320 1064.547940771370 -3.38115608139297 3.54925551272965 5.89538805478099
2026-08-11T16:05:00.000 4649.894840246090 4312.940945102370 2423.206693334970 -4.96700040648011 2.33138538603806 5.35721350516705
2026-08-11T16:09:00.000 3302.741945625370 4708.340690161270 3604.582500807330 -6.19046614644088 0.94350818093068 4.42717662248003
2026-08-11T16:13:00.000 1714.715079506010 4760.362546223170 4522.329756293350 -6.96201793132018 -0.51249644773574 3.17390829850499
2026-08-11T16:17:00.000 1.693263498569 4465.414956260110 5109.527410765270 -7.22581920431174 -1.93020378038534 1.68955413574042
2026-08-11T16:21:00.000 -1711.467621896250 3845.211661947500 5323.497434116610 -6.96328080053184 -3.20643606837961 0.08275866224343
2026-08-11T16:25:00.000 -3300.051894455480 2945.088302711160 5148.830496473850 -6.19408978718922 -4.24871107848547 -1.52930186886789
2026-08-11T16:29:00.000 -4648.500063143670 1830.638479820520 4598.413240037460 -4.97436414563500 -4.98163198225166 -3.02937322394745
2026-08-11T16:33:00.000 -5658.729883515490 582.977092738273 3712.469004090090 -3.39281714965125 -5.35203479458547 -4.30825630452259
2026-08-11T16:37:00.000 -6257.276161571280 -707.107510463537 2555.671719083030 -1.56468260447482 -5.33301845959752 -5.27264977609155
2026-08-11T16:41:00.000 -6400.704232983190 -1945.770715032870 1212.460490630930 0.37657899192816 -4.92619749236764 -5.85220156902326
2026-08-11T16:45:00.000 -6078.823859648960 -3042.996233473050 -219.149109790516 2.28909756661723 -4.16168885324143 -6.00487303285630
2026-08-11T16:49:00.000 -5315.433392791290 -3919.223293931100 -1634.810690916410 4.03335290390300 -3.09594084267443 -5.72028231318160
2026-08-11T16:53:00.000 -4166.454411950260 -4511.170465644440 -2931.570672713780 5.48285737342722 -1.80725210107268 -5.02027973204634
2026-08-11T16:57:00.000 -2715.658050370480 -4776.365228313190 -4015.403499058160 6.53340508475953 -0.38961200463136 -3.95687812160213
2026-08-11T17:01:00.000 -1068.401138751290 -4696.067925820200 -4807.976353719130 7.11033632452546 1.05444659517307 -2.60793438881349
2026-08-11T17:05:00.000 656.077433837291 -4276.426527283520 -5252.142071489120 7.17316933538610 2.42126019336598 -1.07104825497096
2026-08-11T17:09:00.000 2333.167516259500 -3547.894958669960 -5315.864315219550 6.71780922611616 3.61308752057998 0.54334765248321
2026-08-11T17:13:00.000 3841.657647305070 -2563.021472720590 -4994.402530028910 5.77649516907493 4.54455917376521 2.11948115402244
2026-08-11T17:17:00.000 5072.249398902220 -1392.781287087110 -4310.675131354130 4.41574705267308 5.14835954347507 3.54392865337911
2026-08-11T17:21:00.000 5935.332738269080 -121.657353698716 -3313.768809237490 2.73226167280699 5.37993735879007 4.71330706553009
2026-08-11T17:25:00.000 6367.535969890260 1158.273803589880 -2075.640485857500 0.84683115646131 5.22103445532889 5.54158404181521
2026-08-11T17:29:00.000 6336.591216685470 2353.931702738420 -686.135348906732 -1.10365166262268 4.68174219485012 5.96676684325679
2026-08-11T17:33:00.000 5844.030221770580 3378.082978122510 753.469184297363 -2.97622046336702 3.80047996840318 5.95631501195680
2026-08-11T17:37:00.000 4925.312566114470 4155.882048433390 2137.951687760140 -4.63298095093013 2.64142102934923 5.51016126392120
2026-08-11T17:41:00.000 3647.294259637120 4630.507260308170 3366.016285147070 -5.95190951951836 1.28961518196539 4.66088903926716
2026-08-11T17:45:00.000 2103.245873411790 4767.400243147320 4347.873182451400 -6.83631164551995 -0.15568784683881 3.47114110765175
2026-08-11T17:49:00.000 405.863772822760 4556.761579390780 5011.885232859920 -7.22196201928302 -1.58873023999186 2.02851719285949
2026-08-11T17:53:00.000 -1321.097936156370 4014.166342289210 5309.759867057010 -7.08142316777663 -2.90511653317880 0.43871445932366
2026-08-11T17:57:00.000 -2951.890490948070 3179.320800827370 5219.964739511570 -6.42552410500326 -4.00934031090864 -1.18230943909533
2026-08-11T18:01:00.000 -4367.871717682360 2113.105340373610 4749.211122244130 -5.30228331161612 -4.82149462772554 -2.71655227185173
2026-08-11T18:05:00.000 -5466.060641673620 893.140694494286 3931.932377622920 -3.79342319194194 -5.28278275661672 -4.05236324386087
2026-08-11T18:09:00.000 -6166.598569882270 -391.808845444766 2827.798472423950 -2.00879466645978 -5.35974204749163 -5.09237339127349
2026-08-11T18:13:00.000 -6418.607507083840 -1648.274346477660 1517.401335884030 -0.07860391644111 -5.04690551840407 -5.76070012791158
2026-08-11T18:17:00.000 -6203.966442551180 -2784.923123178220 96.366227886593 1.85610447285069 -4.36747024600589 -6.00877078146931
2026-08-11T18:21:00.000 -5538.644395843380 -3719.285729118570 -1331.701505476230 3.65408979196892 -3.37163310302226 -5.81909739788010
2026-08-11T18:25:00.000 -4471.444358396220 -4383.809819624190 -2662.889980413840 5.18474562391751 -2.13266121369634 -5.20657983907434
2026-08-11T18:29:00.000 -3080.250419096140 -4730.726434521070 -3800.617115365930 6.33779978623782 -0.74107796244414 -4.21693360219055
2026-08-11T18:33:00.000 -1466.171785989080 -4735.378363529560 -4662.602933848690 7.03108592918463 0.70227225119940 -2.92280697450928
2026-08-11T18:37:00.000 253.889111287068 -4397.805438992590 -5186.675056106310 7.21581461076642 2.09364509403529 -1.41804350276915
2026-08-11T18:41:00.000 1955.620369964240 -3742.578106035100 -5335.050877388990 6.87928512765443 3.33351151612697 0.18914283508739
2026-08-11T18:45:00.000 3516.061562130400 -2816.983189223370 -5096.913674887300 6.04536968894336 4.33314449184299 1.78351210302934
2026-08-11T18:49:00.000 4822.230906991410 -1687.711693963700 -4489.181518544810 4.77292407418244 5.02046931742830 3.25045487054094
2026-08-11T18:53:00.000 5779.138339989810 -436.243245564389 -3555.434478016920 3.15225854452451 5.34508745041755 4.48369438641997
2026-08-11T18:57:00.000 6316.689919245730 846.851314739924 -2362.994861034870 1.29939422554202 5.28215329645857 5.39285465958702
2026-08-11T19:01:00.000 6394.977369731850 2068.353350570170 -998.286807895076 -0.65155376962306 4.83471516977296 5.91018401437199
2026-08-11T19:05:00.000 6007.520243635570 3139.202172254270 439.310072309323 -2.55787592076085 4.03426572900236 5.99629537516885
2026-08-11T19:09:00.000 5182.032790879390 3981.146659784050 1844.761918150660 -4.27920856028020 2.93888390934895 5.64385384698059
2026-08-11T19:13:00.000 3978.510483856670 4532.653924935010 3115.238720266830 -5.68869509370336 1.62888621072101 4.87843869531822
2026-08-11T19:17:00.000 2484.768642725120 4753.520838946480 4157.819484108560 -6.68286102534896 0.20052741894396 3.75648983878519
2026-08-11T19:21:00.000 809.848405060035 4627.806253704730 4896.391437782360 -7.18935002707332 -1.24157618340149 2.36067222025564
2026-08-11T19:25:00.000 -924.096008882150 4164.894738882400 5277.190551136200 -7.17183205359892 -2.59228594598501 0.79336741682264
2026-08-11T19:29:00.000 -2590.762122838950 3398.705785071180 5272.636660649710 -6.63222302305538 -3.75351010441236 -0.83095357723641
2026-08-11T19:33:00.000 -4068.875561694430 2385.148987114070 4883.240639207270 -5.61018541959757 -4.64115981050748 -2.39407253632704
2026-08-11T19:37:00.000 -5250.930805759650 1198.042555417170 4137.513467709010 -4.18014399226580 -5.19096389015305 -3.78222613373215
2026-08-11T19:41:00.000 -6050.971067467500 -76.223665803803 3089.914010077400 -2.44619271883225 -5.36306443237455 -4.89427268188828
2026-08-11T19:45:00.000 -6410.873486653410 -1344.944487853240 1816.912850931680 -0.53480783198130 -5.14507710511336 -5.64907296923690
2026-08-11T19:49:00.000 -6304.645857625670 -2515.878391062110 411.415477867441 1.41439598829999 -4.55323991284506 -5.99169126703729
2026-08-11T19:53:00.000 -5740.347756185540 -3504.028708770180 -1024.077886697320 3.25906979569408 -3.63132796665923 -5.89763913910024
2026-08-11T19:57:00.000 -4759.438911145930 -4237.892155362540 -2385.061336028990 4.86502390634864 -2.44725135890951 -5.37476751349609
2026-08-11T20:01:00.000 -3433.580171440390 -4664.637800261910 -3572.725368532870 6.11632665889533 -1.08767928534812 -4.46232218167268
2026-08-11T20:05:00.000 -1859.212099753680 -4753.820598841240 -4501.124057029950 6.92359261303061 0.34870600987901 -3.22748673408142
2026-08-11T20:09:00.000 -150.435525021007 -4499.394796336090 -5103.266396278920 7.22981577016238 1.75847946097156 -1.76002573716061
2026-08-11T20:13:00.000 1569.219000054770 -3919.976594229520 -5335.756900209900 7.01376006051993 3.04073620342246 -0.16561143457627
2026-08-11T20:17:00.000 3175.523913749300 -3057.417298141510 -5181.744980560160 6.29082819394605 4.10380367520145 1.44145237581177
2026-08-11T20:21:00.000 4552.256672195830 -1973.858114525540 -4652.097274879340 5.11198871056777 4.87121775423732 2.94577009804422
2026-08-11T20:25:00.000 5599.409977246220 -747.432821572213 -3784.733741967360 3.56071496032562 5.28695989291060 4.23858116562172
2026-08-11T20:29:00.000 6240.419886189010 533.167315735525 -2642.119812114120 1.74786828886393 5.31968620260704 5.22534140439536
2026-08-11T20:33:00.000 6427.905520682550 1774.992153054810 -1306.981136352750 -0.19562941629308 4.96555879622148 5.83287549850032
2026-08-11T20:37:00.000 6147.403853891920 2887.574640378890 123.561056195391 -2.12803017768856 4.24908849726247 6.01521790019363
2026-08-11T20:41:00.000 5418.740070714250 3789.641018289870 1545.049047127340 -3.90718945339404 3.22198662477451 5.75774455356129
2026-08-11T20:45:00.000 4294.767324919240 4415.246652486430 2853.484767181160 -5.40189486128302 1.95945266025243 5.07891064910154
2026-08-11T20:49:00.000 2857.457369969220 4718.734264671070 3953.141095890280 -6.50225544311847 0.55422188578713 4.02869346439912
2026-08-11T20:53:00.000 1211.753463158570 4678.098256701960 4763.686911597820 -7.12794164542290 -0.89061992682725 2.68455379544406
2026-08-11T20:57:00.000 -522.275162341767 4296.521395686830 5226.073888143450 -7.23391292603600 -2.26958310549371 1.14521199034782
2026-08-11T21:01:00.000 -2218.280842153570 3602.016912360700 5306.757055780300 -6.81311231398827 -3.48247637645964 -0.47683396013309
2026-08-11T21:05:00.000 -3752.815267008350 2645.300330506620 5000.040434708300 -5.89659606275763 -4.44139899711686 -2.06338937055112
2026-08-11T21:09:00.000 -5014.256019299760 1496.078197679190 4328.432634275410 -4.55123113256077 -5.07694150186643 -3.49902557034772
2026-08-11T21:13:00.000 -5910.865016571690 237.997735432147 3340.996495575710 -2.87492258231630 -5.34302205253003 -4.67918173299868
2026-08-11T21:17:00.000 -6377.480333232550 -1037.399596499160 2109.818107699380 -0.98989990752105 -5.22040215312161 -5.51776983649067
2026-08-11T21:21:00.000 -6380.316845201700 -2237.363095128980 724.762405489396 0.96618889039542 -4.71832249445211 -5.95366639537624
2026-08-11T21:25:00.000 -5919.474176644430 -3274.744046650710 -713.129072456989 2.85041014978713 -3.87395617934195 -5.95548871167418
2026-08-11T21:29:00.000 -5028.891894131240 -4074.405164066390 -2099.125109687500 4.52552134213227 -2.74955925898943 -5.52403568891475
2026-08-11T21:33:00.000 -3773.715238903990 -4578.692121456050 -3332.533013537570 5.87033768971833 -1.42761417643747 -4.69189194331231
2026-08-11T21:37:00.000 -2245.340244251290 -4751.533640510280 -4324.034679927730 6.78858120435900 -0.00430737717269 -3.52056937192859
2026-08-11T21:41:00.000 -554.612489328421 -4580.862242944620 -5002.052958157030 7.21529883827549 1.41774387359824 -2.09541246039169
2026-08-11T21:45:00.000 1176.195742476610 -4079.285848724960 -5317.720299251850 7.12065977679397 2.73668392239243 -0.51919822852907
2026-08-11T21:49:00.000 2822.052563962120 -3283.083456348610 -5248.223326508640 6.51158071542393 3.85822118376157 1.09498792459550
2026-08-11T21:53:00.000 4263.944820581630 -2249.621721034900 -4798.363563853800 5.43100318223228 4.70187466864776 2.63137108083179
2026-08-11T21:57:00.000 5397.245520358750 -1053.384473529330 -4000.292112946840 3.95529050698785 5.20631341622334 3.97908764314786
2026-08-11T22:01:00.000 6139.229991248210 219.188566176065 -2911.411839642560 2.18964152063933 5.33389967038974 5.03983821107623
2026-08-11T22:05:00.000 6435.223269629710 1475.802730465970 -1610.475421366030 0.26131251163485 5.07388821621102 5.73515080109177
2026-08-11T22:09:00.000 6262.874005848990 2624.986882999290 -192.039443181233 -1.68925229676917 4.44395205963255 6.01274480121053
2026-08-11T22:13:00.000 5634.075846186850 3582.854902959820 1240.405936835120 -3.51891436068468 3.48928442199255 5.85099261486279
2026-08-11T22:17:00.000 4594.312019268680 4279.388475303280 2582.098740337370 -5.09276332359240 2.27957649919699 5.26109240817407
2026-08-11T22:21:00.000 3219.355186352170 4663.725157026090 3734.868228361030 -6.29497935597925 0.90369158448711 4.28637840143061
2026-08-11T22:25:00.000 1609.579625732470 4707.929722940640 4614.464162837560 -7.03762274922804 -0.53742640935175 2.99872931748014
2026-08-11T22:29:00.000 -117.535930914108 4408.979768714990 5156.758271466340 -7.26694073103901 -1.93842146901571 1.49284975095213
2026-08-11T22:33:00.000 -1836.103431623380 3788.880552448240 5322.370987870520 -6.96694523613511 -3.19736233645049 -0.12104584563279
2026-08-11T22:37:00.000 -3421.017137715720 2892.953943672910 5099.424614561280 -6.16001514043743 -4.22301832620508 -1.72536391404187
2026-08-11T22:41:00.000 -4756.979788407130 1786.497150072640 4504.327444575950 -4.90504432161060 -4.94110809880293 -3.20335306454415
2026-08-11T22:45:00.000 -5746.836155460570 550.059197257350 3580.575262055270 -3.29341920587125 -5.29960754376593 -4.44740621174031
2026-08-11T22:49:00.000 -6318.633821724980 -726.395655534840 2395.608720601930 -1.44255376826807 -5.27257022570905 -5.36680397277309
2026-08-11T22:53:00.000 -6430.912197309360 -1950.033189465010 1035.921705436150 0.51242231216801 -4.86221372983846 -5.89451577642235
2026-08-11T22:57:00.000 -6075.778978172880 -3031.954545097150 -399.283952339126 2.42865493769380 -4.09893674075379 -5.99236547276424
2026-08-11T23:01:00.000 -5279.472050978060 -3893.740944135230 -1805.433121877910 4.16642806952577 -3.03910733643199 -5.65403801658348
2026-08-11T23:05:00.000 -4100.304027670080 -4473.187740651430 -3080.311312881280 5.59984478867667 -1.76056365848240 -4.90532424202972
2026-08-11T23:09:00.000 -2624.208234166400 -4728.746026760260 -4131.531462543170 6.62600023341116 -0.35647402595097 -3.80173662645921
2026-08-11T23:13:00.000 -958.328052901371 -4642.365405563470 -4883.157444476490 7.17202533126458 1.07170854050507 -2.42393997352640
2026-08-11T23:17:00.000 776.798509004219 -4220.609332644100 -5281.020481820940 7.19970451872018 2.42154830307857 -0.87150897466177
2026-08-11T23:21:00.000 2455.829137846420 -3494.040845897980 -5296.409151254250 6.70734369314643 3.59656941042154 0.74417664816893
2026-08-11T23:25:00.000 3957.406836174000 -2515.025747007760 -4928.033187893880 5.72967571613636 4.51257015949662 2.30725737759416
2026-08-11T23:29:00.000 5172.687849897320 -1354.094304998660 -4202.168394961330 4.33570081128644 5.10323897641677 3.70516415371033
2026-08-11T23:33:00.000 6013.103192562370 -95.065635075070 -3170.952697070090 2.62452999626810 5.32485511111451 4.83620659395262
2026-08-11T23:37:00.000 6416.885082820230 1170.832957742730 -1908.875324877680 0.71916572834669 5.15988029749932 5.61700510633983
2026-08-11T23:41:00.000 6353.831152598150 2351.522065011100 -507.572236867822 -1.24190840054300 4.61891304651035 5.98903669010278
2026-08-11T23:45:00.000 5827.833146331080 3360.851282842300 930.786328632321 -3.11488133989243 3.74055234743656 5.92371585158317
2026-08-11T23:49:00.000 4876.813023931800 4125.060327798860 2301.056376133180 -4.76184952067583 2.58879460533687 5.42504817609397
2026-08-11T23:53:00.000 3569.999059658380 4588.323573077600 3502.976538942200 -6.06152360783691 1.24813862979370 4.52946734893961
2026-08-11T23:57:00.000 2002.777454778420 4716.918636999260 4448.665855675450 -6.91862645184199 -0.18292051311207 3.30302583828454
2026-08-12T00:01:00.000 289.533913999243 4501.667089325600 5069.136716579740 -7.27102290862074 -1.59970873591131 1.83600909465176
2026-08-12T00:05:00.000 -1444.827210785060 3958.475684814140 5319.274707584040 -7.09363971301601 -2.89908114738527 0.23586020956024
2026-08-12T00:09:00.000 -3074.010518011880 3127.084206887460 5181.037193991690 -6.39997862383130 -3.98677131209424 -1.38066296648185
2026-08-12T00:13:00.000 -4479.487900798850 2068.115387005940 4664.676169464680 -5.24082795902357 -4.78403794904512 -2.89593331341163
2026-08-12T00:17:00.000 -5559.044017537810 858.669775354004 3807.952454933290 -3.70056491384875 -5.23310736662908 -4.19967731571060
2026-08-12T00:21:00.000 -6234.191346700590 -413.241488379543 2673.415601510130 -1.89137581442856 -5.30142641257119 -5.19685982829772
2026-08-12T00:25:00.000 -6455.927248058020 -1655.097325472930 1343.880706250720 0.05468708190054 -4.98422996744414 -5.81472168969581
2026-08-12T00:29:00.000 -6208.369256679610 -2776.645309399350 -83.635197270115 1.99542371269577 -4.30509707955548 -6.00844410664656
2026-08-12T00:33:00.000 -5509.907481230870 -3696.543903447490 -1505.079734007340 3.78925062423555 -3.31422602226113 -5.76459534075404
2026-08-12T00:37:00.000 -4411.754833533170 -4348.318283940770 -2817.061835664150 5.30596315159648 -2.08448284554153 -5.10203517728406
2026-08-12T00:41:00.000 -2994.023360254500 -4685.143456002870 -3924.436794151230 6.43641455734484 -0.70567096407013 -4.07010964694807
2026-08-12T00:45:00.000 -1359.702955138800 -4683.091605481970 -4747.159962244590 7.10016251854805 0.72240896310475 -2.74443408350717
2026-08-12T00:49:00.000 372.884570536761 -4342.662166578430 -5225.907296398650 7.25050720716923 2.09719356550517 -1.22099392174610
2026-08-12T00:53:00.000 2078.545767665060 -3688.595803928170 -5326.160632399910 6.87714719856331 3.32037579046584 0.39070537983037
2026-08-12T00:57:00.000 3634.037645724740 -2768.058708135700 -5040.549824423240 6.00648870440689 4.30440157602769 1.97518952529993
2026-08-12T01:01:00.000 4926.701544773020 -1647.356081492150 -4389.389596950310 4.69990280572981 4.97823873681410 3.41848737648804
2026-08-12T01:05:00.000 5862.465279937980 -407.348829183742 -3419.391587093110 3.05010451672303 5.29236513749866 4.61589576991694
2026-08-12T01:09:00.000 6372.706894770630 862.192275374280 -2200.536138058640 1.17535070815948 5.22259223087705 5.47939033595324
2026-08-12T01:13:00.000 6419.494876593210 2068.998003125050 -821.232225050872 -0.78837780795978 4.77254754017264 5.94450810342279
2026-08-12T01:17:00.000 5998.674441855260 3125.065798015120 618.033600397452 -2.69735340400199 3.97402091615892 5.97578559155318
2026-08-12T01:21:00.000 5140.424918003940 3953.228533487230 2012.089322847440 -4.41106087128510 2.88499076881420 5.56997012970673
2026-08-12T01:25:00.000 3907.154638698200 4492.969701147360 3258.932348676560 -5.80321706318098 1.58533565446325 4.75658967402216
2026-08-12T01:29:00.000 2388.863283705940 4704.957407292630 4267.374570509620 -6.77165806208788 0.17054960451952 3.59559716237988
2026-08-12T01:33:00.000 696.391185534557 4573.914799426570 4963.807604419320 -7.24593618121925 -1.25572291196128 2.17257635725158
2026-08-12T01:37:00.000 -1046.840246327190 4109.623586517470 5297.563437803220 -7.19218454088318 -2.58957306925890 0.59183197088948
2026-08-12T01:41:00.000 -2713.872251386010 3346.094574785670 5244.488696524590 -6.61489159791859 -3.73419972844271 -1.03129044081577
2026-08-12T01:45:00.000 -4183.397807136840 2339.032151716080 4808.626387308070 -5.55638878989235 -4.60668153164948 -2.57857216521125
2026-08-12T01:49:00.000 -5348.536220527310 1161.778619438420 4021.886170819550 -4.09383278783901 -5.14383697867930 -3.93741113222571
2026-08-12T01:53:00.000 -6124.571546299090 -99.995661197818 2941.718482236280 -2.33368956942403 -5.30673507474804 -5.00883182611343
2026-08-12T01:57:00.000 -6455.136093635060 -1354.500193974500 1646.967892204180 -0.40433954785499 -5.08366326342411 -5.71464485140125
2026-08-12T02:01:00.000 -6316.393259015930 -2510.534163018750 232.126430898540 1.55321442024262 -4.49125791999419 -6.00352260234349
2026-08-12T02:05:00.000 -5718.794442948640 -3484.200484494320 -1199.641654768130 3.39605423782393 -3.57336071641828 -5.85497701778281
2026-08-12T02:09:00.000 -4706.233266546720 -4205.068421226670 -2544.135671859680 4.99021187378755 -2.39759481978716 -5.28088958532219
2026-08-12T02:13:00.000 -3352.655523676590 -4621.264873090480 -3703.787421125630 6.22074757255278 -1.04995852224175 -4.32420728406866
2026-08-12T02:17:00.000 -1756.477945874070 -4703.106134292040 -4594.713917997310 6.99984539362173 0.37180755741089 -3.05523964898579
2026-08-12T02:21:00.000 -33.337751644470 -4445.056569499390 -5152.646791163800 7.27255324813878 1.76542033210462 -1.56608022151770
2026-08-12T02:25:00.000 1692.222235976170 -3865.957594785060 -5337.367210862280 7.01992707127054 3.03117544716254 0.03613419988054
2026-08-12T02:29:00.000 3295.537060214510 -3007.604534126200 -5135.448951247260 6.25987450842397 4.07853720336380 1.63651731008500
2026-08-12T02:33:00.000 4660.568345100940 -1931.816762635180 -4561.200027156480 5.04598375839645 4.83211506178406 3.12013814646836
2026-08-12T02:37:00.000 5688.103572639040 -716.167204529389 -3655.754714110480 3.46419365550796 5.23679402952014 4.37961410427373
2026-08-12T02:41:00.000 6302.946862768920 551.411216463261 -2484.359123273860 1.62763518106643 5.26197101944412 5.32265588690514
2026-08-12T02:45:00.000 6459.585015478270 1778.876495213280 -1131.882568344350 -0.33087133030633 4.90431849758579 5.87910564194916
2026-08-12T02:49:00.000 6145.826030124490 2876.776414299870 303.221757303888 -2.26818352933665 4.18873360711408 6.00676148167853
2026-08-12T02:53:00.000 5383.980013389980 3764.913930426690 1716.137415962000 -4.04183993650773 3.16699118131694 5.69520356769062
2026-08-12T02:57:00.000 4229.352860277490 4378.378139762800 3003.492700796320 -5.52111378836799 1.91390209755839 4.96686343333831
2026-08-12T03:01:00.000 2766.176846926430 4672.419037950920 4071.111427541880 -6.59727220495476 0.52154944968900 3.87541261688082
2026-08-12T03:05:00.000 1101.285220704350 4625.745642633080 4841.025263356070 -7.19185696114435 -0.90794150292160 2.50133095081419
2026-08-12T03:09:00.000 -643.868992779761 4241.992997770380 5257.176406553610 -7.26216012917387 -2.27028782060104 0.94550760343205
2026-08-12T03:13:00.000 -2342.152475647300 3549.327544956750 5289.408142336450 -6.80375812497694 -3.46655049608019 -0.67842238043663
2026-08-12T03:17:00.000 -3869.980007332690 2598.314535798440 4935.550461427340 -5.85039318348516 -4.41009820998726 -2.25225852825948
2026-08-12T03:21:00.000 -5116.216120946500 1458.231074516520 4221.528984699800 -4.47150965482593 -5.03254720781670 -3.66143276701826
2026-08-12T03:25:00.000 -5990.234457369790 212.059966096945 3199.501474971430 -2.76754726187556 -5.28878837883418 -4.80327258816627
2026-08-12T03:29:00.000 -6428.530430589950 -1049.535843349690 1944.075397940840 -0.86273320342630 -5.16033264443384 -5.59450763728678
2026-08-12T03:33:00.000 -6399.397491787730 -2234.823132007720 546.878793772557 1.10379006279842 -4.65685085445901 -5.97749894785383
2026-08-12T03:37:00.000 -5905.284280751490 -3257.739208364350 -890.182188291358 2.98836769466033 -3.81563844890083 -5.92480170530461
2026-08-12T03:41:00.000 -4982.556903928860 -4044.220781650630 -2262.469503764680 4.65381589200128 -2.69873393141931 -5.44121293686379
2026-08-12T03:45:00.000 -3698.679621201300 -4537.589246533140 -3470.328252354520 5.97978704038880 -1.38800059433216 -4.56312615284802
2026-08-12T03:49:00.000 -2147.090842649190 -4702.559226365350 -4426.327946501160 6.87143240327317 0.02129629512632 -3.35528996226287
2026-08-12T03:53:00.000 -440.278376748205 -4527.608316822180 -5061.473036156350 7.26569164114972 1.42760701612791 -1.90557858679798
2026-08-12T03:57:00.000 1298.348667497570 -4025.623895470010 -5329.987448052840 7.13503510056620 2.73022495300081 -0.31845177815368
2026-08-12T04:01:00.000 2943.198459578390 -3232.881189715810 -5212.435558928710 6.48883695165001 3.83603950693317 1.29229407930712
2026-08-12T04:05:00.000 4375.296111677290 -2206.477150306610 -4717.061638000110 5.37258935529878 4.66559414924718 2.81104629453611
2026-08-12T04:09:00.000 5490.677060376920 -1020.388068936970 -3879.305138858610 3.86524536255896 5.15853487465846 4.12810215724052
2026-08-12T04:13:00.000 6207.866559303940 239.670003419569 -2759.459153728590 2.07429872381045 5.27800357913902 5.14726677322815
2026-08-12T04:17:00.000 6473.955322529370 1482.286029800960 -1438.563491087280 0.12896282199384 5.01382088791532 5.79300019554486
2026-08-12T04:21:00.000 6268.758495202270 2616.974024507140 -12.676063158538 -1.82893014809338 4.38393637977374 6.01656841576451
2026-08-12T04:25:00.000 5606.598724924370 3560.879951584780 1414.118059184070 -3.65551195105435 3.43367143205701 5.80035197005469
2026-08-12T04:29:00.000 4535.442384865830 4245.013655598090 2737.449738394950 -5.21614643864851 2.23250239216218 5.15966621407896
2026-08-12T04:33:00.000 3133.385885090730 4619.436398202510 3860.494336293430 -6.39602683691042 0.86867338014607 4.14163453455030
2026-08-12T04:37:00.000 1502.798994712290 4656.957452690470 4701.193321079740 -7.10894268654419 -0.55774883463648 2.82132779723187
2026-08-12T04:41:00.000 -237.326509212911 4355.059988666020 5198.278759858910 -7.30339322205802 -1.94251245166258 1.29583086221072
2026-08-12T04:45:00.000 -1960.175764011370 3735.965405355730 5315.684042098790 -6.96596602255680 -3.18495896869427 -0.32329890550401
2026-08-12T04:49:00.000 -3540.347582740760 2844.911812500460 5045.045129849020 -6.12173436532511 -4.19506965574588 -1.91811969887345
2026-08-12T04:53:00.000 -4862.903312745580 1746.826278637320 4406.237290343280 -4.83226870219375 -4.89973407867007 -3.37264100203086
2026-08-12T04:57:00.000 -5831.652081515350 521.636159193483 3445.924517636370 -3.19136751636058 -5.24781239679323 -4.58092265589032
2026-08-12T05:01:00.000 -6376.171153828780 -741.502996644303 2234.212634754450 -1.31868256081028 -5.21407536820527 -5.45479785201132
2026-08-12T05:05:00.000 -6457.000165456700 -1950.720073019530 859.549672281395 0.64900880258440 -4.80127741380767 -5.93056204999111
2026-08-12T05:09:00.000 -6068.558956895400 -3018.172304253330 -577.776495770586 2.56793112483939 -4.04004525814767 -5.97389871622534
2026-08-12T05:13:00.000 -5239.519377794040 -3866.507073678900 -1973.058486415250 4.29826649629003 -2.98658887884609 -5.58251502908503
2026-08-12T05:17:00.000 -4030.566883577750 -4434.504009893080 -3224.897338104040 5.71470428306448 -1.71825091448595 -4.78604466761774
2026-08-12T05:21:00.000 -2529.782958353910 -4681.448054536980 -4242.606126844110 6.71565062793487 -0.32743513040401 -3.64346728261878
2026-08-12T05:25:00.000 -846.064767966674 -4589.904838864370 -4952.692888570700 7.23014391220299 1.08545316009906 -2.23813791201857
2026-08-12T05:29:00.000 898.787594204130 -4166.782874732000 -5303.978446077340 7.22213989730029 2.41913837558482 -0.67150019261985
2026-08-12T05:33:00.000 2578.725352643440 -3442.713920124810 -5271.090939111670 6.69240286563720 3.57829075464010 0.94404646732705
2026-08-12T05:37:00.000 4072.296383707920 -2469.862650415500 -4856.203294883570 5.67825649405923 4.47979586818023 2.49264414163469
2026-08-12T05:41:00.000 5271.180086645130 -1318.314507705140 -4088.940517737540 4.25126858851146 5.05827255542334 3.86265039149786
2026-08-12T05:45:00.000 6087.940984925250 -71.236138426552 -3024.456058441820 2.51302140577289 5.27081846701461 4.95423554835360
2026-08-12T05:49:00.000 6462.497087723250 1180.981848679070 -1739.701036870720 0.58861071010058 5.10059214076735 5.68676065007446
2026-08-12T05:53:00.000 6366.768311484470 2347.233764548310 -328.018278167351 -1.38196793793506 4.55862135472079 6.00521594223816
2026-08-12T05:57:00.000 5807.041825259500 3342.409724326430 1107.616080918620 -3.25414597827086 3.68361806739673 5.88494231257285
2026-08-12T06:01:00.000 4823.735071496520 4093.777780897640 2462.216695272310 -4.88995139000853 2.53938542574974 5.33403911692057
2026-08-12T06:05:00.000 3488.483897601680 4546.461435382540 3636.661240836590 -6.16892963724805 1.20994088945860 4.39293745719005
2026-08-12T06:08:00.000 2313.951606855110 4669.247994466400 4346.938049304160 -6.83646347480709 0.14973966510273 3.47185585042725
2026-08-12T06:12:00.000 608.846349433012 4534.572434913570 5011.128251444300 -7.28575275496217 -1.26499593422753 2.02927116216190
2026-08-12T06:16:00.000 -1140.628127551730 4069.519889078660 5309.184471759790 -7.20407324998380 -2.58660429594086 0.43947890283767
2026-08-12T06:20:00.000 -2807.058545485520 3308.160047105070 5219.577336145060 -6.59803614977597 -3.71920588432727 -1.18150741451571
2026-08-12T06:24:00.000 -4269.199893418950 2306.034866160460 4749.019272613560 -5.51209128889169 -4.58079411716979 -2.71572598652065
2026-08-12T06:28:00.000 -5420.717756389760 1136.115421448980 3931.938155865810 -4.02531215632352 -5.10898663147667 -4.05155563203386
2026-08-12T06:32:00.000 -6177.880866635250 -116.469844577318 2827.989338317180 -2.24590135543320 -5.26547541134228 -5.09164898271978
2026-08-12T06:36:00.000 -6485.694828176860 -1360.597373837120 1517.751117080400 -0.30370316391708 -5.03897386603727 -5.76010595297873
2026-08-12T06:40:00.000 -6321.987443997400 -2505.818212656190 96.841328246955 1.65933415651104 -4.44639191350485 -6.00832570984147
2026-08-12T06:44:00.000 -5699.037485705300 -3469.026008543970 -1331.140623384590 3.49990161978365 -3.53160783749303 -5.81882570262180
2026-08-12T06:48:00.000 -4662.586412934190 -4180.556667498240 -2662.284959909060 5.08423581115506 -2.36201537889629 -5.20648572277498
2026-08-12T06:52:00.000 -3288.310375463140 -4589.220476243830 -3800.012448638120 6.29817416632113 -1.02314503129877 -4.21703290808163
2026-08-12T06:56:00.000 -1676.110161671270 -4665.875480380880 -4662.045075359620 7.05513886960119 0.38795962427349 -2.92309862907193
2026-08-12T07:00:00.000 57.232709969645 -4405.348099170800 -5186.211093083900 7.30177581230092 1.76980725222351 -1.41853311620876
2026-08-12T07:04:00.000 1786.448195729970 -3826.638746357750 -5334.725936748410 7.02097959009884 3.02357564498898 0.18848471603519
2026-08-12T07:08:00.000 3386.600859294470 -2971.494132796550 -5096.758066681100 6.23260372483955 4.05956799413931 1.78277470517488
2026-08-12T07:12:00.000 4741.847529343320 -1901.494023530730 -4489.201556797340 4.99218162231737 4.80313948938340 3.24974974121308
2026-08-12T07:16:00.000 5753.642701683280 -693.800609914385 -3555.609031255390 3.38759997461296 5.19986196965860 4.48311992981264
2026-08-12T07:20:00.000 6347.895380034770 564.213683418366 -2363.290883034850 1.53367092302892 5.21966369650276 5.39241412055422
2026-08-12T07:24:00.000 6480.571085460800 1781.171054634110 -998.677320601300 -0.43535059239203 4.85958756709889 5.90983342221673
2026-08-12T07:28:00.000 6141.243667536090 2868.372061573850 438.847818784255 -2.37545803261728 4.14485688008395 5.99605785835069
2026-08-12T07:32:00.000 5354.113936175060 3746.409653205400 1844.260919900160 -4.14395179050776 3.12722923004111 5.64376953812012
2026-08-12T07:36:00.000 4176.361535225540 4351.125309103410 3114.734848055160 -5.61052125227089 1.88121362203635 4.87849180504400
2026-08-12T07:40:00.000 2693.920110141850 4638.417612076220 4157.338754582730 -6.66742388952710 0.49834605490185 3.75661703318914
2026-08-12T07:44:00.000 1015.029277894780 4587.488809512770 4895.944037045200 -7.23765085355331 -0.91998487543747 2.36081961749392
2026-08-12T07:48:00.000 -737.839537398966 4202.281015674080 5276.781241715190 -7.28026027887215 -2.27029476871882 0.79353783999020
2026-08-12T07:52:00.000 -2436.989776142470 3511.067404774550 5272.272425487170 -6.79283152546241 -3.45451883301790 -0.83074154281968
2026-08-12T07:56:00.000 -3958.771854107650 2564.308783763550 4882.939633373590 -5.81126544993353 -4.38689587367954 -2.39374732279548
2026-08-12T08:00:00.000 -5192.507810726870 1430.967961248430 4137.303705533090 -4.40711102372718 -4.99991240781222 -3.78179987473070
2026-08-12T08:04:00.000 -6048.487764141230 193.524219569753 3089.814308296520 -2.68253845507852 -5.24914551470364 -4.89377908851734
2026-08-12T08:08:00.000 -6464.518424985090 -1058.004891627190 1816.937774726990 -0.76334206453934 -5.11660587352869 -5.64853920146404
2026-08-12T08:12:00.000 -6410.523609447190 -2232.628130288170 411.566805982569 1.21032123847234 -4.61225313933528 -5.99117803171373
2026-08-12T08:16:00.000 -5890.759605938980 -3245.060291746700 -1023.806760590410 3.09427649769157 -3.77340900235508 -5.89715183070462
2026-08-12T08:20:00.000 -4943.465513888270 -4022.006573667920 -2384.678640832660 4.75138638374779 -2.66199263289692 -5.37432978182609
2026-08-12T08:24:00.000 -3637.884339378810 -4507.489402501730 -3572.246524193960 6.06199632282213 -1.35942301387859 -4.46196392139417
2026-08-12T08:28:00.000 -2069.009775620300 -4666.788387480640 -4500.571364224220 6.93240811308093 0.03970119598308 -3.22723623396766
2026-08-12T08:32:00.000 -350.562435175326 -4488.774065633820 -5102.667266860380 7.30108991319186 1.43459045960227 -1.75988386935311
2026-08-12T08:36:00.000 1393.216183714470 -3986.535076625610 -5335.137596335880 7.14230277509351 2.72536676075310 -0.16558980692566
2026-08-12T08:40:00.000 3036.354292652560 -3196.344584655880 -5181.136100960490 6.46737358821913 3.81976527720422 1.44134359731245
2026-08-12T08:44:00.000 4459.975570738000 -2175.102686981360 -4651.528459845550 5.32381335046833 4.63911225222576 2.94555096567824
2026-08-12T08:48:00.000 5560.688636780580 -996.414307106599 -3784.227793849160 3.79250792426054 5.12370097328083 4.23828324415344
2026-08-12T08:52:00.000 6258.047888885810 254.518690784133 -2641.691321597380 1.98277922258236 5.23724350250662 5.22499299952892
2026-08-12T08:56:00.000 6500.570670830510 1486.926359483560 -1306.647392178660 0.02530963187327 4.97002633619305 5.83242194216232
2026-08-12T09:00:00.000 6269.797504833820 2611.055531123490 123.770871288505 -1.93709086133247 4.34027039860167 6.01464945683601
2026-08-12T09:04:00.000 5581.945240084060 3544.816532584900 1545.114621468720 -3.76010336117145 3.39333344468712 5.75712618488858
2026-08-12T09:08:00.000 4486.901027036320 4219.980991985970 2853.407424818340 -5.30939514241669 2.19857845556501 5.07835507352394
2026-08-12T09:12:00.000 3064.515707987320 4587.294014440440 3952.946480363730 -6.47116074451621 0.84371238906938 4.02827536180789
2026-08-12T09:16:00.000 1418.629798814450 4620.089482853320 4763.407585070360 -7.16053329783930 -0.57193625320679 2.68426274522819
2026-08-12T09:20:00.000 -330.662605758146 4316.185809855410 5225.741707553530 -7.32772951695022 -1.94494390387699 1.14507409245799
2026-08-12T09:24:00.000 -2055.887201545840 3697.942995196510 5306.415752491030 -6.96130618192080 -3.17547844480824 -0.47676982102760
2026-08-12T09:28:00.000 -3631.473445472460 2810.531519182860 4999.737055155330 -6.08840943880268 -4.17438562905520 -2.06314348299275
2026-08-12T09:32:00.000 -4942.813612859340 1718.614445072130 4328.208009458490 -4.77271513335093 -4.86932801406526 -3.49861562688069
2026-08-12T09:36:00.000 -5894.544912720160 501.668276960671 3340.885838999480 -3.10997826650733 -5.20995237107035 -4.67864570514795
2026-08-12T09:40:00.000 -6417.492390956390 -751.768990152058 2109.850038844950 -1.22141649597717 -5.17159002559429 -5.51712061512837
2026-08-12T09:44:00.000 -6473.780233307560 -1950.550160191260 724.957442360057 0.75499829535523 -4.75734556701477 -5.95298189596658
2026-08-12T09:48:00.000 -6059.622400755840 -3007.612874188580 -712.777364434140 2.67494134793736 -3.99793186405972 -5.95487421090152
2026-08-12T09:52:00.000 -5205.561207586950 -3846.371182658970 -2098.635931321380 4.39848950611029 -2.94939537091098 -5.52351521307637
2026-08-12T09:56:00.000 -3974.102487250030 -4406.310824665060 -3331.936899958580 5.80091350117179 -1.68870596513427 -4.69152437521808
2026-08-12T10:00:00.000 -2454.936927043100 -4647.298866738900 -4323.371584432230 6.78171148010766 -0.30763860083767 -3.52038372523562
2026-08-12T10:04:00.000 -758.264694465965 -4552.316595272510 -5001.368279552410 7.27139127853292 1.09415796845829 -2.09542104794569
2026-08-12T10:08:00.000 993.196808143040 -4128.499659366610 -5317.063144993850 7.23563769411611 2.41619873831163 -0.51941605428138
2026-08-12T10:12:00.000 2672.925852786720 -3406.515975868190 -5247.642922224240 6.67716999468274 3.56397023754615 1.09456361952144
2026-08-12T10:16:00.000 4159.475001381480 -2438.366532960540 -4797.909261372470 5.63531047605226 4.45517295931953 2.63074651362269
2026-08-12T10:20:00.000 5345.008516607750 -1293.792134331330 -4000.008602375320 4.18362227405702 5.02513672700959 3.97830140213246
2026-08-12T10:24:00.000 6143.035754777790 -55.453770835339 -2911.328340534490 2.42549242508263 5.23155899214092 5.03897439708543
2026-08-12T10:28:00.000 6494.817461339730 1186.883005309470 -1610.597406888710 0.48751335022113 5.05799977788401 5.73431630065016
2026-08-12T10:32:00.000 6373.932199237970 2342.818612653040 -192.353335660201 -1.48920712810796 4.51577313904134 6.01198516278638
2026-08-12T10:36:00.000 5788.523379945390 3327.998076138910 1239.924981756130 -3.35960227676115 3.64368085116547 5.85037417840575
2026-08-12T10:40:00.000 4780.904741923730 4070.430968556390 2581.490563787270 -4.98583530000035 2.50533543299660 5.26065691568429
2026-08-12T10:44:00.000 3424.506090984130 4515.913179387430 3734.185298274620 -6.24820173788749 1.18436529078099 4.28620790802812
2026-08-12T10:48:00.000 1818.347837733810 4632.055371095830 4613.778295940470 -7.05445481688891 -0.22229308746579 2.99887577726343
2026-08-12T10:52:00.000 79.628899502453 4410.583873317480 5156.138914846190 -7.34620827852891 -1.61186247493622 1.49323483992462
2026-08-12T10:56:00.000 -1664.914076105080 3867.843430799840 5321.860169134490 -7.10279705881942 -2.88320679775017 -0.12053887921265
2026-08-12T11:00:00.000 -3288.262143443980 3043.521215645290 5099.045280038820 -6.34249212978835 -3.94411103758255 -1.72478473363015
2026-08-12T11:04:00.000 -4672.311249293940 1997.706825746210 4504.087014187940 -5.12082479112452 -4.71775070610381 -3.20278886860243
2026-08-12T11:08:00.000 -5716.388697459010 806.536021355342 3580.463342589670 -3.52670994176022 -5.14803160457618 -4.44689787433806
2026-08-12T11:12:00.000 -6344.583223891030 -443.308105032136 2395.613090452420 -1.67636498921344 -5.20373348376805 -5.36634332505991
2026-08-12T11:16:00.000 -6511.330698631070 -1660.908153046790 1036.031945216420 0.29508118526890 -4.88102981543491 -5.89409116196561
2026-08-12T11:20:00.000 -6204.791752443090 -2757.784022667470 -399.078213380393 2.24350582519241 -4.20397063724005 -5.99200262701610
2026-08-12T11:24:00.000 -5447.686329782670 -3654.412881414400 -1805.151170676770 4.02688073451294 -3.22263757772334 -5.65376422009625
2026-08-12T11:28:00.000 -4295.495687801620 -4286.034119724720 -3079.972582933410 5.51592463153660 -2.00915776675350 -4.90512398746343
2026-08-12T11:32:00.000 -2832.228969481740 -4607.294274389840 -4131.154401710200 6.60363949444115 -0.65206926004780 -3.80162353596791
2026-08-12T11:36:00.000 -1164.128916242430 -4595.382931706580 -4882.765298626280 7.21276121307034 0.75049160355601 -2.42392304014352
2026-08-12T11:40:00.000 588.089107980668 -4251.484331190950 -5280.634492595300 7.30052693342643 2.09787467662946 -0.87158335831503
2026-08-12T11:44:00.000 2297.840305468850 -3600.551473989310 -5296.058016366480 6.86098804127376 3.29376124362709 0.74395314171172
2026-08-12T11:48:00.000 3841.564467595120 -2689.494601757230 -4927.754556684380 5.92513755214323 4.25250115865169 2.30687524078494
2026-08-12T11:52:00.000 5107.395868190030 -1583.921856193890 -4202.001520472570 4.55895076009959 4.90481293400864 3.70461780057225
2026-08-12T11:56:00.000 6003.131865790300 -363.612127197657 -3170.932775454880 2.85949286024143 5.20262197578291 4.83554039240639
2026-08-12T12:00:00.000 6463.010591729930 883.063435598408 -1909.021854763130 0.94882465119098 5.12293674848775 5.61630185143343
2026-08-12T12:04:00.000 6452.752082736430 2065.474882593220 -507.881365446341 -1.03431189866581 4.67015184973549 5.98839868479249
2026-08-12T12:08:00.000 5972.383506981960 3097.387432831150 930.337163462967 -2.94457381216406 3.87637125936760 5.92319149869596
2026-08-12T12:12:00.000 5056.481224213780 3903.416793858340 2300.498417646100 -4.64130868780873 2.79934976122218 5.42467396929823
2026-08-12T12:16:00.000 3771.701396650610 4424.692238819220 3502.351472349310 -5.99956881929434 1.51805447993845 4.52929336366851
2026-08-12T12:20:00.000 2211.818835229970 4623.248696252350 4448.027767711980 -6.91979353780328 0.12658755748266 3.30308265699448
2026-08-12T12:24:00.000 490.685773220518 4484.786706903010 5068.537226255420 -7.33520210972423 -1.27322359096732 1.83627221892365
2026-08-12T12:28:00.000 -1266.219871191250 4019.605440537680 5318.756458113740 -7.21617754677839 -2.57947310046506 0.23624624738147
2026-08-12T12:32:00.000 -2930.952885787140 3261.746056383640 5180.609688298590 -6.57185185990021 -3.69735503082240 -1.38031574676261
2026-08-12T12:36:00.000 -4382.365627906360 2266.479306999160 4664.319706106910 -5.44939591038787 -4.54583902404897 -2.89569616458009
2026-08-12T12:40:00.000 -5514.872211352680 1106.279229637960 3807.637245199500 -3.93053577507742 -5.06342440604445 -4.19956390605072
2026-08-12T12:44:00.000 -6246.107690608570 -134.413915010416 2673.117364204550 -2.12594103806513 -5.21253502859576 -5.19682336859410
2026-08-12T12:48:00.000 -6522.973716549380 -1365.330373715040 1343.588587784840 -0.16735691250059 -4.98249429004603 -5.81469116593796
2026-08-12T12:52:00.000 -6325.576808672050 -2496.982480522730 -83.910593590587 1.80198534119785 -4.39049868723256 -6.00832524481460
2026-08-12T12:56:00.000 -5668.686046152190 -3447.262508883600 -1505.313863299370 3.63835706649500 -3.48043456449682 -5.76436728459652
2026-08-12T13:00:00.000 -4600.523750185660 -4147.457982353390 -2817.226699647050 5.20843459575874 -2.31930646166321 -5.10168243646727
2026-08-12T13:04:00.000 -3199.063200037820 -4547.205152011530 -3924.500504812110 6.39914297090929 -0.99200198373974 -4.06962073233192
2026-08-12T13:08:00.000 -1566.161510061410 -4618.008690998130 -4747.093485890480 7.12565352581276 0.40528855735484 -2.74385229028424
2026-08-12T13:12:00.000 179.924558747111 -4355.111101504210 -5225.700971872480 7.33681902190840 1.77211572332255 -1.22042585335269
2026-08-12T13:16:00.000 1913.018572411670 -3777.675211452790 -5325.827872279580 7.01806542203608 3.01072567472683 0.39117569448444
2026-08-12T13:20:00.000 3507.908587686300 -2927.348077472080 -5040.126464782170 6.19191953487953 4.03252013264816 1.97545620126350
2026-08-12T13:24:00.000 4849.117655175880 -1865.355431648980 -4388.931132962340 4.91657340717936 4.76385999190626 3.41851582484556
2026-08-12T13:28:00.000 5839.087145974750 -668.285018120722 -3418.956344247780 3.28241955050598 5.15114362628291 4.61566838938216
2026-08-12T13:32:00.000 6405.290814922710 577.246927438716 -2200.184261970490 1.40654760001813 5.16500162064763 5.47893905690388
2026-08-12T13:36:00.000 6505.740215232280 1780.772939767010 -821.006121539753 -0.57513924430960 4.80300770411821 5.94392637443689
2026-08-12T13:40:00.000 6132.359601638840 2854.576175706370 618.112019685048 -2.51769152960582 4.09047195845305 5.97514318302936
2026-08-12T13:44:00.000 5311.854166461470 3720.227674965550 2012.012379540480 -4.27812170038678 3.07904547221701 5.56933694777586
2026-08-12T13:48:00.000 4103.867082447840 4314.493062459380 3258.714510178950 -5.72676744360564 1.84286624748583 4.75606219383519
2026-08-12T13:52:00.000 2596.533495686430 4594.058075765160 4267.049452471320 -6.75736425409105 0.47268873190084 3.59523352757527
2026-08-12T13:56:00.000 899.881420158762 4538.686452648210 4963.407806541370 -7.29483360049039 -0.93113342978134 2.17230746094774
2026-08-12T14:00:00.000 -862.350344106333 4152.629209527700 5297.108919083090 -7.30065027378578 -2.26620666493420 0.59164643991299
2026-08-12T14:04:00.000 -2561.810931193580 3464.187430166300 5243.997862087310 -6.77500466409163 -3.43568016074983 -1.03142478469039
2026-08-12T14:08:00.000 -4074.818185618480 2523.581221675120 4808.097474106640 -5.75638093055366 -4.35478128663893 -2.57877439660903
2026-08-12T14:12:00.000 -5291.289319796430 1399.318867005130 4021.296625023610 -4.31897889934268 -4.95682960715813 -3.93770560936856
2026-08-12T14:16:00.000 -6122.738961075250 173.232873209836 2941.054297890450 -2.56750127898392 -5.19813701528966 -5.00913893249876
2026-08-12T14:20:00.000 -6508.752188754200 -1065.458415121350 1646.237744767430 -0.62977406193105 -5.06126776308927 -5.71487140739092
2026-08-12T14:24:00.000 -6421.455929495850 -2226.675059337380 231.363089080112 1.35252716684284 -4.55655813465390 -6.00355277644138
2026-08-12T14:28:00.000 -5867.578721981300 -3226.112884797660 -1200.382687585810 3.23460249437511 -3.72148431158462 -5.85475549391503
2026-08-12T14:32:00.000 -4887.863846259100 -3991.433631567760 -2544.789464849560 4.87958325047742 -2.61763623655242 -5.28038106042776
2026-08-12T14:36:00.000 -3553.912123240800 -4467.510624305810 -3704.283893230640 6.16878936457645 -1.32587491182070 -4.32340861165139
2026-08-12T14:40:00.000 -1962.762926578210 -4620.307697083260 -4594.987409543030 7.01012255079465 0.06000921439312 -3.05419415504240
2026-08-12T14:44:00.000 -229.733231001022 -4439.162091284530 -5152.651088545860 7.34416726335838 1.44022512970890 -1.56490765342158
2026-08-12T14:48:00.000 1519.892747201290 -3937.378575669420 -5337.093086404470 7.14765549817543 2.71596234273543 0.03724837401570
2026-08-12T14:52:00.000 3159.720990623110 -3151.191648774170 -5134.930733287170 6.43460211372951 3.79601242798134 1.63741830532561
2026-08-12T14:56:00.000 4571.105913891180 -2137.208985308640 -4560.502080356070 5.25521850307092 4.60273650599595 3.12071823665306
2026-08-12T15:00:00.000 5651.518246026400 -968.512420103579 -3654.961236495270 3.69293539923946 5.07731344042397 4.37983237704926
2026-08-12T15:04:00.000 6321.952875451300 270.411811322430 -2483.555295498370 1.85933600592203 5.18415452494627 5.32252807212364
2026-08-12T15:08:00.000 6532.866209250930 1489.648845377290 -1131.148290004980 -0.11303489130680 4.91402249721240 5.87865921154210
2026-08-12T15:12:00.000 6268.117898359240 2600.397046314660 303.820051439351 -2.08011930462630 4.28546861685007 6.00608825216810
2026-08-12T15:16:00.000 5546.426397819940 3521.561676348950 1716.554484117130 -3.89734109532876 3.34380863205119 5.69438299776274
2026-08-12T15:20:00.000 4420.153409183060 4185.838747345840 3003.706096594310 -5.43078658331179 2.15793362354817 4.96600241353101
2026-08-12T15:24:00.000 2971.444861878430 4544.772188079290 4071.121017161930 -6.56778467795652 0.81496739930867 3.87459024846169
2026-08-12T15:28:00.000 1306.060180638230 4572.320240997870 4840.846398355420 -7.22543203971350 -0.58665651483276 2.50056876771207
2026-08-12T15:32:00.000 -454.515474353487 4266.678094506310 5256.813670834550 -7.35629179770852 -1.94463702812172 0.94473201619381
2026-08-12T15:36:00.000 -2182.003642547710 3650.311504431520 5288.858439531840 -6.95149840441262 -3.16026865586878 -0.67919920036772
2026-08-12T15:40:00.000 -3750.673271333040 2768.223458963940 4934.818299170790 -6.04091200774012 -4.14552589465817 -2.25299796358396
2026-08-12T15:44:00.000 -5046.395033158300 1684.661848425500 4220.623300366330 -4.69082406263441 -4.82898047620071 -3.66214362491432
2026-08-12T15:48:00.000 -5974.904095546220 478.500095461397 3198.432453954370 -2.99953287419985 -5.16095818092048 -4.80390134326929
2026-08-12T15:52:00.000 -6468.704164723810 -762.482872446464 1942.876952915740 -1.09045119780566 -5.11741356561664 -5.59493858329976
2026-08-12T15:56:00.000 -6492.043582356470 -1948.019871298840 545.611587552511 0.89690205237334 -4.70181218604533 -5.97761946599000
2026-08-12T16:00:00.000 -6043.565788089900 -2991.994041025190 -891.430158482507 2.81725929490069 -3.94506774080334 -5.92450982235424
2026-08-12T16:04:00.000 -5156.347989223990 -3818.780028491800 -2263.594382308040 4.53079286114826 -2.90310446733653 -5.44047450515752
2026-08-12T16:08:00.000 -3895.310705025810 -4368.743173805990 -3471.221569655190 5.91360061698842 -1.65237013487430 -4.56193889634209
2026-08-12T16:12:00.000 -2352.283512322820 -4602.477981886970 -4426.888815980130 6.86667697902938 -0.28389205708955 -3.35372702204718
2026-08-12T16:16:00.000 -639.177619360745 -4503.484128995940 -5061.625471104840 7.32254840083400 1.10364886100533 -1.90376486192363
2026-08-12T16:20:00.000 1120.110394575220 -4079.171890527860 -5329.693338439110 7.24929953162057 2.41082571679420 -0.31657814874909
2026-08-12T16:24:00.000 2798.484223930800 -3360.226267281280 -5211.708122966580 6.65226136135778 3.54418099430955 1.29398807504458
2026-08-12T16:28:00.000 4274.567039288810 -2398.424513412740 -4715.971089903830 5.57350967906778 4.42238253536434 2.81235435525153
2026-08-12T16:32:00.000 5441.250310631090 -1263.054273245570 -3877.958533594250 4.08926912204853 4.98168367489152 4.12891912985841
2026-08-12T16:36:00.000 6213.373173738140 -36.122943281897 -2757.977006096740 2.30526709688259 5.18051277643732 5.14758299306977
2026-08-12T16:40:00.000 6534.046865470680 1193.406302676790 -1437.065660683300 0.35009070689048 5.00295296856396 5.79281170216005
2026-08-12T16:44:00.000 6379.115753823580 2336.042586547550 -11.284340365970 -1.63373673822205 4.46066552697310 6.01588286097391
2026-08-12T16:48:00.000 5759.239390143380 3308.393995466660 1415.295429945290 -3.50051051548660 3.59255550647108 5.79927381117188
2026-08-12T16:52:00.000 4719.286974990110 4039.422960204950 2738.333927222780 -5.11272143496231 2.46202598777011 5.15832077423275
2026-08-12T16:56:00.000 3335.059761322860 4475.777848571680 3861.035606813860 -6.35179253005971 1.15208077882765 4.14014115422871
2026-08-12T17:00:00.000 1707.615630168570 4585.740158611380 4701.372384814230 -7.12715905215952 -0.24119234941849 2.81982864457405
2026-08-12T17:04:00.000 -44.293139320449 4361.488652815820 5198.102774093160 -7.38276545532277 -1.61598885121186 1.29436953487049
2026-08-12T17:08:00.000 -1792.989739873330 3819.568792833280 5315.160786335050 -7.10065548341478 -2.87229255945948 -0.32473023789773
2026-08-12T17:12:00.000 -3411.171622251790 2999.595823609080 5044.186869562590 -6.30184650394983 -3.91901645825201 -1.91946607916256
2026-08-12T17:16:00.000 -4781.113307487630 1961.324435200560 4405.076781168420 -5.04461885211527 -4.68038004091684 -3.37378926087374
2026-08-12T17:20:00.000 -5803.162534505770 780.328241756637 3444.524005135710 -3.42046360036181 -5.10113852425786 -4.58176201945278
2026-08-12T17:24:00.000 -6403.002834692780 -457.455320759709 2232.655553722260 -1.54777292673267 -5.15072724271995 -5.45524872382736
2026-08-12T17:28:00.000 -6537.136458235210 -1661.982684671440 857.938092673859 0.43660611005303 -4.82576305136908 -5.93055595619040
2026-08-12T17:32:00.000 -6196.107998001120 -2745.724414703980 -579.326194671767 2.38762339327257 -4.15045647470171 -5.97338062028830
2026-08-12T17:36:00.000 -5405.163306487330 -3630.115139432070 -1974.420540647260 4.16302326150567 -3.17479662715534 -5.58147908204780
2026-08-12T17:40:00.000 -4222.256655980800 -4251.293158654980 -3225.958361948950 5.63420250256864 -1.97050652030473 -4.78458772938854
2026-08-12T17:44:00.000 -2733.610952931380 -4564.667305782900 -4243.276218498910 6.69559008457374 -0.62539347299875 -3.64168920057913
2026-08-12T17:48:00.000 -1047.277197325580 -4547.984245998510 -4952.912670809920 7.27185193554986 0.76336014950155 -2.23619024874440
2026-08-12T17:52:00.000 714.731877993017 -4202.743054123180 -5303.727058931550 7.32252849199820 2.09615012751216 -0.66955364117725
2026-08-12T17:56:00.000 2425.118522646310 -3553.961380868870 -5270.393071900590 6.84422401223747 3.27768465644605 0.94578895060119
2026-08-12T18:00:00.000 3960.240787376860 -2648.373468299980 -4855.131359934240 5.87061671603353 4.22327691313914 2.49398433988334
2026-08-12T18:04:00.000 5208.804815741200 -1551.195316623600 -4087.613751531180 4.47042771679193 4.86449316747407 3.86341614977459
2026-08-12T18:08:00.000 6079.820273304590 -341.616341700383 -3023.016037630860 2.74323890212701 5.15404636013285 4.95442950517901
2026-08-12T18:12:00.000 6509.283971627050 892.747353671904 -1738.273652382480 0.81315120296087 5.06951818109711 5.68647473119948
2026-08-12T18:16:00.000 6465.108449005190 2062.131979085110 -326.712048427012 -1.17953860727160 4.61566057593690 6.00449480428290
2026-08-12T18:20:00.000 5949.810536712990 3081.228780029310 1108.700287137330 -3.08860577764649 3.82471513187373 5.88383035528714
2026-08-12T18:24:00.000 5000.563574993650 3875.583058771390 2462.999001226450 -4.77340844078266 2.75432186916928 5.33265627985465
2026-08-12T18:28:00.000 3686.506846451100 4387.194578177070 3637.090755663360 -6.10994266685287 1.48306324446629 4.39140281783948
2026-08-12T18:32:00.000 2103.567942836810 4578.828848881590 4545.156304640150 -7.00038419433266 0.10424990915334 3.12948729168885
2026-08-12T18:36:00.000 367.277338238828 4436.695676682650 5120.971288743760 -7.38014898097677 -1.28129570563369 1.63970101662463
2026-08-12T18:40:00.000 -1395.781378596720 3971.359956676950 5322.685712022200 -7.22220320586826 -2.57267135823684 0.03110115479121
2026-08-12T18:44:00.000 -3057.227900872800 3216.880103847850 5135.776249772350 -6.53862351454822 -3.67617315628692 -1.57904644456572
2026-08-12T18:48:00.000 -4496.174486533020 2228.274350682490 4574.016870919780 -5.37937778975602 -4.51185667193644 -3.07355546318261
2026-08-12T18:52:00.000 -5607.951273432960 1077.524403776490 3678.471318403150 -3.82886721205093 -5.01913976710782 -4.34358151809370
2026-08-12T18:56:00.000 -6311.714762534830 -151.623254626797 2514.530232509130 -2.00009256799480 -5.16120087165079 -5.29648210335995
2026-08-12T19:00:00.000 -6556.389521628560 -1369.748442431300 1167.165809291980 -0.02660225341472 -4.92789744795303 -5.86276532601981
2026-08-12T19:04:00.000 -6324.447804690940 -2488.310992700330 -265.300807233636 1.94734559912764 -4.33669466472889 -6.00140874951148
2026-08-12T19:08:00.000 -5633.180193298010 -3426.174545580340 -1678.464364939400 3.77771511998428 -3.43141532500898 -5.70306251408524
2026-08-12T19:12:00.000 -4533.314182920350 -4115.550299448670 -2969.563042289940 5.33167784869600 -2.27872438551221 -4.99063003661140
2026-08-12T19:16:00.000 -3105.103759473040 -4506.875965175120 -4045.007001262440 6.49749418340187 -0.96282470471511 -3.91705932609418
2026-08-12T19:20:00.000 -1452.298257369980 -4572.259192406030 -4827.092360934300 7.19219392207027 0.42102424053163 -2.56090402794542
2026-08-12T19:24:00.000 305.451611983330 -4307.307427063910 -5259.448787178530 7.36690428090161 1.77342800394887 -1.02026527714908
2026-08-12T19:28:00.000 2041.148235073470 -3731.288031021770 -5310.897017556340 7.00951973653882 2.99770759415852 0.59423715497555
2026-08-12T19:32:00.000 3629.369567047990 -2885.709188865880 -4977.571617090270 6.14519242778796 4.00622025624086 2.16686699578508
2026-08-12T19:36:00.000 4955.068971875990 -1831.439733037570 -4283.232877630360 4.83480096182421 4.72618153169916 3.58443675603733
2026-08-12T19:40:00.000 5921.758173253480 -644.518411001348 -3277.731939354770 3.17134786308474 5.10474882436575 4.74397546393797
2026-08-12T19:44:00.000 6458.564987031270 589.157909324631 -2033.656144334190 1.27412315491339 5.11318828030253 5.56018465667687
2026-08-12T19:48:00.000 6525.613412898230 1779.963099856250 -641.271221964664 -0.71936528094634 4.74944220794046 5.97202921719948
2026-08-12T19:52:00.000 6117.251105199840 2841.080662415390 797.945754907160 -2.66317330537194 4.03896121457696 5.94782654821658
2026-08-12T19:56:00.000 5262.759631115110 3694.992305399460 2178.783329395480 -4.41409468556774 3.03332580462660 5.48845088354861
2026-08-12T20:00:00.000 4024.299029449260 4279.319422137340 3400.193415521640 -5.84315408398953 1.80627367626693 4.62747208739383
2026-08-12T20:04:00.000 2492.267882565210 4551.476963771950 4372.855201485620 -6.84551563848618 0.44794505778355 3.42839018253114
2026-08-12T20:08:00.000 778.514965996933 4491.784103342470 5025.786966212200 -7.34832472829384 -0.94218471595418 1.97948529354037
2026-08-12T20:12:00.000 -991.978550347993 4104.804084832810 5311.487144471680 -7.31557327041857 -2.26280183940341 0.38690614994167
2026-08-12T20:16:00.000 -2690.247017203750 3418.903983571800 5209.301825050960 -6.75020716537534 -3.41801684811878 -1.23311505785313
2026-08-12T20:20:00.000 -4192.694749084590 2484.134667520300 4726.850648221920 -5.69373482493349 -4.32410544707728 -2.76262785180870
2026-08-12T20:24:00.000 -5390.023733033990 1368.579080621650 3899.425930905320 -4.22308738436385 -4.91538493189217 -4.09030633429905
2026-08-12T20:28:00.000 -6195.156112369850 153.438616201329 2787.454927677410 -2.44543877348837 -5.14893147116150 -5.11932362882819
2026-08-12T20:32:00.000 -6549.618305334210 -1072.868164386680 1472.121851891860 -0.49053657617003 -5.00790610155363 -5.77461785317317
2026-08-12T20:36:00.000 -6427.860380138750 -2221.172803695170 49.429610070554 1.49870323450105 -4.50298753489926 -6.00857004704873
2026-08-12T20:40:00.000 -5839.141446792970 -3208.127121582120 -1376.885665431870 3.37698700741712 -3.67168092727569 -5.80478715834810
2026-08-12T20:44:00.000 -4826.754412665780 -3962.324928027090 -2703.043323964350 5.00781128287111 -2.57533032456793 -5.17923181716115
2026-08-12T20:48:00.000 -3464.664200025470 -4429.471082555030 -3832.840289724430 6.27364970918060 -1.29422272445669 -4.17861621644278
2026-08-12T20:52:00.000 -1851.909456751330 -4576.189590861540 -4684.593591964810 7.08426088643274 0.07872249914641 -2.87638201702972
2026-08-12T20:56:00.000 -105.311792489456 -4392.236507043790 -5196.886722039180 7.38243544573377 1.44479599679921 -1.36691245004191
2026-08-12T21:00:00.000 1648.900243139570 -3891.077291652960 -5332.798346813710 7.14737429525443 2.70625239654130 0.24125131431765
2026-08-12T21:04:00.000 3283.999851648250 -3108.856935090500 -5082.411751398100 6.39568043129235 3.77288708433514 1.83287163241261
2026-08-12T21:08:00.000 4681.634990743590 -2101.870681542510 -4463.516784478920 5.18020582679040 4.56790916977445 3.29356435648196
2026-08-12T21:12:00.000 5740.206509405990 -942.697562342960 -3520.487188666530 3.58701451482115 5.03324269198858 4.51746688292880
2026-08-12T21:16:00.000 6382.246806846020 284.842988983272 -2321.322440016880 1.73007573267574 5.13392547941140 5.41476806237013
2026-08-12T21:20:00.000 6560.264695827610 1491.643941674880 -952.951252452191 -0.25623079035420 4.86124803857588 5.91862062344795
2026-08-12T21:24:00.000 6260.511378335020 2589.800865528260 484.987814528590 -2.22684161145462 4.23394564443173 5.99069655037525
2026-08-12T21:28:00.000 5504.268056331630 3499.124242872690 1887.440298668100 -4.03675941245622 3.29726401855828 5.62460358267970
2026-08-12T21:32:00.000 4346.452708402280 4153.176839297950 3151.786199794610 -5.55259668059759 2.11979883508961 4.84690323841086
2026-08-12T21:36:00.000 2871.535508474800 4504.252082623700 4185.538570436260 -6.66303094796747 0.78801338561080 3.71488917447304
2026-08-12T21:40:00.000 1187.206599037860 4526.878041288340 4913.207492069270 -7.28707216878592 -0.60046390918293 2.31196588885220
2026-08-12T21:44:00.000 -583.651815424628 4219.611955635200 5281.814750485830 -7.37982431258877 -1.94428270996208 0.74109357217433
2026-08-12T21:48:00.000 -2312.016085893440 3605.034603197140 5264.662822282440 -6.93521225494950 -3.14580510000001 -0.88302950642616
2026-08-12T21:52:00.000 -3872.082780168880 2728.020661913010 4863.174826732560 -5.98594745834483 -4.11794402792980 -2.44213182582170
2026-08-12T21:56:00.000 -5150.353082133670 1652.468879794790 4106.756644418420 -4.60126858588208 -4.79022085895696 -3.82270324729902
2026-08-12T22:00:00.000 -6053.859775697730 456.672223548247 3050.662383204790 -2.88202146141399 -5.11387848731430 -4.92413967215203
2026-08-12T22:04:00.000 -6516.951882915610 -772.355783084182 1772.000350451420 -0.95365116421762 -5.06549024683131 -5.66607790603953
2026-08-12T22:08:00.000 -6506.144895564290 -1945.234278214470 364.107114495418 1.04289186127129 -4.64890775068818 -5.99452007864421
2026-08-12T22:12:00.000 -6022.599692859470 -2976.790288768680 -1070.331199005090 2.96170004445751 -3.89514151443964 -5.88607702310514
2026-08-12T22:16:00.000 -5101.961844154940 -3792.330577074850 -2426.891653391190 4.66316009876173 -2.85990903346794 -5.34970743089921
2026-08-12T22:20:00.000 -3811.568987401710 -4333.064558444560 -3607.100461576340 6.02440444855019 -1.61912648380388 -4.42564180410110
2026-08-12T22:24:00.000 -2245.340950750070 -4560.262279646590 -4525.568887090380 6.94806983719425 -0.26298589502019 -3.18193853920524
2026-08-12T22:28:00.000 -516.820199386116 -4457.886742269030 -5116.051188882160 7.36887975929567 1.11077713108028 -1.70900501607589
2026-08-12T22:32:00.000 1249.038380749030 -4033.560954086020 -5336.008123291660 7.25740583218162 2.40384062349348 -0.11281730858926
2026-08-12T22:36:00.000 2924.685409137060 -3317.926251648090 -5169.494685410610 6.62155452273898 3.52376898473385 1.49220552926335
2026-08-12T22:40:00.000 4388.918820979870 -2362.483628835090 -4628.277737866070 5.50602510076882 4.39013147671402 2.99085192816150
2026-08-12T22:44:00.000 5535.426431515340 -1236.048648466100 -3751.102547691440 3.98959814955119 4.93991377684106 4.27477153581783
2026-08-12T22:48:00.000 6280.449434072540 -19.997371944389 -2601.138194723070 2.18047000267200 5.13215324044537 5.25002991890474
2026-08-12T22:52:00.000 6569.044946559960 1197.475299619510 -1261.648201381880 0.20920840346238 4.95144070891275 5.84420811258666
2026-08-12T22:56:00.000 6379.398926295030 2327.740071486490 169.913277669292 -1.78035872549590 4.40971221377500 6.01234353516739
2026-08-12T23:00:00.000 5724.723502860750 3288.305200541290 1589.029272882280 -3.64209333526826 3.54589574387775 5.74098897944897
2026-08-12T23:04:00.000 4652.443759597680 4008.996452030100 2891.893720351690 -5.23886783202370 2.42306359520846 5.04951660263151
2026-08-12T23:08:00.000 3240.737750435360 4437.216614290400 3983.181547482640 -6.45322581760837 1.12367959061877 3.98876968949791
2026-08-12T23:12:00.000 1592.676291884940 4541.852196822700 4783.162617429870 -7.19649153033492 -0.25690931251081 2.63696272469911
2026-08-12T23:16:00.000 -171.488622321389 4315.472772356970 5233.542843097340 -7.41493417410153 -1.61790120779475 1.09335421653346
2026-08-12T23:20:00.000 -1923.179736003590 3774.771124853560 5301.644900318740 -7.09328555851272 -2.86029814714760 -0.52917297097329
2026-08-12T23:24:00.000 -3534.872642511970 2959.265414539910 4982.691441176430 -6.25546705731779 -3.89401140795839 -2.11240837008702
2026-08-12T23:28:00.000 -4889.310315948620 1928.387865722460 4300.078442338590 -4.96259568754883 -4.64413233054470 -3.54114662095892
2026-08-12T23:32:00.000 -5887.976979251160 757.190854752350 3303.677965598490 -3.30884071708533 -5.05621696439366 -4.71130040672467
2026-08-12T23:36:00.000 -6458.283532954200 -469.091778821336 2066.239717396830 -1.41481051667728 -5.10040158604832 -5.53748454212312
2026-08-12T23:40:00.000 -6558.917978801750 -1661.262810610420 678.098520661377 0.58107146626646 -4.77376646996415 -5.95950901970043
2026-08-12T23:44:00.000 -6182.898815756520 -2732.716483733130 -759.479311817013 2.53295580685149 -4.10069761184376 -5.94705218798901
2026-08-12T23:48:00.000 -5358.034716934370 -3605.809614794950 -2141.790051970190 4.29863109913658 -3.13100178251329 -5.50195876878208
2026-08-12T23:52:00.000 -4144.739416620440 -4217.526772756940 -3368.420646320960 5.75031353050394 -1.93595224757425 -4.65784497611746
2026-08-12T23:56:00.000 -2631.409046687540 -4523.978077007290 -4350.560196146520 6.78397313372407 -0.60260136634630 -3.47708063624160
2026-08-13T00:00:00.000 -927.831442281637 -4503.402705980720 -5017.321082543530 7.32632222682253 0.77282843205304 -2.04566938353188
2026-08-13T00:04:00.000 842.774746141770 -4157.553110638020 -5320.664098528920 7.33928861341764 2.09174894705314 -0.46686662587900
2026-08-13T00:08:00.000 2552.515999642880 -3511.453037992950 -5238.673326240390 6.82211033200877 3.25989749174121 1.14614744852612
2026-08-13T00:12:00.000 4077.786536828750 -2611.609003961530 -4777.044755648090 5.81109659361977 4.19350138962153 2.67768913122739
2026-08-13T00:16:00.000 5307.957743684010 -1522.803794409010 -3968.775785838190 4.37755311458613 4.82491181171207 4.01724220742961
2026-08-13T00:20:00.000 6153.302759802170 -323.629959414279 -2871.997500301860 2.62346366628562 5.10742104023615 5.06709775827113
2026-08-13T00:24:00.000 6551.639684141010 899.019276822697 -1566.034199654870 0.67513497516119 5.01910441950030 5.74952603605602
2026-08-13T00:28:00.000 6473.159415670080 2056.210613361590 -145.811691927012 -1.32562245568400 4.56508526532444 6.01315743278114
2026-08-13T00:32:00.000 5922.908510948190 3063.520905039380 1285.042574224130 -3.23199885120341 3.77767044636486 5.83740976517814
2026-08-13T00:36:00.000 4940.633019882970 3847.356534674480 2621.887469270880 -4.90355341276520 2.71425695467684 5.23452394004103
2026-08-13T00:40:00.000 3597.900459297450 4350.492783975140 3766.905502589010 -6.21729491494654 1.45293851974649 4.24873928776282
2026-08-13T00:44:00.000 1992.742717089990 4536.324780226430 4636.402958457060 -7.07705178425728 0.08633515374951 2.95274243592124
2026-08-13T00:48:00.000 242.313548056152 4391.501976710350 5166.989996116520 -7.42059966622080 -1.28565671543072 1.44185796820125
2026-08-13T00:52:00.000 -1525.792680016900 3926.784147493720 5320.121669998490 -7.22355562148069 -2.56320501862055 -0.17344362481284
2026-08-13T00:56:00.000 -3182.828704699840 3176.171601239330 5084.810306828970 -6.50073357431352 -3.65361437796507 -1.77537114015776
2026-08-13T01:00:00.000 -4608.221050351390 2194.394640418340 4478.369381556110 -5.30501121028438 -4.47785764723402 -3.24729700128555
2026-08-13T01:04:00.000 -5698.292686645700 1052.938046084460 3545.126029468350 -3.72347221780387 -4.97616790261086 -4.48206718950940
2026-08-13T01:08:00.000 -6373.788908264360 -165.126527965508 2353.217782016530 -1.87137397479669 -5.11237449749015 -5.38962580178615
2026-08-13T01:12:00.000 -6585.706478166640 -1371.183792442560 989.658541768983 0.11596416347699 -4.87678018259960 -5.90375731773899
2026-08-13T01:16:00.000 -6318.931974192270 -2477.581254230930 -446.054700053261 2.09326011559859 -4.28706802459017 -5.98732399762403
2026-08-13T01:20:00.000 -5593.315535831900 -3404.085883755350 -1849.304943173720 3.91629163198257 -3.38698169178176 -5.63507184776031
2026-08-13T01:24:00.000 -4462.083369187020 -4083.757765035420 -3118.092195861290 5.45291323024679 -2.24279065655383 -4.87385136129222
2026-08-13T01:28:00.000 -3007.740399846860 -4467.748677531620 -4160.484375188150 6.59273595395631 -0.93800385516757 -3.76010235142996
2026-08-13T01:32:00.000 -1335.887498753540 -4528.690742576050 -4901.197332570370 7.25474874398094 0.43301029594248 -2.37517945678590
2026-08-13T01:36:00.000 432.488701737551 -4262.484099712950 -5286.848694968540 7.39237372759373 1.77186213664877 -0.81912269791030
2026-08-13T01:40:00.000 2169.634234377760 -3688.450288635550 -5289.610324565320 6.99603836734135 2.98284727211479 0.79637026745774
2026-08-13T01:44:00.000 3750.005115042510 -2847.924669674540 -4909.110236628960 6.09362156348432 3.97923631813796 2.35549162515900
2026-08-13T01:48:00.000 5059.081170535670 -1801.396824308710 -4172.494769372750 4.74864111110328 4.68903699035228 3.74597367985053
2026-08-13T01:52:00.000 6001.518471123420 -624.353164981186 -3132.678108230630 3.05659745728336 5.06006234880987 4.86663798921037
2026-08-13T01:56:00.000 6508.151129583930 597.998082149069 -1864.774008187620 1.13894678923512 5.06404446424626 5.63482679493943
2026-08-13T02:00:00.000 6541.286727173540 1776.814201087580 -460.850875221921 -0.86501980557461 4.69928256453301 5.99290609639146
2026-08-13T02:04:00.000 6097.794134468960 2826.141393534930 976.719799227811 -2.80845282331555 3.99147479371420 5.91331024908941
2026-08-13T02:08:00.000 5209.558942388660 3669.330667581510 2342.837914164030 -4.54826941359295 2.99201145025759 5.40105671262858
2026-08-13T02:12:00.000 3941.235137794080 4244.797256177850 3537.534368957420 -5.95630843467626 1.77422482572081 4.49363691920251
2026-08-13T02:16:00.000 2385.415663031080 4510.625771072150 4473.456777390730 -6.92938079945789 0.42759325080454 3.25795731172039
2026-08-13T02:20:00.000 655.682139176817 4447.616165947500 5082.326155290730 -7.39682708900369 -0.94930337879001 1.78499807194661
2026-08-13T02:24:00.000 -1121.836500500970 4060.576658076660 5319.878654780940 -7.32527792240375 -2.25617683704751 0.18262473933227
2026-08-13T02:28:00.000 -2817.692511977360 3377.872043535370 5168.976609954610 -6.72052760647193 -3.39819303731884 -1.43234226391508
2026-08-13T02:32:00.000 -4308.475722599250 2449.303571455270 4640.772832997150 -5.62679843879770 -4.29256767540280 -2.94233145649553
2026-08-13T02:36:00.000 -5485.735114524920 1342.501458193520 3773.897502033610 -4.12381126976508 -4.87443055398299 -4.23734615943317
2026-08-13T02:40:00.000 -6263.867549612640 138.022949317530 2631.656736699360 -2.32109863056561 -5.10158425778668 -5.22298969899125
2026-08-13T02:44:00.000 -6586.379170910690 -1076.499471850090 1297.440433385270 -0.35026785699381 -4.95766320594401 -5.82735244952343
2026-08-13T02:48:00.000 -6430.070668794250 -2212.771537760970 -131.378394141069 1.64458121602279 -4.45358699713971 -6.00659965770556
2026-08-13T02:52:00.000 -5806.734651663800 -3188.340971292710 -1550.644724109090 3.51782250548627 -3.62680161666211 -5.74840199736242
2026-08-13T02:56:00.000 -4762.180106399020 -3932.649100358600 -2857.131076991670 5.13342457691576 -2.53830270967263 -5.07272180734623
2026-08-13T03:00:00.000 -3372.681253224600 -4392.126209393050 -3956.107433279900 6.37508350997713 -1.26772111697322 -4.02986984601538
2026-08-13T03:04:00.000 -1739.222426329580 -4533.940154452290 -4768.151941897410 7.15433938098463 0.09286014284227 -2.69623566789190
2026-08-13T03:08:00.000 19.914536694190 -4348.178981466890 -5234.725950948780 7.41623879902842 1.44565630053021 -1.16836215136086
2026-08-13T03:12:00.000 1777.621010610650 -3848.407422800200 -5322.191508254530 7.14250505598596 2.69392479010551 0.44399729466867
2026-08-13T03:16:00.000 3406.905424639490 -3070.637235732160 -5024.097527589770 6.35235176642012 3.74836086364816 2.02528476863903
2026-08-13T03:20:00.000 4789.795429505380 -2070.829570731070 -4361.665905228970 5.10137248475262 4.53298044756439 3.46175454087888
2026-08-13T03:24:00.000 5825.710659718530 -921.042623976218 -3382.421434833460 3.47815636199233 4.99041491586715 4.64920943572099
2026-08-13T03:28:00.000 6438.776103588410 295.567793454700 -2157.015220580800 1.59892906014629 5.08620351190025 5.50033955733387
2026-08-13T03:32:00.000 6583.578848896480 1490.657759340500 -774.328980883602 -0.40017642499803 4.81194587929705 5.95156653490073
2026-08-13T03:36:00.000 6248.803060471630 2577.140002094720 664.897426025316 -2.37292042611612 4.18655317318576 5.96839124693887
2026-08-13T03:40:00.000 5458.334292113560 3475.669628772440 2055.482256454990 -4.17411641947782 3.25526818348210 5.54861608316382
2026-08-13T03:44:00.000 4269.628581903950 4120.609353080240 3295.668736877030 -5.67105943699235 2.08633601447730 4.72280489312805
2026-08-13T03:48:00.000 2769.438462143570 4464.940279107030 4294.747669520700 -6.75388688968040 0.76562730681692 3.55182610021917
2026-08-13T03:52:00.000 1067.302936719070 4483.702967448190 4979.781525871390 -7.34371007101844 -0.61006186555971 2.12193434922661
2026-08-13T03:56:00.000 -712.612293813950 4175.749243239120 5300.925333806440 -7.39821337933953 -1.94038563480704 0.53802080696183
2026-08-13T04:00:00.000 -2440.644809558950 3563.704214349210 5234.949941140830 -6.91408840149704 -3.12873325439976 -1.08432866937822
2026-08-13T04:04:00.000 -3991.035148742760 2692.247243466860 4786.835016709310 -5.92692994384136 -4.08900967073145 -2.62703373021511
2026-08-13T04:08:00.000 -5250.991621395310 1624.854724935290 3989.365233478130 -4.50859086211302 -4.75157066832577 -3.97780725079217
2026-08-13T04:12:00.000 -6128.868716588670 439.230196800332 2900.781335286750 -2.76243462623403 -5.06827528650252 -5.03812280378176
2026-08-13T04:16:00.000 -6560.892486830890 -778.346071771658 1600.564811685910 -0.81593471950256 -5.01624851091231 -5.73061406774959
2026-08-13T04:20:00.000 -6515.862803867650 -1939.331620773840 183.623305213043 1.18860729307892 -4.59965805845424 -6.00493822949554
2026-08-13T04:24:00.000 -5997.451002638440 -2959.433032911960 -1246.715970227560 3.10476556374677 -3.84952693375676 -5.84173227071153
2026-08-13T04:28:00.000 -5043.839844768410 -3764.800783520210 -2586.358382108590 4.79319911369002 -2.82127439721794 -5.25394832270346
2026-08-13T04:32:00.000 -3724.753650661490 -4297.391587122340 -3738.090465893340 6.13204361717163 -1.59032112966413 -4.28556461853826
2026-08-13T04:36:00.000 -2136.160966637450 -4519.071664570860 -4618.617773420130 7.02570343628588 -0.24607417580804 -3.00775945757337
2026-08-13T04:40:00.000 -393.180094393301 -4414.184089200190 -5164.439767129440 7.41102727342432 1.11469411558386 -1.51325633965101
2026-08-13T04:44:00.000 1378.205866229580 -3990.502163463320 -5336.223771426350 7.26103438980585 2.39461144985752 0.09045773029370
2026-08-13T04:48:00.000 3050.038858027980 -3278.591293993910 -5121.478791434400 6.58630449332355 3.50216891228414 1.68844424279017
2026-08-13T04:52:00.000 4501.350743230000 -2329.666053770120 -4535.430349228250 5.43420512574789 4.35773948222840 3.16593942001605
2026-08-13T04:56:00.000 5626.705722156360 -1212.081774522150 -3620.066971840730 3.88618712778310 4.89898033197920 4.41595944570803
2026-08-13T05:00:00.000 6343.833891981500 -6.596712832562 -2441.357400851090 2.05282136341671 5.08555591954547 5.34688699778628
2026-08-13T05:04:00.000 6599.794180614470 1199.339647046290 -1084.705292831560 0.06656185283147 4.90247841376893 5.88945796606480
2026-08-13T05:08:00.000 6375.148358512570 2317.919678664190 351.133110363836 -1.92758163108224 4.36188306812566 6.00247923635627
2026-08-13T05:12:00.000 5685.679650687360 3267.486137281360 1761.279533546760 -3.78299856835611 3.50262655349392 5.67654310234427
2026-08-13T05:16:00.000 4581.404302889160 3978.664856105560 3042.555676024240 -5.36292853387678 2.38756552347661 4.93517569338136
2026-08-13T05:20:00.000 3142.878989687390 4399.572245920100 4101.226634257900 -6.55128680631994 1.09861248036017 3.83298718362619
2026-08-13T05:24:00.000 1475.145170162090 4499.635376853800 4859.966170296840 -7.26135710135930 -0.26970104100718 2.45118440567064
2026-08-13T05:28:00.000 -300.105861269103 4271.768883668050 5263.510094002700 -7.44190371544971 -1.61742355133244 0.89123414267292
2026-08-13T05:32:00.000 -2053.506275478240 3732.779182914780 5282.614519587830 -7.08048658466878 -2.84660193833675 -0.73287290398963
2026-08-13T05:36:00.000 -3657.423960815890 2922.052714693070 4916.071054228780 -6.20387228931255 -3.86812920648709 -2.30286603725166
2026-08-13T05:40:00.000 -4995.176438767680 1898.664501042980 4190.739828471950 -4.87599574401432 -4.60800009595200 -3.70450588058957
2026-08-13T05:44:00.000 -5969.461411790320 737.106548167163 3159.598333022870 -3.19349498300713 -5.01251365575176 -4.83567752918042
2026-08-13T05:48:00.000 -6509.458349631250 -478.089871006044 1897.927744737890 -1.27912593827144 -5.05228055936369 -5.61380836793172
2026-08-13T05:52:00.000 -6576.070236110840 -1658.528027817890 497.829219897791 0.72716140309306 -4.72470962922314 -5.98222422804201
2026-08-13T05:56:00.000 -6164.809736132340 -2718.454673865370 -938.566735990676 2.67873853967782 -4.05428831335438 -5.91456185018368
2026-08-13T06:00:00.000 -5306.064627935700 -3581.074354121640 -2306.662271947110 4.43347071565956 -3.09067581693701 -5.41673534363724
2026-08-13T06:04:00.000 -4062.706719745660 -4184.145601039560 -3507.107540156820 5.86448809375719 -1.90466455754184 -4.52620569021745
2026-08-13T06:08:00.000 -2525.290001636690 -4484.402171376130 -4453.016674864070 6.86931445365210 -0.58257076603554 -3.30864434254252
2026-08-13T06:12:00.000 -805.320379922880 -4460.518633165190 -5076.138031936750 7.37677802298579 0.78021511540664 -1.85264359360140
2026-08-13T06:16:00.000 972.826158373022 -4114.463158448230 -5331.576752827730 7.35128348818330 2.08609006813087 -0.26308590113985
2026-08-13T06:20:00.000 2680.706844854840 -3471.243111806320 -5200.846025809020 6.79467548466270 3.24171637017689 1.34608377679344
2026-08-13T06:24:00.000 4194.812784626420 -2577.136812457050 -4693.142424487070 5.74601736086185 4.16416084190041 2.85938756090520
2026-08-13T06:28:00.000 5405.267078323870 -1496.510819072240 -3844.791408996050 4.27928423759087 4.78649312356886 4.16750992465220
2026-08-13T06:32:00.000 6223.715613478930 -307.384601965855 -2716.853160751370 2.49893773624015 5.06259224551694 5.17488229023316
2026-08-13T06:36:00.000 6589.896929736690 904.043349963740 -1390.962093659700 0.53333834431544 4.97097417561247 5.80674210404056
2026-08-13T06:40:00.000 6476.346502849680 2049.630486143870 36.441529944436 -1.47426623715360 4.51710393304860 6.01538300403939
2026-08-13T06:44:00.000 5890.698418497240 3045.797052157850 1461.156846785880 -3.37649568399809 3.73336466903062 5.78432215673140
2026-08-13T06:48:00.000 4875.319512137340 3819.772984704000 2778.966859725660 -5.03320185692464 2.67690575757409 5.12995935638525
2026-08-13T06:52:00.000 3504.228997049050 4315.062278949690 3893.447443198330 -6.32249865518510 1.42530458841704 4.10040383177031
2026-08-13T06:56:00.000 1877.546573993130 4495.638053924360 4723.159224430360 -7.15012327899561 0.07042986313911 2.77156026370105
2026-08-13T07:00:00.000 113.997082364980 4348.532068102680 5207.627511048760 -7.45619144623355 -1.28865800828432 1.24108201504861
2026-08-13T07:04:00.000 -1657.866488550050 3884.676778880350 5311.687620988940 -7.21909736948064 -2.55305976520960 -0.37908029829086
2026-08-13T07:08:00.000 -3309.038219208440 3138.009800960560 5027.946388232320 -6.45663478830464 -3.63108624764216 -1.97085228326088
2026-08-13T07:12:00.000 -4719.387534413900 2162.966354981810 4377.242417817030 -5.22451882639970 -4.44461534796211 -3.41842210532907
2026-08-13T07:16:00.000 -5786.336680568980 1030.535919258960 3407.120404388600 -3.61244828663170 -4.93466004382978 -4.61637933041954
2026-08-13T07:20:00.000 -6432.316747639970 -176.876720982354 2188.410473050610 -1.73795063296486 -5.06566946723856 -5.47729849573377
2026-08-13T07:24:00.000 -6610.487538871620 -1371.444184093290 810.076922068336 0.26204909455987 -4.82832270847533 -5.93845686916556
2026-08-13T07:28:00.000 -6308.195659969210 -2466.354245956870 -627.316868253130 2.24132873429823 -4.24038811177877 -5.96655403846779
2026-08-13T07:32:00.000 -5547.890775379760 -3382.216879592140 -2019.047986896920 4.05553285537951 -3.34552479049955 -5.56045590865156
2026-08-13T07:36:00.000 -4385.319476872420 -4052.875601221890 -3263.984554072880 5.57325458124816 -2.20959831574573 -4.75094801349021
2026-08-13T07:40:00.000 -2905.242025111700 -4430.138088243080 -4271.957892966180 6.68556695837547 -0.91546079664338 -3.59793971900842
2026-08-13T07:44:00.000 -1215.091957607840 -4487.112297677010 -4970.194459605930 7.31348458559331 0.44335132748705 -2.18551518279658
2026-08-13T07:48:00.000 562.844528713876 -4219.961455351480 -5308.379232794490 7.41283288247701 1.76936170213661 -0.61562018606509
2026-08-13T07:52:00.000 2300.131310837630 -3648.047356995990 -5262.094848403380 6.97673206342913 2.96780952524649 0.99913142163903
2026-08-13T07:56:00.000 3871.190930632510 -2812.527236921840 -4834.482515507310 6.03576438231405 3.95281776856378 2.54295358543556
2026-08-13T08:00:00.000 5162.125239281270 -1773.523464073060 -4056.089111374490 4.65620200823282 4.65312978992909 3.90453264257322
2026-08-13T08:04:00.000 6078.854149835390 -605.989114703856 -2982.874445054000 2.93608065377566 5.01718775764704 4.98466546888019
2026-08-13T08:08:00.000 6554.044062677110 605.533401969516 -1692.421349677460 0.99904037131099 5.01721924578720 5.70352221212819
2026-08-13T08:12:00.000 6552.284419748080 1772.970691564080 -278.492063074279 -1.01411755913904 4.65184204538266 6.00704943600671
2026-08-13T08:16:00.000 6073.008429773430 2811.176943788620 1155.761365615540 -2.95567504528257 3.94682048818288 5.87167002791227
2026-08-13T08:20:00.000 5150.770964839100 3644.326074038480 2505.454146322670 -4.68264647273976 2.95353615637236 5.30667492440018
2026-08-13T08:24:00.000 3852.735157612740 4211.597523638530 3671.832102676310 -6.06801536936652 1.74482647012257 4.35348749594189
2026-08-13T08:28:00.000 2273.660155677240 4471.680691253410 4569.629823516220 -7.01029024755613 0.40939302382419 3.08235348412587
2026-08-13T08:32:00.000 528.819445466514 4405.784734973210 5133.364634430720 -7.44104455925451 -0.95500644107601 1.58678953816773
2026-08-13T08:36:00.000 -1254.559635723390 4018.927232456520 5322.071915769200 -7.32960029877260 -2.24897024912457 -0.02372006208150
2026-08-13T08:40:00.000 -2946.604246242050 3339.457524067490 5122.178185231340 -6.68464465980222 -3.37860769232599 -1.63175276302245
2026-08-13T08:44:00.000 -4424.190188695130 2416.938858925530 4548.416467193380 -5.55338635452012 -4.26205568648451 -3.12025311219821
2026-08-13T08:48:00.000 -5579.837787872040 1318.549905535130 3642.732715078540 -4.01821634163511 -4.83526959068457 -4.38085019200859
2026-08-13T08:52:00.000 -6329.513002968030 124.226001107778 2471.262458517070 -2.19101511798802 -5.05664040912054 -5.32156628919833
2026-08-13T08:56:00.000 -6618.810398580010 -1079.144172861620 1119.534400909960 -0.20527404455195 -4.91025250417537 -5.87382926422225
2026-08-13T09:00:00.000 -6426.967175964120 -2204.093044999430 -313.817789033620 1.79390135929827 -4.40722028944887 -5.99768110488664
2026-08-13T09:04:00.000 -5768.366227389850 -3169.003532477450 -1724.327728684560 3.66057484412515 -3.58489434256614 -5.68481761126063
2026-08-13T09:08:00.000 -4691.385844653360 -3904.102954515550 -3009.434312199320 5.25925555262955 -2.50393934200482 -4.95925239177749
2026-08-13T09:12:00.000 -3274.638552804560 -4356.494132107220 -4075.996209723530 6.47496586363385 -1.24339102972609 -3.87488332301387
2026-08-13T09:16:00.000 -1621.052086912390 -4493.850524121590 -4846.966162649480 7.22118899082503 0.10546862120798 -2.51101189917604
2026-08-13T09:20:00.000 149.664909325319 -4306.559451344430 -5266.778286934200 7.44531260998812 1.44573816362047 -0.96625206765158
2026-08-13T09:24:00.000 1909.577275409930 -3808.272368232080 -5305.157160867190 7.13169562934443 2.68156153574753 0.64847260426192
2026-08-13T09:28:00.000 3531.523514116370 -3034.873250159080 -4959.180445078320 6.30235590001163 3.72453192940995 2.21742481171260
2026-08-13T09:32:00.000 4898.027092942800 -2041.992756653190 -4253.517239244280 5.01560783054048 4.49942603945364 3.62767870173661
2026-08-13T09:36:00.000 5909.647050723350 -901.196510042239 -3238.835171366190 3.36267539026682 4.94949034719201 4.77677457056775
2026-08-13T09:40:00.000 6492.242231405140 304.992698741600 -1988.393206961090 1.46203520324578 5.04080045164024 5.58009262467948
2026-08-13T09:44:00.000 6602.609589022940 1488.971294417210 -592.945310402233 -0.54846873435340 4.76531962355408 5.97747845294189
2026-08-13T09:48:00.000 6231.966155258340 2564.458848776700 845.795580623869 -2.52167471620382 4.14212317217566 5.93844219567611
2026-08-13T09:52:00.000 5406.845781585450 3452.919832747350 2222.660628264250 -4.31232449511869 3.21631738485982 5.46493464429631
2026-08-13T09:56:00.000 4187.273133183850 4089.469475929720 3436.898884096750 -5.78849822554768 2.05582074945835 4.59160842872136
2026-08-13T10:00:00.000 2662.260937286760 4427.727174283190 4399.730924144350 -6.84205094726412 0.74585410066878 3.38283977827017
2026-08-13T10:04:00.000 943.128747428122 4443.182334487170 5040.891008418500 -7.39633617856718 -0.61770514001279 1.92752973544232
2026-08-13T10:08:00.000 -844.744393677563 4134.905256835530 5313.726277375840 -7.41149687434723 -1.93543197905845 0.33231392035049
2026-08-13T10:12:00.000 -2571.116594753650 3525.528362819710 5198.520590468370 -6.88705160286524 -3.11159396840343 -1.28637240708994
2026-08-13T10:16:00.000 -4110.342828798020 2659.529049745340 4703.832997394930 -5.86149664164159 -4.06094224793656 -2.81071535046456
2026-08-13T10:20:00.000 -5350.438340324640 1599.985933940100 3865.844147264370 -4.40952655696987 -4.71463232768208 -4.12971263711650
2026-08-13T10:24:00.000 -6201.204713059260 424.022804874621 2745.756273175490 -2.63695967146165 -5.02519519802642 -5.14713673544838
2026-08-13T10:28:00.000 -6600.850103714560 -782.785817839202 1425.356725930260 -0.67326193832755 -4.97014579875126 -5.78876166782555
2026-08-13T10:32:00.000 -6520.561028187520 -1932.682739936680 1.022860420593 1.33794769506154 -4.55393385946758 -6.00803716358939
2026-08-13T10:36:00.000 -5966.600839626840 -2942.199240215870 -1423.404967710410 3.24985265369816 -3.80759441501904 -5.78969456515588
2026-08-13T10:40:00.000 -4979.741987139090 -3738.274086899010 -2744.297151804280 4.92349793354155 -2.78624587891069 -5.15071966081498
2026-08-13T10:44:00.000 -3632.109877487200 -4263.548193106670 -3865.842894508000 6.23819740425932 -1.56474641983198 -4.13879399083956
2026-08-13T10:48:00.000 -2021.715023521520 -4480.415270499160 -4706.967982265070 7.10015670195087 -0.23177354869540 -2.82818222467541
2026-08-13T10:52:00.000 -265.220016301555 -4373.553123244180 -5207.035877749630 7.44852306958588 1.11676111376198 -1.31385505815000
2026-08-13T10:56:00.000 1510.436680910440 -3950.860046490870 -5330.012340273790 7.25891546772771 2.38436595925505 0.29533373230880
2026-08-13T11:00:00.000 3176.990779161800 -3242.814893161090 -5066.914821330560 6.54468603141313 3.48040111052021 1.88406772850830
2026-08-13T11:04:00.000 4613.837999796660 -2300.342779904650 -4436.454419399430 5.35599494182146 4.32606669300003 3.33816337413784
2026-08-13T11:08:00.000 5716.559443280740 -1191.323349883300 -3483.841648746590 3.77691211801145 4.85971009144662 4.55224064008118
2026-08-13T11:12:00.000 6404.497998532090 4.100916268820 -2277.770179239560 1.92032746202085 5.04148739672135 5.43720382105449
2026-08-13T11:16:00.000 6626.824587098410 1199.198732587130 -905.668359760594 -0.07950366400311 4.85677253693950 5.92707201549300
2026-08-13T11:20:00.000 6366.564532960660 2306.946025247510 532.543083187756 -2.07645769671303 4.31788005596399 5.98450676986106
2026-08-13T11:24:00.000 5642.130513640920 3246.488664197970 1931.794513214700 -3.92370433553464 3.46362655079174 5.60428957602034
2026-08-13T11:28:00.000 4506.107320309820 3949.203591594210 3189.710867460390 -5.48515789940654 2.35647637483445 4.81397217491475
2026-08-13T11:32:00.000 3041.372655926940 4363.838396942950 4214.282090839820 -6.64614091343464 1.07775644235308 3.67178618446197
2026-08-13T11:36:00.000 1354.862710872730 4460.285582550330 4930.696932830340 -7.32204469017244 -0.27880377033841 2.26185167078089
2026-08-13T11:40:00.000 -430.402753004799 4231.707690207000 5286.788778857080 -7.46417323909609 -1.61424158538441 0.68752674308950
2026-08-13T11:44:00.000 -2184.345480284920 3694.927734499320 5256.744487009990 -7.06269238078492 -2.83149580698234 -0.93625024493723
2026-08-13T11:48:00.000 -3779.274554766540 2889.150301528460 4842.911530662920 -6.14720157545845 -3.84224685331625 -2.49116750949034
2026-08-13T11:52:00.000 -5099.132907077300 1873.086701312950 4075.584116241400 -4.78444204304894 -4.57320358216267 -3.86401785370328
2026-08-13T11:56:00.000 -6047.900641672510 720.709487916879 3010.812927796920 -3.07370935194917 -4.97126603881300 -4.95468632500676
2026-08-13T12:00:00.000 -6556.619342281010 -484.107988722956 1726.349375250150 -1.13986570214788 -5.00755950773604 -5.68356715688214
